2025-11-25 07:01:27 [172.21.0.1][-][-][error][yii\web\HttpException:404] yii\web\NotFoundHttpException: Page not found. in /var/www/html/vendor/yiisoft/yii2/web/Request.php:331
Stack trace:
#0 /var/www/html/vendor/yiisoft/yii2/web/Application.php(82): yii\web\Request->resolve()
#1 /var/www/html/vendor/yiisoft/yii2/base/Application.php(387): yii\web\Application->handleRequest(Object(yii\web\Request))
#2 /var/www/html/api/web/index.php(15): yii\base\Application->run()
#3 {main}
2025-11-25 07:01:26 [172.21.0.1][-][-][info][application] $_GET = []

$_POST = []

$_FILES = []

$_COOKIE = [
    '_identity' => 'c9d587cb0271a088ea197add5e42d86406c7b25fbdd162324ebf2087c39fba2ea:2:{i:0;s:9:\"_identity\";i:1;s:46:\"[1,\"ZTvuKPCaORTycV__A6yDLz26H2TIxu2t\",2592000]\";}'
    'pma_lang' => 'en'
    'phpMyAdmin' => '4f069de82a7333ebb3decbf0f2015d84'
]

$_SERVER = [
    'HTTP_HOST' => 'localhost:8080'
    'HTTP_CONNECTION' => 'keep-alive'
    'HTTP_CACHE_CONTROL' => 'max-age=0'
    'HTTP_SEC_CH_UA' => '\"Chromium\";v=\"142\", \"Google Chrome\";v=\"142\", \"Not_A Brand\";v=\"99\"'
    'HTTP_SEC_CH_UA_MOBILE' => '?0'
    'HTTP_SEC_CH_UA_PLATFORM' => '\"Windows\"'
    'HTTP_UPGRADE_INSECURE_REQUESTS' => '1'
    'HTTP_USER_AGENT' => 'Mozilla/5.0 (Windows NT 10.0; Win64; x64) AppleWebKit/537.36 (KHTML, like Gecko) Chrome/142.0.0.0 Safari/537.36'
    'HTTP_ACCEPT' => 'text/html,application/xhtml+xml,application/xml;q=0.9,image/avif,image/webp,image/apng,*/*;q=0.8,application/signed-exchange;v=b3;q=0.7'
    'HTTP_SEC_FETCH_SITE' => 'none'
    'HTTP_SEC_FETCH_MODE' => 'navigate'
    'HTTP_SEC_FETCH_USER' => '?1'
    'HTTP_SEC_FETCH_DEST' => 'document'
    'HTTP_ACCEPT_ENCODING' => 'gzip, deflate, br, zstd'
    'HTTP_ACCEPT_LANGUAGE' => 'en-US,en;q=0.9'
    'HTTP_COOKIE' => '_identity=c9d587cb0271a088ea197add5e42d86406c7b25fbdd162324ebf2087c39fba2ea%3A2%3A%7Bi%3A0%3Bs%3A9%3A%22_identity%22%3Bi%3A1%3Bs%3A46%3A%22%5B1%2C%22ZTvuKPCaORTycV__A6yDLz26H2TIxu2t%22%2C2592000%5D%22%3B%7D; pma_lang=en; phpMyAdmin=4f069de82a7333ebb3decbf0f2015d84'
    'PATH' => '/usr/local/sbin:/usr/local/bin:/usr/sbin:/usr/bin:/sbin:/bin'
    'SERVER_SIGNATURE' => '<address>Apache/2.4.65 (Debian) Server at localhost Port 8080</address>
'
    'SERVER_SOFTWARE' => 'Apache/2.4.65 (Debian)'
    'SERVER_NAME' => 'localhost'
    'SERVER_ADDR' => '172.21.0.3'
    'SERVER_PORT' => '8080'
    'REMOTE_ADDR' => '172.21.0.1'
    'DOCUMENT_ROOT' => '/var/www/html/api/web'
    'REQUEST_SCHEME' => 'http'
    'CONTEXT_PREFIX' => ''
    'CONTEXT_DOCUMENT_ROOT' => '/var/www/html/api/web'
    'SERVER_ADMIN' => '[no address given]'
    'SCRIPT_FILENAME' => '/var/www/html/api/web/index.php'
    'REMOTE_PORT' => '57042'
    'GATEWAY_INTERFACE' => 'CGI/1.1'
    'SERVER_PROTOCOL' => 'HTTP/1.1'
    'REQUEST_METHOD' => 'GET'
    'QUERY_STRING' => ''
    'REQUEST_URI' => '/'
    'SCRIPT_NAME' => '/index.php'
    'PHP_SELF' => '/index.php'
    'REQUEST_TIME_FLOAT' => 1764054086.441
    'REQUEST_TIME' => 1764054086
    'argv' => []
    'argc' => 0
]
2025-11-25 07:01:58 [172.21.0.1][-][-][error][yii\web\HttpException:404] yii\web\NotFoundHttpException: Page not found. in /var/www/html/vendor/yiisoft/yii2/web/Request.php:331
Stack trace:
#0 /var/www/html/vendor/yiisoft/yii2/web/Application.php(82): yii\web\Request->resolve()
#1 /var/www/html/vendor/yiisoft/yii2/base/Application.php(387): yii\web\Application->handleRequest(Object(yii\web\Request))
#2 /var/www/html/api/web/index.php(15): yii\base\Application->run()
#3 {main}
2025-11-25 07:01:58 [172.21.0.1][-][-][info][application] $_GET = []

$_POST = []

$_FILES = []

$_COOKIE = [
    '_identity' => 'c9d587cb0271a088ea197add5e42d86406c7b25fbdd162324ebf2087c39fba2ea:2:{i:0;s:9:\"_identity\";i:1;s:46:\"[1,\"ZTvuKPCaORTycV__A6yDLz26H2TIxu2t\",2592000]\";}'
    'pma_lang' => 'en'
    'phpMyAdmin' => '4f069de82a7333ebb3decbf0f2015d84'
]

$_SERVER = [
    'REDIRECT_STATUS' => '200'
    'HTTP_HOST' => 'localhost:8080'
    'HTTP_CONNECTION' => 'keep-alive'
    'HTTP_SEC_CH_UA' => '\"Chromium\";v=\"142\", \"Google Chrome\";v=\"142\", \"Not_A Brand\";v=\"99\"'
    'HTTP_SEC_CH_UA_MOBILE' => '?0'
    'HTTP_SEC_CH_UA_PLATFORM' => '\"Windows\"'
    'HTTP_UPGRADE_INSECURE_REQUESTS' => '1'
    'HTTP_USER_AGENT' => 'Mozilla/5.0 (Windows NT 10.0; Win64; x64) AppleWebKit/537.36 (KHTML, like Gecko) Chrome/142.0.0.0 Safari/537.36'
    'HTTP_ACCEPT' => 'text/html,application/xhtml+xml,application/xml;q=0.9,image/avif,image/webp,image/apng,*/*;q=0.8,application/signed-exchange;v=b3;q=0.7'
    'HTTP_SEC_FETCH_SITE' => 'none'
    'HTTP_SEC_FETCH_MODE' => 'navigate'
    'HTTP_SEC_FETCH_USER' => '?1'
    'HTTP_SEC_FETCH_DEST' => 'document'
    'HTTP_ACCEPT_ENCODING' => 'gzip, deflate, br, zstd'
    'HTTP_ACCEPT_LANGUAGE' => 'en-US,en;q=0.9'
    'HTTP_COOKIE' => '_identity=c9d587cb0271a088ea197add5e42d86406c7b25fbdd162324ebf2087c39fba2ea%3A2%3A%7Bi%3A0%3Bs%3A9%3A%22_identity%22%3Bi%3A1%3Bs%3A46%3A%22%5B1%2C%22ZTvuKPCaORTycV__A6yDLz26H2TIxu2t%22%2C2592000%5D%22%3B%7D; pma_lang=en; phpMyAdmin=4f069de82a7333ebb3decbf0f2015d84'
    'PATH' => '/usr/local/sbin:/usr/local/bin:/usr/sbin:/usr/bin:/sbin:/bin'
    'SERVER_SIGNATURE' => '<address>Apache/2.4.65 (Debian) Server at localhost Port 8080</address>
'
    'SERVER_SOFTWARE' => 'Apache/2.4.65 (Debian)'
    'SERVER_NAME' => 'localhost'
    'SERVER_ADDR' => '172.21.0.3'
    'SERVER_PORT' => '8080'
    'REMOTE_ADDR' => '172.21.0.1'
    'DOCUMENT_ROOT' => '/var/www/html/api/web'
    'REQUEST_SCHEME' => 'http'
    'CONTEXT_PREFIX' => ''
    'CONTEXT_DOCUMENT_ROOT' => '/var/www/html/api/web'
    'SERVER_ADMIN' => '[no address given]'
    'SCRIPT_FILENAME' => '/var/www/html/api/web/index.php'
    'REMOTE_PORT' => '57056'
    'REDIRECT_URL' => '/api/web'
    'GATEWAY_INTERFACE' => 'CGI/1.1'
    'SERVER_PROTOCOL' => 'HTTP/1.1'
    'REQUEST_METHOD' => 'GET'
    'QUERY_STRING' => ''
    'REQUEST_URI' => '/api/web'
    'SCRIPT_NAME' => '/index.php'
    'PHP_SELF' => '/index.php'
    'REQUEST_TIME_FLOAT' => 1764054118.0236
    'REQUEST_TIME' => 1764054118
    'argv' => []
    'argc' => 0
]
2025-11-25 07:02:03 [172.21.0.1][-][-][error][yii\web\HttpException:404] yii\web\NotFoundHttpException: Page not found. in /var/www/html/vendor/yiisoft/yii2/web/Request.php:331
Stack trace:
#0 /var/www/html/vendor/yiisoft/yii2/web/Application.php(82): yii\web\Request->resolve()
#1 /var/www/html/vendor/yiisoft/yii2/base/Application.php(387): yii\web\Application->handleRequest(Object(yii\web\Request))
#2 /var/www/html/api/web/index.php(15): yii\base\Application->run()
#3 {main}
2025-11-25 07:02:03 [172.21.0.1][-][-][info][application] $_GET = []

$_POST = []

$_FILES = []

$_COOKIE = [
    '_identity' => 'c9d587cb0271a088ea197add5e42d86406c7b25fbdd162324ebf2087c39fba2ea:2:{i:0;s:9:\"_identity\";i:1;s:46:\"[1,\"ZTvuKPCaORTycV__A6yDLz26H2TIxu2t\",2592000]\";}'
    'pma_lang' => 'en'
    'phpMyAdmin' => '4f069de82a7333ebb3decbf0f2015d84'
]

$_SERVER = [
    'REDIRECT_STATUS' => '200'
    'HTTP_HOST' => 'localhost:8080'
    'HTTP_CONNECTION' => 'keep-alive'
    'HTTP_CACHE_CONTROL' => 'max-age=0'
    'HTTP_SEC_CH_UA' => '\"Chromium\";v=\"142\", \"Google Chrome\";v=\"142\", \"Not_A Brand\";v=\"99\"'
    'HTTP_SEC_CH_UA_MOBILE' => '?0'
    'HTTP_SEC_CH_UA_PLATFORM' => '\"Windows\"'
    'HTTP_UPGRADE_INSECURE_REQUESTS' => '1'
    'HTTP_USER_AGENT' => 'Mozilla/5.0 (Windows NT 10.0; Win64; x64) AppleWebKit/537.36 (KHTML, like Gecko) Chrome/142.0.0.0 Safari/537.36'
    'HTTP_ACCEPT' => 'text/html,application/xhtml+xml,application/xml;q=0.9,image/avif,image/webp,image/apng,*/*;q=0.8,application/signed-exchange;v=b3;q=0.7'
    'HTTP_SEC_FETCH_SITE' => 'none'
    'HTTP_SEC_FETCH_MODE' => 'navigate'
    'HTTP_SEC_FETCH_USER' => '?1'
    'HTTP_SEC_FETCH_DEST' => 'document'
    'HTTP_ACCEPT_ENCODING' => 'gzip, deflate, br, zstd'
    'HTTP_ACCEPT_LANGUAGE' => 'en-US,en;q=0.9'
    'HTTP_COOKIE' => '_identity=c9d587cb0271a088ea197add5e42d86406c7b25fbdd162324ebf2087c39fba2ea%3A2%3A%7Bi%3A0%3Bs%3A9%3A%22_identity%22%3Bi%3A1%3Bs%3A46%3A%22%5B1%2C%22ZTvuKPCaORTycV__A6yDLz26H2TIxu2t%22%2C2592000%5D%22%3B%7D; pma_lang=en; phpMyAdmin=4f069de82a7333ebb3decbf0f2015d84'
    'PATH' => '/usr/local/sbin:/usr/local/bin:/usr/sbin:/usr/bin:/sbin:/bin'
    'SERVER_SIGNATURE' => '<address>Apache/2.4.65 (Debian) Server at localhost Port 8080</address>
'
    'SERVER_SOFTWARE' => 'Apache/2.4.65 (Debian)'
    'SERVER_NAME' => 'localhost'
    'SERVER_ADDR' => '172.21.0.3'
    'SERVER_PORT' => '8080'
    'REMOTE_ADDR' => '172.21.0.1'
    'DOCUMENT_ROOT' => '/var/www/html/api/web'
    'REQUEST_SCHEME' => 'http'
    'CONTEXT_PREFIX' => ''
    'CONTEXT_DOCUMENT_ROOT' => '/var/www/html/api/web'
    'SERVER_ADMIN' => '[no address given]'
    'SCRIPT_FILENAME' => '/var/www/html/api/web/index.php'
    'REMOTE_PORT' => '57056'
    'REDIRECT_URL' => '/api/web'
    'GATEWAY_INTERFACE' => 'CGI/1.1'
    'SERVER_PROTOCOL' => 'HTTP/1.1'
    'REQUEST_METHOD' => 'GET'
    'QUERY_STRING' => ''
    'REQUEST_URI' => '/api/web'
    'SCRIPT_NAME' => '/index.php'
    'PHP_SELF' => '/index.php'
    'REQUEST_TIME_FLOAT' => 1764054123.1233
    'REQUEST_TIME' => 1764054123
    'argv' => []
    'argc' => 0
]
2025-11-25 07:02:21 [172.21.0.1][-][-][error][yii\web\HttpException:404] yii\web\NotFoundHttpException: Page not found. in /var/www/html/vendor/yiisoft/yii2/web/Request.php:331
Stack trace:
#0 /var/www/html/vendor/yiisoft/yii2/web/Application.php(82): yii\web\Request->resolve()
#1 /var/www/html/vendor/yiisoft/yii2/base/Application.php(387): yii\web\Application->handleRequest(Object(yii\web\Request))
#2 /var/www/html/api/web/index.php(15): yii\base\Application->run()
#3 {main}
2025-11-25 07:02:21 [172.21.0.1][-][-][info][application] $_GET = []

$_POST = []

$_FILES = []

$_COOKIE = [
    '_identity' => 'c9d587cb0271a088ea197add5e42d86406c7b25fbdd162324ebf2087c39fba2ea:2:{i:0;s:9:\"_identity\";i:1;s:46:\"[1,\"ZTvuKPCaORTycV__A6yDLz26H2TIxu2t\",2592000]\";}'
    'pma_lang' => 'en'
    'phpMyAdmin' => '4f069de82a7333ebb3decbf0f2015d84'
]

$_SERVER = [
    'HTTP_HOST' => 'localhost:8080'
    'HTTP_CONNECTION' => 'keep-alive'
    'HTTP_SEC_CH_UA' => '\"Chromium\";v=\"142\", \"Google Chrome\";v=\"142\", \"Not_A Brand\";v=\"99\"'
    'HTTP_SEC_CH_UA_MOBILE' => '?0'
    'HTTP_SEC_CH_UA_PLATFORM' => '\"Windows\"'
    'HTTP_UPGRADE_INSECURE_REQUESTS' => '1'
    'HTTP_USER_AGENT' => 'Mozilla/5.0 (Windows NT 10.0; Win64; x64) AppleWebKit/537.36 (KHTML, like Gecko) Chrome/142.0.0.0 Safari/537.36'
    'HTTP_ACCEPT' => 'text/html,application/xhtml+xml,application/xml;q=0.9,image/avif,image/webp,image/apng,*/*;q=0.8,application/signed-exchange;v=b3;q=0.7'
    'HTTP_SEC_FETCH_SITE' => 'none'
    'HTTP_SEC_FETCH_MODE' => 'navigate'
    'HTTP_SEC_FETCH_USER' => '?1'
    'HTTP_SEC_FETCH_DEST' => 'document'
    'HTTP_ACCEPT_ENCODING' => 'gzip, deflate, br, zstd'
    'HTTP_ACCEPT_LANGUAGE' => 'en-US,en;q=0.9'
    'HTTP_COOKIE' => '_identity=c9d587cb0271a088ea197add5e42d86406c7b25fbdd162324ebf2087c39fba2ea%3A2%3A%7Bi%3A0%3Bs%3A9%3A%22_identity%22%3Bi%3A1%3Bs%3A46%3A%22%5B1%2C%22ZTvuKPCaORTycV__A6yDLz26H2TIxu2t%22%2C2592000%5D%22%3B%7D; pma_lang=en; phpMyAdmin=4f069de82a7333ebb3decbf0f2015d84'
    'PATH' => '/usr/local/sbin:/usr/local/bin:/usr/sbin:/usr/bin:/sbin:/bin'
    'SERVER_SIGNATURE' => '<address>Apache/2.4.65 (Debian) Server at localhost Port 8080</address>
'
    'SERVER_SOFTWARE' => 'Apache/2.4.65 (Debian)'
    'SERVER_NAME' => 'localhost'
    'SERVER_ADDR' => '172.21.0.3'
    'SERVER_PORT' => '8080'
    'REMOTE_ADDR' => '172.21.0.1'
    'DOCUMENT_ROOT' => '/var/www/html/api/web'
    'REQUEST_SCHEME' => 'http'
    'CONTEXT_PREFIX' => ''
    'CONTEXT_DOCUMENT_ROOT' => '/var/www/html/api/web'
    'SERVER_ADMIN' => '[no address given]'
    'SCRIPT_FILENAME' => '/var/www/html/api/web/index.php'
    'REMOTE_PORT' => '59624'
    'GATEWAY_INTERFACE' => 'CGI/1.1'
    'SERVER_PROTOCOL' => 'HTTP/1.1'
    'REQUEST_METHOD' => 'GET'
    'QUERY_STRING' => ''
    'REQUEST_URI' => '/'
    'SCRIPT_NAME' => '/index.php'
    'PHP_SELF' => '/index.php'
    'REQUEST_TIME_FLOAT' => 1764054141.249
    'REQUEST_TIME' => 1764054141
    'argv' => []
    'argc' => 0
]
2025-11-25 07:03:01 [172.21.0.1][-][-][error][yii\web\HttpException:404] yii\web\NotFoundHttpException: Page not found. in /var/www/html/vendor/yiisoft/yii2/web/Request.php:331
Stack trace:
#0 /var/www/html/vendor/yiisoft/yii2/web/Application.php(82): yii\web\Request->resolve()
#1 /var/www/html/vendor/yiisoft/yii2/base/Application.php(387): yii\web\Application->handleRequest(Object(yii\web\Request))
#2 /var/www/html/api/web/index.php(15): yii\base\Application->run()
#3 {main}
2025-11-25 07:03:01 [172.21.0.1][-][-][info][application] $_GET = []

$_POST = []

$_FILES = []

$_COOKIE = [
    '_identity' => 'c9d587cb0271a088ea197add5e42d86406c7b25fbdd162324ebf2087c39fba2ea:2:{i:0;s:9:\"_identity\";i:1;s:46:\"[1,\"ZTvuKPCaORTycV__A6yDLz26H2TIxu2t\",2592000]\";}'
    'pma_lang' => 'en'
    'phpMyAdmin' => '4f069de82a7333ebb3decbf0f2015d84'
]

$_SERVER = [
    'REDIRECT_STATUS' => '200'
    'HTTP_HOST' => 'localhost:8080'
    'HTTP_CONNECTION' => 'keep-alive'
    'HTTP_SEC_CH_UA' => '\"Chromium\";v=\"142\", \"Google Chrome\";v=\"142\", \"Not_A Brand\";v=\"99\"'
    'HTTP_SEC_CH_UA_MOBILE' => '?0'
    'HTTP_SEC_CH_UA_PLATFORM' => '\"Windows\"'
    'HTTP_UPGRADE_INSECURE_REQUESTS' => '1'
    'HTTP_USER_AGENT' => 'Mozilla/5.0 (Windows NT 10.0; Win64; x64) AppleWebKit/537.36 (KHTML, like Gecko) Chrome/142.0.0.0 Safari/537.36'
    'HTTP_ACCEPT' => 'text/html,application/xhtml+xml,application/xml;q=0.9,image/avif,image/webp,image/apng,*/*;q=0.8,application/signed-exchange;v=b3;q=0.7'
    'HTTP_SEC_FETCH_SITE' => 'none'
    'HTTP_SEC_FETCH_MODE' => 'navigate'
    'HTTP_SEC_FETCH_USER' => '?1'
    'HTTP_SEC_FETCH_DEST' => 'document'
    'HTTP_ACCEPT_ENCODING' => 'gzip, deflate, br, zstd'
    'HTTP_ACCEPT_LANGUAGE' => 'en-US,en;q=0.9'
    'HTTP_COOKIE' => '_identity=c9d587cb0271a088ea197add5e42d86406c7b25fbdd162324ebf2087c39fba2ea%3A2%3A%7Bi%3A0%3Bs%3A9%3A%22_identity%22%3Bi%3A1%3Bs%3A46%3A%22%5B1%2C%22ZTvuKPCaORTycV__A6yDLz26H2TIxu2t%22%2C2592000%5D%22%3B%7D; pma_lang=en; phpMyAdmin=4f069de82a7333ebb3decbf0f2015d84'
    'PATH' => '/usr/local/sbin:/usr/local/bin:/usr/sbin:/usr/bin:/sbin:/bin'
    'SERVER_SIGNATURE' => '<address>Apache/2.4.65 (Debian) Server at localhost Port 8080</address>
'
    'SERVER_SOFTWARE' => 'Apache/2.4.65 (Debian)'
    'SERVER_NAME' => 'localhost'
    'SERVER_ADDR' => '172.21.0.3'
    'SERVER_PORT' => '8080'
    'REMOTE_ADDR' => '172.21.0.1'
    'DOCUMENT_ROOT' => '/var/www/html/api/web'
    'REQUEST_SCHEME' => 'http'
    'CONTEXT_PREFIX' => ''
    'CONTEXT_DOCUMENT_ROOT' => '/var/www/html/api/web'
    'SERVER_ADMIN' => '[no address given]'
    'SCRIPT_FILENAME' => '/var/www/html/api/web/index.php'
    'REMOTE_PORT' => '50978'
    'REDIRECT_URL' => '/auth/login'
    'GATEWAY_INTERFACE' => 'CGI/1.1'
    'SERVER_PROTOCOL' => 'HTTP/1.1'
    'REQUEST_METHOD' => 'GET'
    'QUERY_STRING' => ''
    'REQUEST_URI' => '/auth/login'
    'SCRIPT_NAME' => '/index.php'
    'PHP_SELF' => '/index.php'
    'REQUEST_TIME_FLOAT' => 1764054181.1299
    'REQUEST_TIME' => 1764054181
    'argv' => []
    'argc' => 0
]
2025-11-25 08:10:50 [::1][-][-][error][yii\base\UnknownClassException] yii\base\UnknownClassException: Unable to find 'app\controllers\AuthController' in file: C:\masa-bg\backend\api/controllers/AuthController.php. Namespace missing? in C:\masa-bg\backend\vendor\yiisoft\yii2\BaseYii.php:299
Stack trace:
#0 [internal function]: yii\BaseYii::autoload('app\\controllers...')
#1 C:\masa-bg\backend\vendor\yiisoft\yii2\base\Module.php(664): class_exists('app\\controllers...')
#2 C:\masa-bg\backend\vendor\yiisoft\yii2\base\Module.php(623): yii\base\Module->createControllerByID('auth')
#3 C:\masa-bg\backend\vendor\yiisoft\yii2\base\Module.php(549): yii\base\Module->createController('login')
#4 C:\masa-bg\backend\vendor\yiisoft\yii2\web\Application.php(103): yii\base\Module->runAction('auth/login', Array)
#5 C:\masa-bg\backend\vendor\yiisoft\yii2\base\Application.php(387): yii\web\Application->handleRequest(Object(yii\web\Request))
#6 C:\masa-bg\backend\api\web\index.php(15): yii\base\Application->run()
#7 {main}
2025-11-25 08:10:50 [::1][-][-][info][application] $_GET = []

$_POST = []

$_FILES = []

$_COOKIE = []

$_SERVER = [
    'DOCUMENT_ROOT' => 'C:\\masa-bg\\backend\\api\\web'
    'REMOTE_ADDR' => '::1'
    'REMOTE_PORT' => '55964'
    'SERVER_SOFTWARE' => 'PHP 8.2.12 Development Server'
    'SERVER_PROTOCOL' => 'HTTP/1.1'
    'SERVER_NAME' => 'localhost'
    'SERVER_PORT' => '8082'
    'REQUEST_URI' => '/auth/login'
    'REQUEST_METHOD' => 'POST'
    'SCRIPT_NAME' => '/index.php'
    'SCRIPT_FILENAME' => 'C:\\masa-bg\\backend\\api\\web\\index.php'
    'PATH_INFO' => '/auth/login'
    'PHP_SELF' => '/index.php/auth/login'
    'HTTP_HOST' => 'localhost:8082'
    'HTTP_USER_AGENT' => 'curl/8.16.0'
    'HTTP_ACCEPT' => '*/*'
    'CONTENT_TYPE' => 'application/json'
    'HTTP_CONTENT_TYPE' => 'application/json'
    'CONTENT_LENGTH' => '42'
    'HTTP_CONTENT_LENGTH' => '42'
    'REQUEST_TIME_FLOAT' => 1764054650.1145
    'REQUEST_TIME' => 1764054650
]
2025-11-25 08:11:30 [::1][-][-][error][yii\web\HttpException:404] yii\base\InvalidRouteException: Unable to resolve the request "auth/login". in C:\masa-bg\backend\vendor\yiisoft\yii2\base\Module.php:564
Stack trace:
#0 C:\masa-bg\backend\vendor\yiisoft\yii2\web\Application.php(103): yii\base\Module->runAction('auth/login', Array)
#1 C:\masa-bg\backend\vendor\yiisoft\yii2\base\Application.php(387): yii\web\Application->handleRequest(Object(yii\web\Request))
#2 C:\masa-bg\backend\api\web\index.php(15): yii\base\Application->run()
#3 {main}

Next yii\web\NotFoundHttpException: Page not found. in C:\masa-bg\backend\vendor\yiisoft\yii2\web\Application.php:115
Stack trace:
#0 C:\masa-bg\backend\vendor\yiisoft\yii2\base\Application.php(387): yii\web\Application->handleRequest(Object(yii\web\Request))
#1 C:\masa-bg\backend\api\web\index.php(15): yii\base\Application->run()
#2 {main}
2025-11-25 08:11:30 [::1][-][-][info][application] $_GET = []

$_POST = []

$_FILES = []

$_COOKIE = []

$_SERVER = [
    'DOCUMENT_ROOT' => 'C:\\masa-bg\\backend\\api\\web'
    'REMOTE_ADDR' => '::1'
    'REMOTE_PORT' => '50562'
    'SERVER_SOFTWARE' => 'PHP 8.2.12 Development Server'
    'SERVER_PROTOCOL' => 'HTTP/1.1'
    'SERVER_NAME' => 'localhost'
    'SERVER_PORT' => '8082'
    'REQUEST_URI' => '/auth/login'
    'REQUEST_METHOD' => 'POST'
    'SCRIPT_NAME' => '/index.php'
    'SCRIPT_FILENAME' => 'C:\\masa-bg\\backend\\api\\web\\index.php'
    'PATH_INFO' => '/auth/login'
    'PHP_SELF' => '/index.php/auth/login'
    'HTTP_HOST' => 'localhost:8082'
    'HTTP_USER_AGENT' => 'curl/8.16.0'
    'HTTP_ACCEPT' => '*/*'
    'CONTENT_TYPE' => 'application/json'
    'HTTP_CONTENT_TYPE' => 'application/json'
    'CONTENT_LENGTH' => '42'
    'HTTP_CONTENT_LENGTH' => '42'
    'REQUEST_TIME_FLOAT' => 1764054690.1556
    'REQUEST_TIME' => 1764054690
]
2025-11-25 07:11:48 [172.21.0.1][-][-][error][yii\web\HttpException:404] yii\base\InvalidRouteException: Unable to resolve the request "auth/login". in /var/www/html/vendor/yiisoft/yii2/base/Module.php:564
Stack trace:
#0 /var/www/html/vendor/yiisoft/yii2/web/Application.php(103): yii\base\Module->runAction('auth/login', Array)
#1 /var/www/html/vendor/yiisoft/yii2/base/Application.php(387): yii\web\Application->handleRequest(Object(yii\web\Request))
#2 /var/www/html/api/web/index.php(15): yii\base\Application->run()
#3 {main}

Next yii\web\NotFoundHttpException: Page not found. in /var/www/html/vendor/yiisoft/yii2/web/Application.php:115
Stack trace:
#0 /var/www/html/vendor/yiisoft/yii2/base/Application.php(387): yii\web\Application->handleRequest(Object(yii\web\Request))
#1 /var/www/html/api/web/index.php(15): yii\base\Application->run()
#2 {main}
2025-11-25 07:11:47 [172.21.0.1][-][-][info][application] $_GET = []

$_POST = []

$_FILES = []

$_COOKIE = []

$_SERVER = [
    'REDIRECT_STATUS' => '200'
    'HTTP_HOST' => 'localhost:8080'
    'HTTP_USER_AGENT' => 'curl/8.16.0'
    'HTTP_ACCEPT' => '*/*'
    'CONTENT_TYPE' => 'application/json'
    'CONTENT_LENGTH' => '42'
    'PATH' => '/usr/local/sbin:/usr/local/bin:/usr/sbin:/usr/bin:/sbin:/bin'
    'SERVER_SIGNATURE' => '<address>Apache/2.4.65 (Debian) Server at localhost Port 8080</address>
'
    'SERVER_SOFTWARE' => 'Apache/2.4.65 (Debian)'
    'SERVER_NAME' => 'localhost'
    'SERVER_ADDR' => '172.21.0.3'
    'SERVER_PORT' => '8080'
    'REMOTE_ADDR' => '172.21.0.1'
    'DOCUMENT_ROOT' => '/var/www/html/api/web'
    'REQUEST_SCHEME' => 'http'
    'CONTEXT_PREFIX' => ''
    'CONTEXT_DOCUMENT_ROOT' => '/var/www/html/api/web'
    'SERVER_ADMIN' => '[no address given]'
    'SCRIPT_FILENAME' => '/var/www/html/api/web/index.php'
    'REMOTE_PORT' => '60680'
    'REDIRECT_URL' => '/auth/login'
    'GATEWAY_INTERFACE' => 'CGI/1.1'
    'SERVER_PROTOCOL' => 'HTTP/1.1'
    'REQUEST_METHOD' => 'POST'
    'QUERY_STRING' => ''
    'REQUEST_URI' => '/auth/login'
    'SCRIPT_NAME' => '/index.php'
    'PHP_SELF' => '/index.php'
    'REQUEST_TIME_FLOAT' => 1764054707.5985
    'REQUEST_TIME' => 1764054707
    'argv' => []
    'argc' => 0
]
2025-11-25 07:12:20 [172.21.0.1][-][-][error][yii\web\HttpException:404] yii\web\NotFoundHttpException: Page not found. in /var/www/html/vendor/yiisoft/yii2/web/Request.php:331
Stack trace:
#0 /var/www/html/vendor/yiisoft/yii2/web/Application.php(82): yii\web\Request->resolve()
#1 /var/www/html/vendor/yiisoft/yii2/base/Application.php(387): yii\web\Application->handleRequest(Object(yii\web\Request))
#2 /var/www/html/api/web/index.php(15): yii\base\Application->run()
#3 {main}
2025-11-25 07:12:20 [172.21.0.1][-][-][info][application] $_GET = []

$_POST = []

$_FILES = []

$_COOKIE = [
    '_identity' => 'c9d587cb0271a088ea197add5e42d86406c7b25fbdd162324ebf2087c39fba2ea:2:{i:0;s:9:\"_identity\";i:1;s:46:\"[1,\"ZTvuKPCaORTycV__A6yDLz26H2TIxu2t\",2592000]\";}'
    'pma_lang' => 'en'
    'phpMyAdmin' => '4f069de82a7333ebb3decbf0f2015d84'
]

$_SERVER = [
    'REDIRECT_STATUS' => '200'
    'HTTP_HOST' => 'localhost:8080'
    'HTTP_CONNECTION' => 'keep-alive'
    'HTTP_CACHE_CONTROL' => 'max-age=0'
    'HTTP_SEC_CH_UA' => '\"Chromium\";v=\"142\", \"Google Chrome\";v=\"142\", \"Not_A Brand\";v=\"99\"'
    'HTTP_SEC_CH_UA_MOBILE' => '?0'
    'HTTP_SEC_CH_UA_PLATFORM' => '\"Windows\"'
    'HTTP_UPGRADE_INSECURE_REQUESTS' => '1'
    'HTTP_USER_AGENT' => 'Mozilla/5.0 (Windows NT 10.0; Win64; x64) AppleWebKit/537.36 (KHTML, like Gecko) Chrome/142.0.0.0 Safari/537.36'
    'HTTP_ACCEPT' => 'text/html,application/xhtml+xml,application/xml;q=0.9,image/avif,image/webp,image/apng,*/*;q=0.8,application/signed-exchange;v=b3;q=0.7'
    'HTTP_SEC_FETCH_SITE' => 'none'
    'HTTP_SEC_FETCH_MODE' => 'navigate'
    'HTTP_SEC_FETCH_USER' => '?1'
    'HTTP_SEC_FETCH_DEST' => 'document'
    'HTTP_ACCEPT_ENCODING' => 'gzip, deflate, br, zstd'
    'HTTP_ACCEPT_LANGUAGE' => 'en-US,en;q=0.9'
    'HTTP_COOKIE' => '_identity=c9d587cb0271a088ea197add5e42d86406c7b25fbdd162324ebf2087c39fba2ea%3A2%3A%7Bi%3A0%3Bs%3A9%3A%22_identity%22%3Bi%3A1%3Bs%3A46%3A%22%5B1%2C%22ZTvuKPCaORTycV__A6yDLz26H2TIxu2t%22%2C2592000%5D%22%3B%7D; pma_lang=en; phpMyAdmin=4f069de82a7333ebb3decbf0f2015d84'
    'PATH' => '/usr/local/sbin:/usr/local/bin:/usr/sbin:/usr/bin:/sbin:/bin'
    'SERVER_SIGNATURE' => '<address>Apache/2.4.65 (Debian) Server at localhost Port 8080</address>
'
    'SERVER_SOFTWARE' => 'Apache/2.4.65 (Debian)'
    'SERVER_NAME' => 'localhost'
    'SERVER_ADDR' => '172.21.0.3'
    'SERVER_PORT' => '8080'
    'REMOTE_ADDR' => '172.21.0.1'
    'DOCUMENT_ROOT' => '/var/www/html/api/web'
    'REQUEST_SCHEME' => 'http'
    'CONTEXT_PREFIX' => ''
    'CONTEXT_DOCUMENT_ROOT' => '/var/www/html/api/web'
    'SERVER_ADMIN' => '[no address given]'
    'SCRIPT_FILENAME' => '/var/www/html/api/web/index.php'
    'REMOTE_PORT' => '50680'
    'REDIRECT_URL' => '/auth/login'
    'GATEWAY_INTERFACE' => 'CGI/1.1'
    'SERVER_PROTOCOL' => 'HTTP/1.1'
    'REQUEST_METHOD' => 'GET'
    'QUERY_STRING' => ''
    'REQUEST_URI' => '/auth/login'
    'SCRIPT_NAME' => '/index.php'
    'PHP_SELF' => '/index.php'
    'REQUEST_TIME_FLOAT' => 1764054740.2568
    'REQUEST_TIME' => 1764054740
    'argv' => []
    'argc' => 0
]
2025-11-25 07:17:09 [172.21.0.1][-][-][error][yii\web\HttpException:404] yii\web\NotFoundHttpException: Page not found. in /var/www/html/vendor/yiisoft/yii2/web/Request.php:331
Stack trace:
#0 /var/www/html/vendor/yiisoft/yii2/web/Application.php(82): yii\web\Request->resolve()
#1 /var/www/html/vendor/yiisoft/yii2/base/Application.php(387): yii\web\Application->handleRequest(Object(yii\web\Request))
#2 /var/www/html/api/web/index.php(15): yii\base\Application->run()
#3 {main}
2025-11-25 07:17:08 [172.21.0.1][-][-][info][application] $_GET = []

$_POST = []

$_FILES = []

$_COOKIE = []

$_SERVER = [
    'HTTP_HOST' => 'localhost:8080'
    'HTTP_USER_AGENT' => 'curl/8.16.0'
    'HTTP_ACCEPT' => '*/*'
    'PATH' => '/usr/local/sbin:/usr/local/bin:/usr/sbin:/usr/bin:/sbin:/bin'
    'SERVER_SIGNATURE' => '<address>Apache/2.4.65 (Debian) Server at localhost Port 8080</address>
'
    'SERVER_SOFTWARE' => 'Apache/2.4.65 (Debian)'
    'SERVER_NAME' => 'localhost'
    'SERVER_ADDR' => '172.21.0.4'
    'SERVER_PORT' => '8080'
    'REMOTE_ADDR' => '172.21.0.1'
    'DOCUMENT_ROOT' => '/var/www/html/api/web'
    'REQUEST_SCHEME' => 'http'
    'CONTEXT_PREFIX' => ''
    'CONTEXT_DOCUMENT_ROOT' => '/var/www/html/api/web'
    'SERVER_ADMIN' => '[no address given]'
    'SCRIPT_FILENAME' => '/var/www/html/api/web/index.php'
    'REMOTE_PORT' => '60368'
    'GATEWAY_INTERFACE' => 'CGI/1.1'
    'SERVER_PROTOCOL' => 'HTTP/1.1'
    'REQUEST_METHOD' => 'GET'
    'QUERY_STRING' => ''
    'REQUEST_URI' => '/'
    'SCRIPT_NAME' => '/index.php'
    'PHP_SELF' => '/index.php'
    'REQUEST_TIME_FLOAT' => 1764055028.4811
    'REQUEST_TIME' => 1764055028
    'argv' => []
    'argc' => 0
]
2025-11-25 07:17:51 [172.21.0.1][-][-][error][yii\web\HttpException:404] yii\web\NotFoundHttpException: Page not found. in /var/www/html/vendor/yiisoft/yii2/web/Request.php:331
Stack trace:
#0 /var/www/html/vendor/yiisoft/yii2/web/Application.php(82): yii\web\Request->resolve()
#1 /var/www/html/vendor/yiisoft/yii2/base/Application.php(387): yii\web\Application->handleRequest(Object(yii\web\Request))
#2 /var/www/html/api/web/index.php(15): yii\base\Application->run()
#3 {main}
2025-11-25 07:17:51 [172.21.0.1][-][-][info][application] $_GET = []

$_POST = []

$_FILES = []

$_COOKIE = [
    '_identity' => 'c9d587cb0271a088ea197add5e42d86406c7b25fbdd162324ebf2087c39fba2ea:2:{i:0;s:9:\"_identity\";i:1;s:46:\"[1,\"ZTvuKPCaORTycV__A6yDLz26H2TIxu2t\",2592000]\";}'
]

$_SERVER = [
    'REDIRECT_STATUS' => '200'
    'HTTP_HOST' => 'localhost:8080'
    'HTTP_CONNECTION' => 'keep-alive'
    'HTTP_CACHE_CONTROL' => 'max-age=0'
    'HTTP_SEC_CH_UA' => '\"Chromium\";v=\"142\", \"Google Chrome\";v=\"142\", \"Not_A Brand\";v=\"99\"'
    'HTTP_SEC_CH_UA_MOBILE' => '?0'
    'HTTP_SEC_CH_UA_PLATFORM' => '\"Windows\"'
    'HTTP_UPGRADE_INSECURE_REQUESTS' => '1'
    'HTTP_USER_AGENT' => 'Mozilla/5.0 (Windows NT 10.0; Win64; x64) AppleWebKit/537.36 (KHTML, like Gecko) Chrome/142.0.0.0 Safari/537.36'
    'HTTP_ACCEPT' => 'text/html,application/xhtml+xml,application/xml;q=0.9,image/avif,image/webp,image/apng,*/*;q=0.8,application/signed-exchange;v=b3;q=0.7'
    'HTTP_SEC_FETCH_SITE' => 'cross-site'
    'HTTP_SEC_FETCH_MODE' => 'navigate'
    'HTTP_SEC_FETCH_DEST' => 'document'
    'HTTP_ACCEPT_ENCODING' => 'gzip, deflate, br, zstd'
    'HTTP_ACCEPT_LANGUAGE' => 'en-US,en;q=0.9'
    'HTTP_COOKIE' => '_identity=c9d587cb0271a088ea197add5e42d86406c7b25fbdd162324ebf2087c39fba2ea%3A2%3A%7Bi%3A0%3Bs%3A9%3A%22_identity%22%3Bi%3A1%3Bs%3A46%3A%22%5B1%2C%22ZTvuKPCaORTycV__A6yDLz26H2TIxu2t%22%2C2592000%5D%22%3B%7D'
    'PATH' => '/usr/local/sbin:/usr/local/bin:/usr/sbin:/usr/bin:/sbin:/bin'
    'SERVER_SIGNATURE' => '<address>Apache/2.4.65 (Debian) Server at localhost Port 8080</address>
'
    'SERVER_SOFTWARE' => 'Apache/2.4.65 (Debian)'
    'SERVER_NAME' => 'localhost'
    'SERVER_ADDR' => '172.21.0.4'
    'SERVER_PORT' => '8080'
    'REMOTE_ADDR' => '172.21.0.1'
    'DOCUMENT_ROOT' => '/var/www/html/api/web'
    'REQUEST_SCHEME' => 'http'
    'CONTEXT_PREFIX' => ''
    'CONTEXT_DOCUMENT_ROOT' => '/var/www/html/api/web'
    'SERVER_ADMIN' => '[no address given]'
    'SCRIPT_FILENAME' => '/var/www/html/api/web/index.php'
    'REMOTE_PORT' => '60288'
    'REDIRECT_URL' => '/api/web'
    'GATEWAY_INTERFACE' => 'CGI/1.1'
    'SERVER_PROTOCOL' => 'HTTP/1.1'
    'REQUEST_METHOD' => 'GET'
    'QUERY_STRING' => ''
    'REQUEST_URI' => '/api/web'
    'SCRIPT_NAME' => '/index.php'
    'PHP_SELF' => '/index.php'
    'REQUEST_TIME_FLOAT' => 1764055071.479
    'REQUEST_TIME' => 1764055071
    'argv' => []
    'argc' => 0
]
2025-11-25 07:20:32 [172.21.0.1][-][-][error][yii\web\HttpException:404] yii\base\InvalidRouteException: Unable to resolve the request "auth/login". in /var/www/html/vendor/yiisoft/yii2/base/Module.php:564
Stack trace:
#0 /var/www/html/vendor/yiisoft/yii2/web/Application.php(103): yii\base\Module->runAction('auth/login', Array)
#1 /var/www/html/vendor/yiisoft/yii2/base/Application.php(387): yii\web\Application->handleRequest(Object(yii\web\Request))
#2 /var/www/html/api/web/index.php(15): yii\base\Application->run()
#3 {main}

Next yii\web\NotFoundHttpException: Page not found. in /var/www/html/vendor/yiisoft/yii2/web/Application.php:115
Stack trace:
#0 /var/www/html/vendor/yiisoft/yii2/base/Application.php(387): yii\web\Application->handleRequest(Object(yii\web\Request))
#1 /var/www/html/api/web/index.php(15): yii\base\Application->run()
#2 {main}
2025-11-25 07:20:32 [172.21.0.1][-][-][info][application] $_GET = []

$_POST = []

$_FILES = []

$_COOKIE = []

$_SERVER = [
    'REDIRECT_STATUS' => '200'
    'HTTP_HOST' => 'localhost:8080'
    'HTTP_USER_AGENT' => 'curl/8.16.0'
    'HTTP_ACCEPT' => '*/*'
    'CONTENT_TYPE' => 'application/json'
    'CONTENT_LENGTH' => '42'
    'PATH' => '/usr/local/sbin:/usr/local/bin:/usr/sbin:/usr/bin:/sbin:/bin'
    'SERVER_SIGNATURE' => '<address>Apache/2.4.65 (Debian) Server at localhost Port 8080</address>
'
    'SERVER_SOFTWARE' => 'Apache/2.4.65 (Debian)'
    'SERVER_NAME' => 'localhost'
    'SERVER_ADDR' => '172.21.0.4'
    'SERVER_PORT' => '8080'
    'REMOTE_ADDR' => '172.21.0.1'
    'DOCUMENT_ROOT' => '/var/www/html/api/web'
    'REQUEST_SCHEME' => 'http'
    'CONTEXT_PREFIX' => ''
    'CONTEXT_DOCUMENT_ROOT' => '/var/www/html/api/web'
    'SERVER_ADMIN' => '[no address given]'
    'SCRIPT_FILENAME' => '/var/www/html/api/web/index.php'
    'REMOTE_PORT' => '43736'
    'REDIRECT_URL' => '/auth/login'
    'GATEWAY_INTERFACE' => 'CGI/1.1'
    'SERVER_PROTOCOL' => 'HTTP/1.1'
    'REQUEST_METHOD' => 'POST'
    'QUERY_STRING' => ''
    'REQUEST_URI' => '/auth/login'
    'SCRIPT_NAME' => '/index.php'
    'PHP_SELF' => '/index.php'
    'REQUEST_TIME_FLOAT' => 1764055231.9544
    'REQUEST_TIME' => 1764055231
    'argv' => []
    'argc' => 0
]
2025-11-25 07:27:50 [172.21.0.1][-][-][error][yii\web\HttpException:404] yii\base\InvalidRouteException: Unable to resolve the request "auth/login". in /var/www/html/vendor/yiisoft/yii2/base/Module.php:564
Stack trace:
#0 /var/www/html/vendor/yiisoft/yii2/web/Application.php(103): yii\base\Module->runAction('auth/login', Array)
#1 /var/www/html/vendor/yiisoft/yii2/base/Application.php(387): yii\web\Application->handleRequest(Object(yii\web\Request))
#2 /var/www/html/api/web/index.php(15): yii\base\Application->run()
#3 {main}

Next yii\web\NotFoundHttpException: Page not found. in /var/www/html/vendor/yiisoft/yii2/web/Application.php:115
Stack trace:
#0 /var/www/html/vendor/yiisoft/yii2/base/Application.php(387): yii\web\Application->handleRequest(Object(yii\web\Request))
#1 /var/www/html/api/web/index.php(15): yii\base\Application->run()
#2 {main}
2025-11-25 07:27:50 [172.21.0.1][-][-][info][application] $_GET = []

$_POST = []

$_FILES = []

$_COOKIE = []

$_SERVER = [
    'REDIRECT_STATUS' => '200'
    'HTTP_HOST' => 'localhost:8080'
    'HTTP_USER_AGENT' => 'curl/8.16.0'
    'HTTP_ACCEPT' => '*/*'
    'CONTENT_TYPE' => 'application/json'
    'CONTENT_LENGTH' => '42'
    'PATH' => '/usr/local/sbin:/usr/local/bin:/usr/sbin:/usr/bin:/sbin:/bin'
    'SERVER_SIGNATURE' => '<address>Apache/2.4.65 (Debian) Server at localhost Port 8080</address>
'
    'SERVER_SOFTWARE' => 'Apache/2.4.65 (Debian)'
    'SERVER_NAME' => 'localhost'
    'SERVER_ADDR' => '172.21.0.4'
    'SERVER_PORT' => '8080'
    'REMOTE_ADDR' => '172.21.0.1'
    'DOCUMENT_ROOT' => '/var/www/html/api/web'
    'REQUEST_SCHEME' => 'http'
    'CONTEXT_PREFIX' => ''
    'CONTEXT_DOCUMENT_ROOT' => '/var/www/html/api/web'
    'SERVER_ADMIN' => '[no address given]'
    'SCRIPT_FILENAME' => '/var/www/html/api/web/index.php'
    'REMOTE_PORT' => '49964'
    'REDIRECT_URL' => '/auth/login'
    'GATEWAY_INTERFACE' => 'CGI/1.1'
    'SERVER_PROTOCOL' => 'HTTP/1.1'
    'REQUEST_METHOD' => 'POST'
    'QUERY_STRING' => ''
    'REQUEST_URI' => '/auth/login'
    'SCRIPT_NAME' => '/index.php'
    'PHP_SELF' => '/index.php'
    'REQUEST_TIME_FLOAT' => 1764055669.9969
    'REQUEST_TIME' => 1764055669
    'argv' => []
    'argc' => 0
]
2025-11-25 07:28:04 [172.21.0.1][-][-][error][yii\web\HttpException:404] yii\web\NotFoundHttpException: Page not found. in /var/www/html/vendor/yiisoft/yii2/web/Request.php:331
Stack trace:
#0 /var/www/html/vendor/yiisoft/yii2/web/Application.php(82): yii\web\Request->resolve()
#1 /var/www/html/vendor/yiisoft/yii2/base/Application.php(387): yii\web\Application->handleRequest(Object(yii\web\Request))
#2 /var/www/html/api/web/index.php(15): yii\base\Application->run()
#3 {main}
2025-11-25 07:28:03 [172.21.0.1][-][-][info][application] $_GET = []

$_POST = []

$_FILES = []

$_COOKIE = []

$_SERVER = [
    'HTTP_HOST' => 'localhost:8080'
    'HTTP_USER_AGENT' => 'curl/8.16.0'
    'HTTP_ACCEPT' => '*/*'
    'PATH' => '/usr/local/sbin:/usr/local/bin:/usr/sbin:/usr/bin:/sbin:/bin'
    'SERVER_SIGNATURE' => '<address>Apache/2.4.65 (Debian) Server at localhost Port 8080</address>
'
    'SERVER_SOFTWARE' => 'Apache/2.4.65 (Debian)'
    'SERVER_NAME' => 'localhost'
    'SERVER_ADDR' => '172.21.0.4'
    'SERVER_PORT' => '8080'
    'REMOTE_ADDR' => '172.21.0.1'
    'DOCUMENT_ROOT' => '/var/www/html/api/web'
    'REQUEST_SCHEME' => 'http'
    'CONTEXT_PREFIX' => ''
    'CONTEXT_DOCUMENT_ROOT' => '/var/www/html/api/web'
    'SERVER_ADMIN' => '[no address given]'
    'SCRIPT_FILENAME' => '/var/www/html/api/web/index.php'
    'REMOTE_PORT' => '52680'
    'GATEWAY_INTERFACE' => 'CGI/1.1'
    'SERVER_PROTOCOL' => 'HTTP/1.1'
    'REQUEST_METHOD' => 'GET'
    'QUERY_STRING' => ''
    'REQUEST_URI' => '/index.php'
    'SCRIPT_NAME' => '/index.php'
    'PHP_SELF' => '/index.php'
    'REQUEST_TIME_FLOAT' => 1764055683.7115
    'REQUEST_TIME' => 1764055683
    'argv' => []
    'argc' => 0
]
2025-11-25 07:28:19 [172.21.0.1][-][-][error][yii\web\HttpException:404] yii\web\NotFoundHttpException: Page not found. in /var/www/html/vendor/yiisoft/yii2/web/Request.php:331
Stack trace:
#0 /var/www/html/vendor/yiisoft/yii2/web/Application.php(82): yii\web\Request->resolve()
#1 /var/www/html/vendor/yiisoft/yii2/base/Application.php(387): yii\web\Application->handleRequest(Object(yii\web\Request))
#2 /var/www/html/api/web/index.php(15): yii\base\Application->run()
#3 {main}
2025-11-25 07:28:19 [172.21.0.1][-][-][info][application] $_GET = [
    'r' => 'auth/login'
]

$_POST = []

$_FILES = []

$_COOKIE = []

$_SERVER = [
    'HTTP_HOST' => 'localhost:8080'
    'HTTP_USER_AGENT' => 'curl/8.16.0'
    'HTTP_ACCEPT' => '*/*'
    'CONTENT_TYPE' => 'application/json'
    'CONTENT_LENGTH' => '42'
    'PATH' => '/usr/local/sbin:/usr/local/bin:/usr/sbin:/usr/bin:/sbin:/bin'
    'SERVER_SIGNATURE' => '<address>Apache/2.4.65 (Debian) Server at localhost Port 8080</address>
'
    'SERVER_SOFTWARE' => 'Apache/2.4.65 (Debian)'
    'SERVER_NAME' => 'localhost'
    'SERVER_ADDR' => '172.21.0.4'
    'SERVER_PORT' => '8080'
    'REMOTE_ADDR' => '172.21.0.1'
    'DOCUMENT_ROOT' => '/var/www/html/api/web'
    'REQUEST_SCHEME' => 'http'
    'CONTEXT_PREFIX' => ''
    'CONTEXT_DOCUMENT_ROOT' => '/var/www/html/api/web'
    'SERVER_ADMIN' => '[no address given]'
    'SCRIPT_FILENAME' => '/var/www/html/api/web/index.php'
    'REMOTE_PORT' => '57690'
    'GATEWAY_INTERFACE' => 'CGI/1.1'
    'SERVER_PROTOCOL' => 'HTTP/1.1'
    'REQUEST_METHOD' => 'POST'
    'QUERY_STRING' => 'r=auth/login'
    'REQUEST_URI' => '/index.php?r=auth/login'
    'SCRIPT_NAME' => '/index.php'
    'PHP_SELF' => '/index.php'
    'REQUEST_TIME_FLOAT' => 1764055699.3483
    'REQUEST_TIME' => 1764055699
    'argv' => [
        0 => 'r=auth/login'
    ]
    'argc' => 1
]
2025-11-25 07:28:37 [172.21.0.1][-][-][error][yii\web\HttpException:404] yii\base\InvalidRouteException: Unable to resolve the request "auth/login". in /var/www/html/vendor/yiisoft/yii2/base/Module.php:564
Stack trace:
#0 /var/www/html/vendor/yiisoft/yii2/web/Application.php(103): yii\base\Module->runAction('auth/login', Array)
#1 /var/www/html/vendor/yiisoft/yii2/base/Application.php(387): yii\web\Application->handleRequest(Object(yii\web\Request))
#2 /var/www/html/api/web/index.php(15): yii\base\Application->run()
#3 {main}

Next yii\web\NotFoundHttpException: Page not found. in /var/www/html/vendor/yiisoft/yii2/web/Application.php:115
Stack trace:
#0 /var/www/html/vendor/yiisoft/yii2/base/Application.php(387): yii\web\Application->handleRequest(Object(yii\web\Request))
#1 /var/www/html/api/web/index.php(15): yii\base\Application->run()
#2 {main}
2025-11-25 07:28:37 [172.21.0.1][-][-][info][application] $_GET = []

$_POST = []

$_FILES = []

$_COOKIE = []

$_SERVER = [
    'REDIRECT_STATUS' => '200'
    'HTTP_HOST' => 'localhost:8080'
    'HTTP_USER_AGENT' => 'curl/8.16.0'
    'HTTP_ACCEPT' => '*/*'
    'CONTENT_TYPE' => 'application/json'
    'CONTENT_LENGTH' => '42'
    'PATH' => '/usr/local/sbin:/usr/local/bin:/usr/sbin:/usr/bin:/sbin:/bin'
    'SERVER_SIGNATURE' => '<address>Apache/2.4.65 (Debian) Server at localhost Port 8080</address>
'
    'SERVER_SOFTWARE' => 'Apache/2.4.65 (Debian)'
    'SERVER_NAME' => 'localhost'
    'SERVER_ADDR' => '172.21.0.4'
    'SERVER_PORT' => '8080'
    'REMOTE_ADDR' => '172.21.0.1'
    'DOCUMENT_ROOT' => '/var/www/html/api/web'
    'REQUEST_SCHEME' => 'http'
    'CONTEXT_PREFIX' => ''
    'CONTEXT_DOCUMENT_ROOT' => '/var/www/html/api/web'
    'SERVER_ADMIN' => '[no address given]'
    'SCRIPT_FILENAME' => '/var/www/html/api/web/index.php'
    'REMOTE_PORT' => '56438'
    'REDIRECT_URL' => '/auth/login'
    'GATEWAY_INTERFACE' => 'CGI/1.1'
    'SERVER_PROTOCOL' => 'HTTP/1.1'
    'REQUEST_METHOD' => 'POST'
    'QUERY_STRING' => ''
    'REQUEST_URI' => '/auth/login'
    'SCRIPT_NAME' => '/index.php'
    'PHP_SELF' => '/index.php'
    'REQUEST_TIME_FLOAT' => 1764055716.5562
    'REQUEST_TIME' => 1764055716
    'argv' => []
    'argc' => 0
]
2025-11-25 07:29:55 [172.21.0.1][-][-][error][yii\web\HttpException:404] yii\base\InvalidRouteException: Unable to resolve the request "api/web". in /var/www/html/vendor/yiisoft/yii2/base/Module.php:564
Stack trace:
#0 /var/www/html/vendor/yiisoft/yii2/web/Application.php(103): yii\base\Module->runAction('api/web', Array)
#1 /var/www/html/vendor/yiisoft/yii2/base/Application.php(387): yii\web\Application->handleRequest(Object(yii\web\Request))
#2 /var/www/html/api/web/index.php(15): yii\base\Application->run()
#3 {main}

Next yii\web\NotFoundHttpException: Page not found. in /var/www/html/vendor/yiisoft/yii2/web/Application.php:115
Stack trace:
#0 /var/www/html/vendor/yiisoft/yii2/base/Application.php(387): yii\web\Application->handleRequest(Object(yii\web\Request))
#1 /var/www/html/api/web/index.php(15): yii\base\Application->run()
#2 {main}
2025-11-25 07:29:55 [172.21.0.1][-][-][info][application] $_GET = []

$_POST = []

$_FILES = []

$_COOKIE = [
    '_identity' => 'c9d587cb0271a088ea197add5e42d86406c7b25fbdd162324ebf2087c39fba2ea:2:{i:0;s:9:\"_identity\";i:1;s:46:\"[1,\"ZTvuKPCaORTycV__A6yDLz26H2TIxu2t\",2592000]\";}'
]

$_SERVER = [
    'REDIRECT_STATUS' => '200'
    'HTTP_HOST' => 'localhost:8080'
    'HTTP_CONNECTION' => 'keep-alive'
    'HTTP_CACHE_CONTROL' => 'max-age=0'
    'HTTP_SEC_CH_UA' => '\"Chromium\";v=\"142\", \"Google Chrome\";v=\"142\", \"Not_A Brand\";v=\"99\"'
    'HTTP_SEC_CH_UA_MOBILE' => '?0'
    'HTTP_SEC_CH_UA_PLATFORM' => '\"Windows\"'
    'HTTP_UPGRADE_INSECURE_REQUESTS' => '1'
    'HTTP_USER_AGENT' => 'Mozilla/5.0 (Windows NT 10.0; Win64; x64) AppleWebKit/537.36 (KHTML, like Gecko) Chrome/142.0.0.0 Safari/537.36'
    'HTTP_ACCEPT' => 'text/html,application/xhtml+xml,application/xml;q=0.9,image/avif,image/webp,image/apng,*/*;q=0.8,application/signed-exchange;v=b3;q=0.7'
    'HTTP_SEC_FETCH_SITE' => 'cross-site'
    'HTTP_SEC_FETCH_MODE' => 'navigate'
    'HTTP_SEC_FETCH_USER' => '?1'
    'HTTP_SEC_FETCH_DEST' => 'document'
    'HTTP_ACCEPT_ENCODING' => 'gzip, deflate, br, zstd'
    'HTTP_ACCEPT_LANGUAGE' => 'en-US,en;q=0.9'
    'HTTP_COOKIE' => '_identity=c9d587cb0271a088ea197add5e42d86406c7b25fbdd162324ebf2087c39fba2ea%3A2%3A%7Bi%3A0%3Bs%3A9%3A%22_identity%22%3Bi%3A1%3Bs%3A46%3A%22%5B1%2C%22ZTvuKPCaORTycV__A6yDLz26H2TIxu2t%22%2C2592000%5D%22%3B%7D'
    'PATH' => '/usr/local/sbin:/usr/local/bin:/usr/sbin:/usr/bin:/sbin:/bin'
    'SERVER_SIGNATURE' => '<address>Apache/2.4.65 (Debian) Server at localhost Port 8080</address>
'
    'SERVER_SOFTWARE' => 'Apache/2.4.65 (Debian)'
    'SERVER_NAME' => 'localhost'
    'SERVER_ADDR' => '172.21.0.4'
    'SERVER_PORT' => '8080'
    'REMOTE_ADDR' => '172.21.0.1'
    'DOCUMENT_ROOT' => '/var/www/html/api/web'
    'REQUEST_SCHEME' => 'http'
    'CONTEXT_PREFIX' => ''
    'CONTEXT_DOCUMENT_ROOT' => '/var/www/html/api/web'
    'SERVER_ADMIN' => '[no address given]'
    'SCRIPT_FILENAME' => '/var/www/html/api/web/index.php'
    'REMOTE_PORT' => '37706'
    'REDIRECT_URL' => '/api/web'
    'GATEWAY_INTERFACE' => 'CGI/1.1'
    'SERVER_PROTOCOL' => 'HTTP/1.1'
    'REQUEST_METHOD' => 'GET'
    'QUERY_STRING' => ''
    'REQUEST_URI' => '/api/web'
    'SCRIPT_NAME' => '/index.php'
    'PHP_SELF' => '/index.php'
    'REQUEST_TIME_FLOAT' => 1764055795.2977
    'REQUEST_TIME' => 1764055795
    'argv' => []
    'argc' => 0
]
2025-11-25 07:33:07 [172.21.0.1][-][-][error][yii\web\HttpException:404] yii\base\InvalidRouteException: Unable to resolve the request "api/web". in /var/www/html/vendor/yiisoft/yii2/base/Module.php:564
Stack trace:
#0 /var/www/html/vendor/yiisoft/yii2/web/Application.php(103): yii\base\Module->runAction('api/web', Array)
#1 /var/www/html/vendor/yiisoft/yii2/base/Application.php(387): yii\web\Application->handleRequest(Object(yii\web\Request))
#2 /var/www/html/api/web/index.php(15): yii\base\Application->run()
#3 {main}

Next yii\web\NotFoundHttpException: Page not found. in /var/www/html/vendor/yiisoft/yii2/web/Application.php:115
Stack trace:
#0 /var/www/html/vendor/yiisoft/yii2/base/Application.php(387): yii\web\Application->handleRequest(Object(yii\web\Request))
#1 /var/www/html/api/web/index.php(15): yii\base\Application->run()
#2 {main}
2025-11-25 07:33:07 [172.21.0.1][-][-][info][application] $_GET = []

$_POST = []

$_FILES = []

$_COOKIE = [
    '_identity' => 'c9d587cb0271a088ea197add5e42d86406c7b25fbdd162324ebf2087c39fba2ea:2:{i:0;s:9:\"_identity\";i:1;s:46:\"[1,\"ZTvuKPCaORTycV__A6yDLz26H2TIxu2t\",2592000]\";}'
]

$_SERVER = [
    'REDIRECT_STATUS' => '200'
    'HTTP_HOST' => 'localhost:8080'
    'HTTP_CONNECTION' => 'keep-alive'
    'HTTP_CACHE_CONTROL' => 'max-age=0'
    'HTTP_SEC_CH_UA' => '\"Chromium\";v=\"142\", \"Google Chrome\";v=\"142\", \"Not_A Brand\";v=\"99\"'
    'HTTP_SEC_CH_UA_MOBILE' => '?0'
    'HTTP_SEC_CH_UA_PLATFORM' => '\"Windows\"'
    'HTTP_UPGRADE_INSECURE_REQUESTS' => '1'
    'HTTP_USER_AGENT' => 'Mozilla/5.0 (Windows NT 10.0; Win64; x64) AppleWebKit/537.36 (KHTML, like Gecko) Chrome/142.0.0.0 Safari/537.36'
    'HTTP_ACCEPT' => 'text/html,application/xhtml+xml,application/xml;q=0.9,image/avif,image/webp,image/apng,*/*;q=0.8,application/signed-exchange;v=b3;q=0.7'
    'HTTP_SEC_FETCH_SITE' => 'cross-site'
    'HTTP_SEC_FETCH_MODE' => 'navigate'
    'HTTP_SEC_FETCH_USER' => '?1'
    'HTTP_SEC_FETCH_DEST' => 'document'
    'HTTP_ACCEPT_ENCODING' => 'gzip, deflate, br, zstd'
    'HTTP_ACCEPT_LANGUAGE' => 'en-US,en;q=0.9'
    'HTTP_COOKIE' => '_identity=c9d587cb0271a088ea197add5e42d86406c7b25fbdd162324ebf2087c39fba2ea%3A2%3A%7Bi%3A0%3Bs%3A9%3A%22_identity%22%3Bi%3A1%3Bs%3A46%3A%22%5B1%2C%22ZTvuKPCaORTycV__A6yDLz26H2TIxu2t%22%2C2592000%5D%22%3B%7D'
    'PATH' => '/usr/local/sbin:/usr/local/bin:/usr/sbin:/usr/bin:/sbin:/bin'
    'SERVER_SIGNATURE' => '<address>Apache/2.4.65 (Debian) Server at localhost Port 8080</address>
'
    'SERVER_SOFTWARE' => 'Apache/2.4.65 (Debian)'
    'SERVER_NAME' => 'localhost'
    'SERVER_ADDR' => '172.21.0.4'
    'SERVER_PORT' => '8080'
    'REMOTE_ADDR' => '172.21.0.1'
    'DOCUMENT_ROOT' => '/var/www/html/api/web'
    'REQUEST_SCHEME' => 'http'
    'CONTEXT_PREFIX' => ''
    'CONTEXT_DOCUMENT_ROOT' => '/var/www/html/api/web'
    'SERVER_ADMIN' => '[no address given]'
    'SCRIPT_FILENAME' => '/var/www/html/api/web/index.php'
    'REMOTE_PORT' => '53454'
    'REDIRECT_URL' => '/api/web'
    'GATEWAY_INTERFACE' => 'CGI/1.1'
    'SERVER_PROTOCOL' => 'HTTP/1.1'
    'REQUEST_METHOD' => 'GET'
    'QUERY_STRING' => ''
    'REQUEST_URI' => '/api/web'
    'SCRIPT_NAME' => '/index.php'
    'PHP_SELF' => '/index.php'
    'REQUEST_TIME_FLOAT' => 1764055987.0444
    'REQUEST_TIME' => 1764055987
    'argv' => []
    'argc' => 0
]
2025-11-25 07:33:11 [172.21.0.1][-][-][error][yii\web\HttpException:404] yii\base\InvalidRouteException: Unable to resolve the request "auth/login". in /var/www/html/vendor/yiisoft/yii2/base/Module.php:564
Stack trace:
#0 /var/www/html/vendor/yiisoft/yii2/web/Application.php(103): yii\base\Module->runAction('auth/login', Array)
#1 /var/www/html/vendor/yiisoft/yii2/base/Application.php(387): yii\web\Application->handleRequest(Object(yii\web\Request))
#2 /var/www/html/api/web/index.php(15): yii\base\Application->run()
#3 {main}

Next yii\web\NotFoundHttpException: Page not found. in /var/www/html/vendor/yiisoft/yii2/web/Application.php:115
Stack trace:
#0 /var/www/html/vendor/yiisoft/yii2/base/Application.php(387): yii\web\Application->handleRequest(Object(yii\web\Request))
#1 /var/www/html/api/web/index.php(15): yii\base\Application->run()
#2 {main}
2025-11-25 07:33:11 [172.21.0.1][-][-][info][application] $_GET = []

$_POST = []

$_FILES = []

$_COOKIE = []

$_SERVER = [
    'REDIRECT_STATUS' => '200'
    'HTTP_USER_AGENT' => 'Mozilla/5.0 (Windows NT; Windows NT 10.0; en-US) WindowsPowerShell/5.1.26100.7019'
    'CONTENT_TYPE' => 'application/json'
    'HTTP_HOST' => 'localhost:8080'
    'CONTENT_LENGTH' => '50'
    'HTTP_EXPECT' => '100-continue'
    'HTTP_CONNECTION' => 'Keep-Alive'
    'PATH' => '/usr/local/sbin:/usr/local/bin:/usr/sbin:/usr/bin:/sbin:/bin'
    'SERVER_SIGNATURE' => '<address>Apache/2.4.65 (Debian) Server at localhost Port 8080</address>
'
    'SERVER_SOFTWARE' => 'Apache/2.4.65 (Debian)'
    'SERVER_NAME' => 'localhost'
    'SERVER_ADDR' => '172.21.0.4'
    'SERVER_PORT' => '8080'
    'REMOTE_ADDR' => '172.21.0.1'
    'DOCUMENT_ROOT' => '/var/www/html/api/web'
    'REQUEST_SCHEME' => 'http'
    'CONTEXT_PREFIX' => ''
    'CONTEXT_DOCUMENT_ROOT' => '/var/www/html/api/web'
    'SERVER_ADMIN' => '[no address given]'
    'SCRIPT_FILENAME' => '/var/www/html/api/web/index.php'
    'REMOTE_PORT' => '42304'
    'REDIRECT_URL' => '/auth/login'
    'GATEWAY_INTERFACE' => 'CGI/1.1'
    'SERVER_PROTOCOL' => 'HTTP/1.1'
    'REQUEST_METHOD' => 'POST'
    'QUERY_STRING' => ''
    'REQUEST_URI' => '/auth/login'
    'SCRIPT_NAME' => '/index.php'
    'PHP_SELF' => '/index.php'
    'REQUEST_TIME_FLOAT' => 1764055991.22
    'REQUEST_TIME' => 1764055991
    'argv' => []
    'argc' => 0
]
2025-11-25 07:35:34 [172.21.0.1][-][-][error][yii\web\HttpException:404] yii\base\InvalidRouteException: Unable to resolve the request "auth/login". in /var/www/html/vendor/yiisoft/yii2/base/Module.php:564
Stack trace:
#0 /var/www/html/vendor/yiisoft/yii2/web/Application.php(103): yii\base\Module->runAction('auth/login', Array)
#1 /var/www/html/vendor/yiisoft/yii2/base/Application.php(387): yii\web\Application->handleRequest(Object(yii\web\Request))
#2 /var/www/html/api/web/index.php(15): yii\base\Application->run()
#3 {main}

Next yii\web\NotFoundHttpException: Page not found. in /var/www/html/vendor/yiisoft/yii2/web/Application.php:115
Stack trace:
#0 /var/www/html/vendor/yiisoft/yii2/base/Application.php(387): yii\web\Application->handleRequest(Object(yii\web\Request))
#1 /var/www/html/api/web/index.php(15): yii\base\Application->run()
#2 {main}
2025-11-25 07:35:33 [172.21.0.1][-][-][info][application] $_GET = []

$_POST = []

$_FILES = []

$_COOKIE = []

$_SERVER = [
    'REDIRECT_STATUS' => '200'
    'HTTP_USER_AGENT' => 'Mozilla/5.0 (Windows NT; Windows NT 10.0; en-US) WindowsPowerShell/5.1.26100.7019'
    'CONTENT_TYPE' => 'application/json'
    'HTTP_HOST' => 'localhost:8080'
    'CONTENT_LENGTH' => '50'
    'HTTP_EXPECT' => '100-continue'
    'PATH' => '/usr/local/sbin:/usr/local/bin:/usr/sbin:/usr/bin:/sbin:/bin'
    'SERVER_SIGNATURE' => '<address>Apache/2.4.65 (Debian) Server at localhost Port 8080</address>
'
    'SERVER_SOFTWARE' => 'Apache/2.4.65 (Debian)'
    'SERVER_NAME' => 'localhost'
    'SERVER_ADDR' => '172.21.0.4'
    'SERVER_PORT' => '8080'
    'REMOTE_ADDR' => '172.21.0.1'
    'DOCUMENT_ROOT' => '/var/www/html/api/web'
    'REQUEST_SCHEME' => 'http'
    'CONTEXT_PREFIX' => ''
    'CONTEXT_DOCUMENT_ROOT' => '/var/www/html/api/web'
    'SERVER_ADMIN' => '[no address given]'
    'SCRIPT_FILENAME' => '/var/www/html/api/web/index.php'
    'REMOTE_PORT' => '36196'
    'REDIRECT_URL' => '/auth/login'
    'GATEWAY_INTERFACE' => 'CGI/1.1'
    'SERVER_PROTOCOL' => 'HTTP/1.1'
    'REQUEST_METHOD' => 'POST'
    'QUERY_STRING' => ''
    'REQUEST_URI' => '/auth/login'
    'SCRIPT_NAME' => '/index.php'
    'PHP_SELF' => '/index.php'
    'REQUEST_TIME_FLOAT' => 1764056133.7107
    'REQUEST_TIME' => 1764056133
    'argv' => []
    'argc' => 0
]
2025-11-25 07:44:54 [172.21.0.1][-][-][error][yii\web\HttpException:404] yii\base\InvalidRouteException: Unable to resolve the request "auth/login". in /var/www/html/vendor/yiisoft/yii2/base/Module.php:564
Stack trace:
#0 /var/www/html/vendor/yiisoft/yii2/web/Application.php(103): yii\base\Module->runAction('auth/login', Array)
#1 /var/www/html/vendor/yiisoft/yii2/base/Application.php(387): yii\web\Application->handleRequest(Object(yii\web\Request))
#2 /var/www/html/api/web/index.php(15): yii\base\Application->run()
#3 {main}

Next yii\web\NotFoundHttpException: Page not found. in /var/www/html/vendor/yiisoft/yii2/web/Application.php:115
Stack trace:
#0 /var/www/html/vendor/yiisoft/yii2/base/Application.php(387): yii\web\Application->handleRequest(Object(yii\web\Request))
#1 /var/www/html/api/web/index.php(15): yii\base\Application->run()
#2 {main}
2025-11-25 07:44:53 [172.21.0.1][-][-][info][application] $_GET = []

$_POST = []

$_FILES = []

$_COOKIE = []

$_SERVER = [
    'REDIRECT_STATUS' => '200'
    'HTTP_USER_AGENT' => 'Mozilla/5.0 (Windows NT; Windows NT 10.0; en-US) WindowsPowerShell/5.1.26100.7019'
    'CONTENT_TYPE' => 'application/json'
    'HTTP_HOST' => 'localhost:8080'
    'CONTENT_LENGTH' => '50'
    'HTTP_EXPECT' => '100-continue'
    'HTTP_CONNECTION' => 'Keep-Alive'
    'PATH' => '/usr/local/sbin:/usr/local/bin:/usr/sbin:/usr/bin:/sbin:/bin'
    'SERVER_SIGNATURE' => '<address>Apache/2.4.65 (Debian) Server at localhost Port 8080</address>
'
    'SERVER_SOFTWARE' => 'Apache/2.4.65 (Debian)'
    'SERVER_NAME' => 'localhost'
    'SERVER_ADDR' => '172.21.0.4'
    'SERVER_PORT' => '8080'
    'REMOTE_ADDR' => '172.21.0.1'
    'DOCUMENT_ROOT' => '/var/www/html/api/web'
    'REQUEST_SCHEME' => 'http'
    'CONTEXT_PREFIX' => ''
    'CONTEXT_DOCUMENT_ROOT' => '/var/www/html/api/web'
    'SERVER_ADMIN' => '[no address given]'
    'SCRIPT_FILENAME' => '/var/www/html/api/web/index.php'
    'REMOTE_PORT' => '34356'
    'REDIRECT_URL' => '/auth/login'
    'GATEWAY_INTERFACE' => 'CGI/1.1'
    'SERVER_PROTOCOL' => 'HTTP/1.1'
    'REQUEST_METHOD' => 'POST'
    'QUERY_STRING' => ''
    'REQUEST_URI' => '/auth/login'
    'SCRIPT_NAME' => '/index.php'
    'PHP_SELF' => '/index.php'
    'REQUEST_TIME_FLOAT' => 1764056693.0315
    'REQUEST_TIME' => 1764056693
    'argv' => []
    'argc' => 0
]
2025-11-25 07:45:08 [172.21.0.1][-][-][error][yii\web\HttpException:404] yii\base\InvalidRouteException: Unable to resolve the request "". in /var/www/html/vendor/yiisoft/yii2/base/Module.php:564
Stack trace:
#0 /var/www/html/vendor/yiisoft/yii2/web/Application.php(103): yii\base\Module->runAction('', Array)
#1 /var/www/html/vendor/yiisoft/yii2/base/Application.php(387): yii\web\Application->handleRequest(Object(yii\web\Request))
#2 /var/www/html/api/web/index.php(15): yii\base\Application->run()
#3 {main}

Next yii\web\NotFoundHttpException: Page not found. in /var/www/html/vendor/yiisoft/yii2/web/Application.php:115
Stack trace:
#0 /var/www/html/vendor/yiisoft/yii2/base/Application.php(387): yii\web\Application->handleRequest(Object(yii\web\Request))
#1 /var/www/html/api/web/index.php(15): yii\base\Application->run()
#2 {main}
2025-11-25 07:45:08 [172.21.0.1][-][-][info][application] $_GET = [
    'r' => 'auth/login'
]

$_POST = []

$_FILES = []

$_COOKIE = []

$_SERVER = [
    'HTTP_HOST' => 'localhost:8080'
    'HTTP_USER_AGENT' => 'curl/8.16.0'
    'HTTP_ACCEPT' => '*/*'
    'CONTENT_TYPE' => 'application/json'
    'CONTENT_LENGTH' => '42'
    'PATH' => '/usr/local/sbin:/usr/local/bin:/usr/sbin:/usr/bin:/sbin:/bin'
    'SERVER_SIGNATURE' => '<address>Apache/2.4.65 (Debian) Server at localhost Port 8080</address>
'
    'SERVER_SOFTWARE' => 'Apache/2.4.65 (Debian)'
    'SERVER_NAME' => 'localhost'
    'SERVER_ADDR' => '172.21.0.4'
    'SERVER_PORT' => '8080'
    'REMOTE_ADDR' => '172.21.0.1'
    'DOCUMENT_ROOT' => '/var/www/html/api/web'
    'REQUEST_SCHEME' => 'http'
    'CONTEXT_PREFIX' => ''
    'CONTEXT_DOCUMENT_ROOT' => '/var/www/html/api/web'
    'SERVER_ADMIN' => '[no address given]'
    'SCRIPT_FILENAME' => '/var/www/html/api/web/index.php'
    'REMOTE_PORT' => '34408'
    'GATEWAY_INTERFACE' => 'CGI/1.1'
    'SERVER_PROTOCOL' => 'HTTP/1.1'
    'REQUEST_METHOD' => 'POST'
    'QUERY_STRING' => 'r=auth/login'
    'REQUEST_URI' => '/index.php?r=auth/login'
    'SCRIPT_NAME' => '/index.php'
    'PHP_SELF' => '/index.php'
    'REQUEST_TIME_FLOAT' => 1764056708.2278
    'REQUEST_TIME' => 1764056708
    'argv' => [
        0 => 'r=auth/login'
    ]
    'argc' => 1
]
2025-11-25 07:50:33 [172.21.0.1][-][-][error][yii\web\HttpException:400] yii\web\BadRequestHttpException: Invalid JSON data in request body: Syntax error in /var/www/html/vendor/yiisoft/yii2/web/JsonParser.php:60
Stack trace:
#0 /var/www/html/vendor/yiisoft/yii2/web/Request.php(623): yii\web\JsonParser->parse('{\\"username\\":\\...', 'application/jso...')
#1 /var/www/html/vendor/yiisoft/yii2/web/Request.php(666): yii\web\Request->getBodyParams()
#2 /var/www/html/vendor/yiisoft/yii2/web/Request.php(693): yii\web\Request->getBodyParam('username', NULL)
#3 /var/www/html/api/controllers/AuthController.php(37): yii\web\Request->post('username')
#4 [internal function]: api\controllers\AuthController->actionLogin()
#5 /var/www/html/vendor/yiisoft/yii2/base/InlineAction.php(60): call_user_func_array(Array, Array)
#6 /var/www/html/vendor/yiisoft/yii2/base/Controller.php(184): yii\base\InlineAction->runWithParams(Array)
#7 /var/www/html/vendor/yiisoft/yii2/base/Module.php(555): yii\base\Controller->runAction('login', Array)
#8 /var/www/html/vendor/yiisoft/yii2/web/Application.php(103): yii\base\Module->runAction('auth/login', Array)
#9 /var/www/html/vendor/yiisoft/yii2/base/Application.php(387): yii\web\Application->handleRequest(Object(yii\web\Request))
#10 /var/www/html/api/web/index.php(15): yii\base\Application->run()
#11 {main}
2025-11-25 07:50:32 [172.21.0.1][-][-][info][application] $_GET = []

$_POST = []

$_FILES = []

$_COOKIE = []

$_SERVER = [
    'REDIRECT_STATUS' => '200'
    'HTTP_USER_AGENT' => 'Mozilla/5.0 (Windows NT; Windows NT 10.0; en-US) WindowsPowerShell/5.1.26100.7019'
    'CONTENT_TYPE' => 'application/json'
    'HTTP_HOST' => 'localhost:8080'
    'CONTENT_LENGTH' => '50'
    'HTTP_CONNECTION' => 'Keep-Alive'
    'PATH' => '/usr/local/sbin:/usr/local/bin:/usr/sbin:/usr/bin:/sbin:/bin'
    'SERVER_SIGNATURE' => '<address>Apache/2.4.65 (Debian) Server at localhost Port 8080</address>
'
    'SERVER_SOFTWARE' => 'Apache/2.4.65 (Debian)'
    'SERVER_NAME' => 'localhost'
    'SERVER_ADDR' => '172.21.0.4'
    'SERVER_PORT' => '8080'
    'REMOTE_ADDR' => '172.21.0.1'
    'DOCUMENT_ROOT' => '/var/www/html/api/web'
    'REQUEST_SCHEME' => 'http'
    'CONTEXT_PREFIX' => ''
    'CONTEXT_DOCUMENT_ROOT' => '/var/www/html/api/web'
    'SERVER_ADMIN' => '[no address given]'
    'SCRIPT_FILENAME' => '/var/www/html/api/web/index.php'
    'REMOTE_PORT' => '58184'
    'REDIRECT_URL' => '/auth/login'
    'GATEWAY_INTERFACE' => 'CGI/1.1'
    'SERVER_PROTOCOL' => 'HTTP/1.1'
    'REQUEST_METHOD' => 'POST'
    'QUERY_STRING' => ''
    'REQUEST_URI' => '/auth/login'
    'SCRIPT_NAME' => '/index.php'
    'PHP_SELF' => '/index.php'
    'REQUEST_TIME_FLOAT' => 1764057032.2832
    'REQUEST_TIME' => 1764057032
    'argv' => []
    'argc' => 0
]
2025-11-25 07:52:33 [172.21.0.1][-][-][error][yii\web\HttpException:400] yii\web\BadRequestHttpException: Invalid JSON data in request body: Syntax error in /var/www/html/vendor/yiisoft/yii2/web/JsonParser.php:60
Stack trace:
#0 /var/www/html/vendor/yiisoft/yii2/web/Request.php(623): yii\web\JsonParser->parse('{\\', 'application/jso...')
#1 /var/www/html/vendor/yiisoft/yii2/web/Request.php(666): yii\web\Request->getBodyParams()
#2 /var/www/html/vendor/yiisoft/yii2/web/Request.php(693): yii\web\Request->getBodyParam('username', NULL)
#3 /var/www/html/api/controllers/AuthController.php(37): yii\web\Request->post('username')
#4 [internal function]: api\controllers\AuthController->actionLogin()
#5 /var/www/html/vendor/yiisoft/yii2/base/InlineAction.php(60): call_user_func_array(Array, Array)
#6 /var/www/html/vendor/yiisoft/yii2/base/Controller.php(184): yii\base\InlineAction->runWithParams(Array)
#7 /var/www/html/vendor/yiisoft/yii2/base/Module.php(555): yii\base\Controller->runAction('login', Array)
#8 /var/www/html/vendor/yiisoft/yii2/web/Application.php(103): yii\base\Module->runAction('auth/login', Array)
#9 /var/www/html/vendor/yiisoft/yii2/base/Application.php(387): yii\web\Application->handleRequest(Object(yii\web\Request))
#10 /var/www/html/api/web/index.php(15): yii\base\Application->run()
#11 {main}
2025-11-25 07:52:32 [172.21.0.1][-][-][info][application] $_GET = []

$_POST = []

$_FILES = []

$_COOKIE = []

$_SERVER = [
    'REDIRECT_STATUS' => '200'
    'HTTP_HOST' => 'localhost:8080'
    'HTTP_USER_AGENT' => 'curl/8.16.0'
    'HTTP_ACCEPT' => '*/*'
    'CONTENT_TYPE' => 'application/json'
    'CONTENT_LENGTH' => '2'
    'PATH' => '/usr/local/sbin:/usr/local/bin:/usr/sbin:/usr/bin:/sbin:/bin'
    'SERVER_SIGNATURE' => '<address>Apache/2.4.65 (Debian) Server at localhost Port 8080</address>
'
    'SERVER_SOFTWARE' => 'Apache/2.4.65 (Debian)'
    'SERVER_NAME' => 'localhost'
    'SERVER_ADDR' => '172.21.0.4'
    'SERVER_PORT' => '8080'
    'REMOTE_ADDR' => '172.21.0.1'
    'DOCUMENT_ROOT' => '/var/www/html/api/web'
    'REQUEST_SCHEME' => 'http'
    'CONTEXT_PREFIX' => ''
    'CONTEXT_DOCUMENT_ROOT' => '/var/www/html/api/web'
    'SERVER_ADMIN' => '[no address given]'
    'SCRIPT_FILENAME' => '/var/www/html/api/web/index.php'
    'REMOTE_PORT' => '53396'
    'REDIRECT_URL' => '/auth/login'
    'GATEWAY_INTERFACE' => 'CGI/1.1'
    'SERVER_PROTOCOL' => 'HTTP/1.1'
    'REQUEST_METHOD' => 'POST'
    'QUERY_STRING' => ''
    'REQUEST_URI' => '/auth/login'
    'SCRIPT_NAME' => '/index.php'
    'PHP_SELF' => '/index.php'
    'REQUEST_TIME_FLOAT' => 1764057152.1256
    'REQUEST_TIME' => 1764057152
    'argv' => []
    'argc' => 0
]
2025-11-25 07:52:48 [172.21.0.1][-][-][error][yii\web\HttpException:400] yii\web\BadRequestHttpException: Invalid JSON data in request body: Syntax error in /var/www/html/vendor/yiisoft/yii2/web/JsonParser.php:60
Stack trace:
#0 /var/www/html/vendor/yiisoft/yii2/web/Request.php(623): yii\web\JsonParser->parse('{username:admin...', 'application/jso...')
#1 /var/www/html/vendor/yiisoft/yii2/web/Request.php(666): yii\web\Request->getBodyParams()
#2 /var/www/html/vendor/yiisoft/yii2/web/Request.php(693): yii\web\Request->getBodyParam('username', NULL)
#3 /var/www/html/api/controllers/AuthController.php(37): yii\web\Request->post('username')
#4 [internal function]: api\controllers\AuthController->actionLogin()
#5 /var/www/html/vendor/yiisoft/yii2/base/InlineAction.php(60): call_user_func_array(Array, Array)
#6 /var/www/html/vendor/yiisoft/yii2/base/Controller.php(184): yii\base\InlineAction->runWithParams(Array)
#7 /var/www/html/vendor/yiisoft/yii2/base/Module.php(555): yii\base\Controller->runAction('login', Array)
#8 /var/www/html/vendor/yiisoft/yii2/web/Application.php(103): yii\base\Module->runAction('auth/login', Array)
#9 /var/www/html/vendor/yiisoft/yii2/base/Application.php(387): yii\web\Application->handleRequest(Object(yii\web\Request))
#10 /var/www/html/api/web/index.php(15): yii\base\Application->run()
#11 {main}
2025-11-25 07:52:47 [172.21.0.1][-][-][info][application] $_GET = []

$_POST = []

$_FILES = []

$_COOKIE = []

$_SERVER = [
    'REDIRECT_STATUS' => '200'
    'HTTP_HOST' => 'localhost:8080'
    'HTTP_USER_AGENT' => 'curl/8.16.0'
    'HTTP_ACCEPT' => '*/*'
    'CONTENT_TYPE' => 'application/json'
    'CONTENT_LENGTH' => '34'
    'PATH' => '/usr/local/sbin:/usr/local/bin:/usr/sbin:/usr/bin:/sbin:/bin'
    'SERVER_SIGNATURE' => '<address>Apache/2.4.65 (Debian) Server at localhost Port 8080</address>
'
    'SERVER_SOFTWARE' => 'Apache/2.4.65 (Debian)'
    'SERVER_NAME' => 'localhost'
    'SERVER_ADDR' => '172.21.0.4'
    'SERVER_PORT' => '8080'
    'REMOTE_ADDR' => '172.21.0.1'
    'DOCUMENT_ROOT' => '/var/www/html/api/web'
    'REQUEST_SCHEME' => 'http'
    'CONTEXT_PREFIX' => ''
    'CONTEXT_DOCUMENT_ROOT' => '/var/www/html/api/web'
    'SERVER_ADMIN' => '[no address given]'
    'SCRIPT_FILENAME' => '/var/www/html/api/web/index.php'
    'REMOTE_PORT' => '45318'
    'REDIRECT_URL' => '/auth/login'
    'GATEWAY_INTERFACE' => 'CGI/1.1'
    'SERVER_PROTOCOL' => 'HTTP/1.1'
    'REQUEST_METHOD' => 'POST'
    'QUERY_STRING' => ''
    'REQUEST_URI' => '/auth/login'
    'SCRIPT_NAME' => '/index.php'
    'PHP_SELF' => '/index.php'
    'REQUEST_TIME_FLOAT' => 1764057167.486
    'REQUEST_TIME' => 1764057167
    'argv' => []
    'argc' => 0
]
2025-11-25 08:02:04 [172.21.0.1][-][-][error][yii\web\HttpException:404] yii\base\InvalidRouteException: Unable to resolve the request "". in /var/www/html/vendor/yiisoft/yii2/base/Module.php:564
Stack trace:
#0 /var/www/html/vendor/yiisoft/yii2/web/Application.php(103): yii\base\Module->runAction('', Array)
#1 /var/www/html/vendor/yiisoft/yii2/base/Application.php(387): yii\web\Application->handleRequest(Object(yii\web\Request))
#2 /var/www/html/api/web/index.php(15): yii\base\Application->run()
#3 {main}

Next yii\web\NotFoundHttpException: Page not found. in /var/www/html/vendor/yiisoft/yii2/web/Application.php:115
Stack trace:
#0 /var/www/html/vendor/yiisoft/yii2/base/Application.php(387): yii\web\Application->handleRequest(Object(yii\web\Request))
#1 /var/www/html/api/web/index.php(15): yii\base\Application->run()
#2 {main}
2025-11-25 08:02:03 [172.21.0.1][-][-][info][application] $_GET = []

$_POST = []

$_FILES = []

$_COOKIE = [
    '_identity' => 'c9d587cb0271a088ea197add5e42d86406c7b25fbdd162324ebf2087c39fba2ea:2:{i:0;s:9:\"_identity\";i:1;s:46:\"[1,\"ZTvuKPCaORTycV__A6yDLz26H2TIxu2t\",2592000]\";}'
    'pma_lang' => 'en'
    'phpMyAdmin' => '4ff29e36ed0ee3d1e0eeaf9c87c5c7ea'
]

$_SERVER = [
    'HTTP_HOST' => 'localhost:8080'
    'HTTP_CONNECTION' => 'keep-alive'
    'HTTP_CACHE_CONTROL' => 'max-age=0'
    'HTTP_SEC_CH_UA' => '\"Chromium\";v=\"142\", \"Google Chrome\";v=\"142\", \"Not_A Brand\";v=\"99\"'
    'HTTP_SEC_CH_UA_MOBILE' => '?0'
    'HTTP_SEC_CH_UA_PLATFORM' => '\"Windows\"'
    'HTTP_UPGRADE_INSECURE_REQUESTS' => '1'
    'HTTP_USER_AGENT' => 'Mozilla/5.0 (Windows NT 10.0; Win64; x64) AppleWebKit/537.36 (KHTML, like Gecko) Chrome/142.0.0.0 Safari/537.36'
    'HTTP_ACCEPT' => 'text/html,application/xhtml+xml,application/xml;q=0.9,image/avif,image/webp,image/apng,*/*;q=0.8,application/signed-exchange;v=b3;q=0.7'
    'HTTP_SEC_FETCH_SITE' => 'none'
    'HTTP_SEC_FETCH_MODE' => 'navigate'
    'HTTP_SEC_FETCH_USER' => '?1'
    'HTTP_SEC_FETCH_DEST' => 'document'
    'HTTP_ACCEPT_ENCODING' => 'gzip, deflate, br, zstd'
    'HTTP_ACCEPT_LANGUAGE' => 'en-US,en;q=0.9'
    'HTTP_COOKIE' => '_identity=c9d587cb0271a088ea197add5e42d86406c7b25fbdd162324ebf2087c39fba2ea%3A2%3A%7Bi%3A0%3Bs%3A9%3A%22_identity%22%3Bi%3A1%3Bs%3A46%3A%22%5B1%2C%22ZTvuKPCaORTycV__A6yDLz26H2TIxu2t%22%2C2592000%5D%22%3B%7D; pma_lang=en; phpMyAdmin=4ff29e36ed0ee3d1e0eeaf9c87c5c7ea'
    'PATH' => '/usr/local/sbin:/usr/local/bin:/usr/sbin:/usr/bin:/sbin:/bin'
    'SERVER_SIGNATURE' => '<address>Apache/2.4.65 (Debian) Server at localhost Port 8080</address>
'
    'SERVER_SOFTWARE' => 'Apache/2.4.65 (Debian)'
    'SERVER_NAME' => 'localhost'
    'SERVER_ADDR' => '172.21.0.4'
    'SERVER_PORT' => '8080'
    'REMOTE_ADDR' => '172.21.0.1'
    'DOCUMENT_ROOT' => '/var/www/html/api/web'
    'REQUEST_SCHEME' => 'http'
    'CONTEXT_PREFIX' => ''
    'CONTEXT_DOCUMENT_ROOT' => '/var/www/html/api/web'
    'SERVER_ADMIN' => '[no address given]'
    'SCRIPT_FILENAME' => '/var/www/html/api/web/index.php'
    'REMOTE_PORT' => '54140'
    'GATEWAY_INTERFACE' => 'CGI/1.1'
    'SERVER_PROTOCOL' => 'HTTP/1.1'
    'REQUEST_METHOD' => 'GET'
    'QUERY_STRING' => ''
    'REQUEST_URI' => '/'
    'SCRIPT_NAME' => '/index.php'
    'PHP_SELF' => '/index.php'
    'REQUEST_TIME_FLOAT' => 1764057723.2051
    'REQUEST_TIME' => 1764057723
    'argv' => []
    'argc' => 0
]
2025-11-25 08:02:10 [172.21.0.1][-][-][error][yii\web\HttpException:404] yii\base\InvalidRouteException: Unable to resolve the request "". in /var/www/html/vendor/yiisoft/yii2/base/Module.php:564
Stack trace:
#0 /var/www/html/vendor/yiisoft/yii2/web/Application.php(103): yii\base\Module->runAction('', Array)
#1 /var/www/html/vendor/yiisoft/yii2/base/Application.php(387): yii\web\Application->handleRequest(Object(yii\web\Request))
#2 /var/www/html/api/web/index.php(15): yii\base\Application->run()
#3 {main}

Next yii\web\NotFoundHttpException: Page not found. in /var/www/html/vendor/yiisoft/yii2/web/Application.php:115
Stack trace:
#0 /var/www/html/vendor/yiisoft/yii2/base/Application.php(387): yii\web\Application->handleRequest(Object(yii\web\Request))
#1 /var/www/html/api/web/index.php(15): yii\base\Application->run()
#2 {main}
2025-11-25 08:02:10 [172.21.0.1][-][-][info][application] $_GET = []

$_POST = []

$_FILES = []

$_COOKIE = []

$_SERVER = [
    'HTTP_HOST' => 'localhost:8080'
    'HTTP_USER_AGENT' => 'curl/8.16.0'
    'HTTP_ACCEPT' => '*/*'
    'PATH' => '/usr/local/sbin:/usr/local/bin:/usr/sbin:/usr/bin:/sbin:/bin'
    'SERVER_SIGNATURE' => '<address>Apache/2.4.65 (Debian) Server at localhost Port 8080</address>
'
    'SERVER_SOFTWARE' => 'Apache/2.4.65 (Debian)'
    'SERVER_NAME' => 'localhost'
    'SERVER_ADDR' => '172.21.0.4'
    'SERVER_PORT' => '8080'
    'REMOTE_ADDR' => '172.21.0.1'
    'DOCUMENT_ROOT' => '/var/www/html/api/web'
    'REQUEST_SCHEME' => 'http'
    'CONTEXT_PREFIX' => ''
    'CONTEXT_DOCUMENT_ROOT' => '/var/www/html/api/web'
    'SERVER_ADMIN' => '[no address given]'
    'SCRIPT_FILENAME' => '/var/www/html/api/web/index.php'
    'REMOTE_PORT' => '38266'
    'GATEWAY_INTERFACE' => 'CGI/1.1'
    'SERVER_PROTOCOL' => 'HTTP/1.1'
    'REQUEST_METHOD' => 'GET'
    'QUERY_STRING' => ''
    'REQUEST_URI' => '/'
    'SCRIPT_NAME' => '/index.php'
    'PHP_SELF' => '/index.php'
    'REQUEST_TIME_FLOAT' => 1764057730.006
    'REQUEST_TIME' => 1764057730
    'argv' => []
    'argc' => 0
]
2025-11-25 08:02:25 [127.0.0.1][-][-][error][yii\web\HttpException:400] yii\web\BadRequestHttpException: Invalid JSON data in request body: Syntax error in /var/www/html/vendor/yiisoft/yii2/web/JsonParser.php:60
Stack trace:
#0 /var/www/html/vendor/yiisoft/yii2/web/Request.php(623): yii\web\JsonParser->parse('{username:admin...', 'application/jso...')
#1 /var/www/html/vendor/yiisoft/yii2/web/Request.php(666): yii\web\Request->getBodyParams()
#2 /var/www/html/vendor/yiisoft/yii2/web/Request.php(693): yii\web\Request->getBodyParam('username', NULL)
#3 /var/www/html/api/controllers/AuthController.php(37): yii\web\Request->post('username')
#4 [internal function]: api\controllers\AuthController->actionLogin()
#5 /var/www/html/vendor/yiisoft/yii2/base/InlineAction.php(60): call_user_func_array(Array, Array)
#6 /var/www/html/vendor/yiisoft/yii2/base/Controller.php(184): yii\base\InlineAction->runWithParams(Array)
#7 /var/www/html/vendor/yiisoft/yii2/base/Module.php(555): yii\base\Controller->runAction('login', Array)
#8 /var/www/html/vendor/yiisoft/yii2/web/Application.php(103): yii\base\Module->runAction('auth/login', Array)
#9 /var/www/html/vendor/yiisoft/yii2/base/Application.php(387): yii\web\Application->handleRequest(Object(yii\web\Request))
#10 /var/www/html/api/web/index.php(15): yii\base\Application->run()
#11 {main}
2025-11-25 08:02:24 [127.0.0.1][-][-][info][application] $_GET = []

$_POST = []

$_FILES = []

$_COOKIE = []

$_SERVER = [
    'REDIRECT_STATUS' => '200'
    'HTTP_HOST' => 'localhost'
    'HTTP_USER_AGENT' => 'curl/8.14.1'
    'HTTP_ACCEPT' => '*/*'
    'CONTENT_TYPE' => 'application/json'
    'CONTENT_LENGTH' => '34'
    'PATH' => '/usr/local/sbin:/usr/local/bin:/usr/sbin:/usr/bin:/sbin:/bin'
    'SERVER_SIGNATURE' => '<address>Apache/2.4.65 (Debian) Server at localhost Port 80</address>
'
    'SERVER_SOFTWARE' => 'Apache/2.4.65 (Debian)'
    'SERVER_NAME' => 'localhost'
    'SERVER_ADDR' => '127.0.0.1'
    'SERVER_PORT' => '80'
    'REMOTE_ADDR' => '127.0.0.1'
    'DOCUMENT_ROOT' => '/var/www/html/api/web'
    'REQUEST_SCHEME' => 'http'
    'CONTEXT_PREFIX' => ''
    'CONTEXT_DOCUMENT_ROOT' => '/var/www/html/api/web'
    'SERVER_ADMIN' => '[no address given]'
    'SCRIPT_FILENAME' => '/var/www/html/api/web/index.php'
    'REMOTE_PORT' => '43220'
    'REDIRECT_URL' => '/auth/login'
    'GATEWAY_INTERFACE' => 'CGI/1.1'
    'SERVER_PROTOCOL' => 'HTTP/1.1'
    'REQUEST_METHOD' => 'POST'
    'QUERY_STRING' => ''
    'REQUEST_URI' => '/auth/login'
    'SCRIPT_NAME' => '/index.php'
    'PHP_SELF' => '/index.php'
    'REQUEST_TIME_FLOAT' => 1764057744.6468
    'REQUEST_TIME' => 1764057744
    'argv' => []
    'argc' => 0
]
2025-11-25 08:02:34 [172.21.0.1][-][-][error][yii\web\HttpException:404] yii\base\InvalidRouteException: Unable to resolve the request "". in /var/www/html/vendor/yiisoft/yii2/base/Module.php:564
Stack trace:
#0 /var/www/html/vendor/yiisoft/yii2/web/Application.php(103): yii\base\Module->runAction('', Array)
#1 /var/www/html/vendor/yiisoft/yii2/base/Application.php(387): yii\web\Application->handleRequest(Object(yii\web\Request))
#2 /var/www/html/api/web/index.php(15): yii\base\Application->run()
#3 {main}

Next yii\web\NotFoundHttpException: Page not found. in /var/www/html/vendor/yiisoft/yii2/web/Application.php:115
Stack trace:
#0 /var/www/html/vendor/yiisoft/yii2/base/Application.php(387): yii\web\Application->handleRequest(Object(yii\web\Request))
#1 /var/www/html/api/web/index.php(15): yii\base\Application->run()
#2 {main}
2025-11-25 08:02:34 [172.21.0.1][-][-][info][application] $_GET = []

$_POST = []

$_FILES = []

$_COOKIE = [
    '_identity' => 'c9d587cb0271a088ea197add5e42d86406c7b25fbdd162324ebf2087c39fba2ea:2:{i:0;s:9:\"_identity\";i:1;s:46:\"[1,\"ZTvuKPCaORTycV__A6yDLz26H2TIxu2t\",2592000]\";}'
    'pma_lang' => 'en'
    'phpMyAdmin' => '4ff29e36ed0ee3d1e0eeaf9c87c5c7ea'
]

$_SERVER = [
    'HTTP_HOST' => 'localhost:8080'
    'HTTP_CONNECTION' => 'keep-alive'
    'HTTP_CACHE_CONTROL' => 'max-age=0'
    'HTTP_SEC_CH_UA' => '\"Chromium\";v=\"142\", \"Google Chrome\";v=\"142\", \"Not_A Brand\";v=\"99\"'
    'HTTP_SEC_CH_UA_MOBILE' => '?0'
    'HTTP_SEC_CH_UA_PLATFORM' => '\"Windows\"'
    'HTTP_UPGRADE_INSECURE_REQUESTS' => '1'
    'HTTP_USER_AGENT' => 'Mozilla/5.0 (Windows NT 10.0; Win64; x64) AppleWebKit/537.36 (KHTML, like Gecko) Chrome/142.0.0.0 Safari/537.36'
    'HTTP_ACCEPT' => 'text/html,application/xhtml+xml,application/xml;q=0.9,image/avif,image/webp,image/apng,*/*;q=0.8,application/signed-exchange;v=b3;q=0.7'
    'HTTP_SEC_FETCH_SITE' => 'none'
    'HTTP_SEC_FETCH_MODE' => 'navigate'
    'HTTP_SEC_FETCH_USER' => '?1'
    'HTTP_SEC_FETCH_DEST' => 'document'
    'HTTP_ACCEPT_ENCODING' => 'gzip, deflate, br, zstd'
    'HTTP_ACCEPT_LANGUAGE' => 'en-US,en;q=0.9'
    'HTTP_COOKIE' => '_identity=c9d587cb0271a088ea197add5e42d86406c7b25fbdd162324ebf2087c39fba2ea%3A2%3A%7Bi%3A0%3Bs%3A9%3A%22_identity%22%3Bi%3A1%3Bs%3A46%3A%22%5B1%2C%22ZTvuKPCaORTycV__A6yDLz26H2TIxu2t%22%2C2592000%5D%22%3B%7D; pma_lang=en; phpMyAdmin=4ff29e36ed0ee3d1e0eeaf9c87c5c7ea'
    'PATH' => '/usr/local/sbin:/usr/local/bin:/usr/sbin:/usr/bin:/sbin:/bin'
    'SERVER_SIGNATURE' => '<address>Apache/2.4.65 (Debian) Server at localhost Port 8080</address>
'
    'SERVER_SOFTWARE' => 'Apache/2.4.65 (Debian)'
    'SERVER_NAME' => 'localhost'
    'SERVER_ADDR' => '172.21.0.4'
    'SERVER_PORT' => '8080'
    'REMOTE_ADDR' => '172.21.0.1'
    'DOCUMENT_ROOT' => '/var/www/html/api/web'
    'REQUEST_SCHEME' => 'http'
    'CONTEXT_PREFIX' => ''
    'CONTEXT_DOCUMENT_ROOT' => '/var/www/html/api/web'
    'SERVER_ADMIN' => '[no address given]'
    'SCRIPT_FILENAME' => '/var/www/html/api/web/index.php'
    'REMOTE_PORT' => '54144'
    'GATEWAY_INTERFACE' => 'CGI/1.1'
    'SERVER_PROTOCOL' => 'HTTP/1.1'
    'REQUEST_METHOD' => 'GET'
    'QUERY_STRING' => ''
    'REQUEST_URI' => '/'
    'SCRIPT_NAME' => '/index.php'
    'PHP_SELF' => '/index.php'
    'REQUEST_TIME_FLOAT' => 1764057753.75
    'REQUEST_TIME' => 1764057753
    'argv' => []
    'argc' => 0
]
2025-11-25 08:02:34 [172.21.0.1][-][-][error][yii\web\HttpException:404] yii\base\InvalidRouteException: Unable to resolve the request "". in /var/www/html/vendor/yiisoft/yii2/base/Module.php:564
Stack trace:
#0 /var/www/html/vendor/yiisoft/yii2/web/Application.php(103): yii\base\Module->runAction('', Array)
#1 /var/www/html/vendor/yiisoft/yii2/base/Application.php(387): yii\web\Application->handleRequest(Object(yii\web\Request))
#2 /var/www/html/api/web/index.php(15): yii\base\Application->run()
#3 {main}

Next yii\web\NotFoundHttpException: Page not found. in /var/www/html/vendor/yiisoft/yii2/web/Application.php:115
Stack trace:
#0 /var/www/html/vendor/yiisoft/yii2/base/Application.php(387): yii\web\Application->handleRequest(Object(yii\web\Request))
#1 /var/www/html/api/web/index.php(15): yii\base\Application->run()
#2 {main}
2025-11-25 08:02:34 [172.21.0.1][-][-][info][application] $_GET = []

$_POST = []

$_FILES = []

$_COOKIE = [
    '_identity' => 'c9d587cb0271a088ea197add5e42d86406c7b25fbdd162324ebf2087c39fba2ea:2:{i:0;s:9:\"_identity\";i:1;s:46:\"[1,\"ZTvuKPCaORTycV__A6yDLz26H2TIxu2t\",2592000]\";}'
    'pma_lang' => 'en'
    'phpMyAdmin' => '4ff29e36ed0ee3d1e0eeaf9c87c5c7ea'
]

$_SERVER = [
    'HTTP_HOST' => 'localhost:8080'
    'HTTP_CONNECTION' => 'keep-alive'
    'HTTP_CACHE_CONTROL' => 'max-age=0'
    'HTTP_SEC_CH_UA' => '\"Chromium\";v=\"142\", \"Google Chrome\";v=\"142\", \"Not_A Brand\";v=\"99\"'
    'HTTP_SEC_CH_UA_MOBILE' => '?0'
    'HTTP_SEC_CH_UA_PLATFORM' => '\"Windows\"'
    'HTTP_UPGRADE_INSECURE_REQUESTS' => '1'
    'HTTP_USER_AGENT' => 'Mozilla/5.0 (Windows NT 10.0; Win64; x64) AppleWebKit/537.36 (KHTML, like Gecko) Chrome/142.0.0.0 Safari/537.36'
    'HTTP_ACCEPT' => 'text/html,application/xhtml+xml,application/xml;q=0.9,image/avif,image/webp,image/apng,*/*;q=0.8,application/signed-exchange;v=b3;q=0.7'
    'HTTP_SEC_FETCH_SITE' => 'none'
    'HTTP_SEC_FETCH_MODE' => 'navigate'
    'HTTP_SEC_FETCH_USER' => '?1'
    'HTTP_SEC_FETCH_DEST' => 'document'
    'HTTP_ACCEPT_ENCODING' => 'gzip, deflate, br, zstd'
    'HTTP_ACCEPT_LANGUAGE' => 'en-US,en;q=0.9'
    'HTTP_COOKIE' => '_identity=c9d587cb0271a088ea197add5e42d86406c7b25fbdd162324ebf2087c39fba2ea%3A2%3A%7Bi%3A0%3Bs%3A9%3A%22_identity%22%3Bi%3A1%3Bs%3A46%3A%22%5B1%2C%22ZTvuKPCaORTycV__A6yDLz26H2TIxu2t%22%2C2592000%5D%22%3B%7D; pma_lang=en; phpMyAdmin=4ff29e36ed0ee3d1e0eeaf9c87c5c7ea'
    'PATH' => '/usr/local/sbin:/usr/local/bin:/usr/sbin:/usr/bin:/sbin:/bin'
    'SERVER_SIGNATURE' => '<address>Apache/2.4.65 (Debian) Server at localhost Port 8080</address>
'
    'SERVER_SOFTWARE' => 'Apache/2.4.65 (Debian)'
    'SERVER_NAME' => 'localhost'
    'SERVER_ADDR' => '172.21.0.4'
    'SERVER_PORT' => '8080'
    'REMOTE_ADDR' => '172.21.0.1'
    'DOCUMENT_ROOT' => '/var/www/html/api/web'
    'REQUEST_SCHEME' => 'http'
    'CONTEXT_PREFIX' => ''
    'CONTEXT_DOCUMENT_ROOT' => '/var/www/html/api/web'
    'SERVER_ADMIN' => '[no address given]'
    'SCRIPT_FILENAME' => '/var/www/html/api/web/index.php'
    'REMOTE_PORT' => '56948'
    'GATEWAY_INTERFACE' => 'CGI/1.1'
    'SERVER_PROTOCOL' => 'HTTP/1.1'
    'REQUEST_METHOD' => 'GET'
    'QUERY_STRING' => ''
    'REQUEST_URI' => '/'
    'SCRIPT_NAME' => '/index.php'
    'PHP_SELF' => '/index.php'
    'REQUEST_TIME_FLOAT' => 1764057754.5553
    'REQUEST_TIME' => 1764057754
    'argv' => []
    'argc' => 0
]
2025-11-25 08:02:34 [172.21.0.1][-][-][error][yii\web\HttpException:404] yii\base\InvalidRouteException: Unable to resolve the request "". in /var/www/html/vendor/yiisoft/yii2/base/Module.php:564
Stack trace:
#0 /var/www/html/vendor/yiisoft/yii2/web/Application.php(103): yii\base\Module->runAction('', Array)
#1 /var/www/html/vendor/yiisoft/yii2/base/Application.php(387): yii\web\Application->handleRequest(Object(yii\web\Request))
#2 /var/www/html/api/web/index.php(15): yii\base\Application->run()
#3 {main}

Next yii\web\NotFoundHttpException: Page not found. in /var/www/html/vendor/yiisoft/yii2/web/Application.php:115
Stack trace:
#0 /var/www/html/vendor/yiisoft/yii2/base/Application.php(387): yii\web\Application->handleRequest(Object(yii\web\Request))
#1 /var/www/html/api/web/index.php(15): yii\base\Application->run()
#2 {main}
2025-11-25 08:02:34 [172.21.0.1][-][-][info][application] $_GET = []

$_POST = []

$_FILES = []

$_COOKIE = [
    '_identity' => 'c9d587cb0271a088ea197add5e42d86406c7b25fbdd162324ebf2087c39fba2ea:2:{i:0;s:9:\"_identity\";i:1;s:46:\"[1,\"ZTvuKPCaORTycV__A6yDLz26H2TIxu2t\",2592000]\";}'
    'pma_lang' => 'en'
    'phpMyAdmin' => '4ff29e36ed0ee3d1e0eeaf9c87c5c7ea'
]

$_SERVER = [
    'HTTP_HOST' => 'localhost:8080'
    'HTTP_CONNECTION' => 'keep-alive'
    'HTTP_CACHE_CONTROL' => 'max-age=0'
    'HTTP_SEC_CH_UA' => '\"Chromium\";v=\"142\", \"Google Chrome\";v=\"142\", \"Not_A Brand\";v=\"99\"'
    'HTTP_SEC_CH_UA_MOBILE' => '?0'
    'HTTP_SEC_CH_UA_PLATFORM' => '\"Windows\"'
    'HTTP_UPGRADE_INSECURE_REQUESTS' => '1'
    'HTTP_USER_AGENT' => 'Mozilla/5.0 (Windows NT 10.0; Win64; x64) AppleWebKit/537.36 (KHTML, like Gecko) Chrome/142.0.0.0 Safari/537.36'
    'HTTP_ACCEPT' => 'text/html,application/xhtml+xml,application/xml;q=0.9,image/avif,image/webp,image/apng,*/*;q=0.8,application/signed-exchange;v=b3;q=0.7'
    'HTTP_SEC_FETCH_SITE' => 'none'
    'HTTP_SEC_FETCH_MODE' => 'navigate'
    'HTTP_SEC_FETCH_USER' => '?1'
    'HTTP_SEC_FETCH_DEST' => 'document'
    'HTTP_ACCEPT_ENCODING' => 'gzip, deflate, br, zstd'
    'HTTP_ACCEPT_LANGUAGE' => 'en-US,en;q=0.9'
    'HTTP_COOKIE' => '_identity=c9d587cb0271a088ea197add5e42d86406c7b25fbdd162324ebf2087c39fba2ea%3A2%3A%7Bi%3A0%3Bs%3A9%3A%22_identity%22%3Bi%3A1%3Bs%3A46%3A%22%5B1%2C%22ZTvuKPCaORTycV__A6yDLz26H2TIxu2t%22%2C2592000%5D%22%3B%7D; pma_lang=en; phpMyAdmin=4ff29e36ed0ee3d1e0eeaf9c87c5c7ea'
    'PATH' => '/usr/local/sbin:/usr/local/bin:/usr/sbin:/usr/bin:/sbin:/bin'
    'SERVER_SIGNATURE' => '<address>Apache/2.4.65 (Debian) Server at localhost Port 8080</address>
'
    'SERVER_SOFTWARE' => 'Apache/2.4.65 (Debian)'
    'SERVER_NAME' => 'localhost'
    'SERVER_ADDR' => '172.21.0.4'
    'SERVER_PORT' => '8080'
    'REMOTE_ADDR' => '172.21.0.1'
    'DOCUMENT_ROOT' => '/var/www/html/api/web'
    'REQUEST_SCHEME' => 'http'
    'CONTEXT_PREFIX' => ''
    'CONTEXT_DOCUMENT_ROOT' => '/var/www/html/api/web'
    'SERVER_ADMIN' => '[no address given]'
    'SCRIPT_FILENAME' => '/var/www/html/api/web/index.php'
    'REMOTE_PORT' => '56948'
    'GATEWAY_INTERFACE' => 'CGI/1.1'
    'SERVER_PROTOCOL' => 'HTTP/1.1'
    'REQUEST_METHOD' => 'GET'
    'QUERY_STRING' => ''
    'REQUEST_URI' => '/'
    'SCRIPT_NAME' => '/index.php'
    'PHP_SELF' => '/index.php'
    'REQUEST_TIME_FLOAT' => 1764057754.7068
    'REQUEST_TIME' => 1764057754
    'argv' => []
    'argc' => 0
]
2025-11-25 08:02:39 [127.0.0.1][-][-][error][yii\base\UnknownPropertyException] yii\base\UnknownPropertyException: Setting unknown property: common\models\User::access_token in /var/www/html/vendor/yiisoft/yii2/base/Component.php:221
Stack trace:
#0 /var/www/html/vendor/yiisoft/yii2/db/BaseActiveRecord.php(322): yii\base\Component->__set('access_token', 'eDkJIVe0Q5tSjHX...')
#1 /var/www/html/common/models/User.php(53): yii\db\BaseActiveRecord->__set('access_token', 'eDkJIVe0Q5tSjHX...')
#2 /var/www/html/api/controllers/AuthController.php(54): common\models\User->generateAccessToken()
#3 [internal function]: api\controllers\AuthController->actionLogin()
#4 /var/www/html/vendor/yiisoft/yii2/base/InlineAction.php(60): call_user_func_array(Array, Array)
#5 /var/www/html/vendor/yiisoft/yii2/base/Controller.php(184): yii\base\InlineAction->runWithParams(Array)
#6 /var/www/html/vendor/yiisoft/yii2/base/Module.php(555): yii\base\Controller->runAction('login', Array)
#7 /var/www/html/vendor/yiisoft/yii2/web/Application.php(103): yii\base\Module->runAction('auth/login', Array)
#8 /var/www/html/vendor/yiisoft/yii2/base/Application.php(387): yii\web\Application->handleRequest(Object(yii\web\Request))
#9 /var/www/html/api/web/index.php(15): yii\base\Application->run()
#10 {main}
2025-11-25 08:02:38 [127.0.0.1][-][-][info][application] $_GET = []

$_POST = []

$_FILES = []

$_COOKIE = []

$_SERVER = [
    'REDIRECT_STATUS' => '200'
    'HTTP_HOST' => 'localhost'
    'HTTP_USER_AGENT' => 'curl/8.14.1'
    'HTTP_ACCEPT' => '*/*'
    'CONTENT_TYPE' => 'application/json'
    'CONTENT_LENGTH' => '42'
    'PATH' => '/usr/local/sbin:/usr/local/bin:/usr/sbin:/usr/bin:/sbin:/bin'
    'SERVER_SIGNATURE' => '<address>Apache/2.4.65 (Debian) Server at localhost Port 80</address>
'
    'SERVER_SOFTWARE' => 'Apache/2.4.65 (Debian)'
    'SERVER_NAME' => 'localhost'
    'SERVER_ADDR' => '127.0.0.1'
    'SERVER_PORT' => '80'
    'REMOTE_ADDR' => '127.0.0.1'
    'DOCUMENT_ROOT' => '/var/www/html/api/web'
    'REQUEST_SCHEME' => 'http'
    'CONTEXT_PREFIX' => ''
    'CONTEXT_DOCUMENT_ROOT' => '/var/www/html/api/web'
    'SERVER_ADMIN' => '[no address given]'
    'SCRIPT_FILENAME' => '/var/www/html/api/web/index.php'
    'REMOTE_PORT' => '38180'
    'REDIRECT_URL' => '/auth/login'
    'GATEWAY_INTERFACE' => 'CGI/1.1'
    'SERVER_PROTOCOL' => 'HTTP/1.1'
    'REQUEST_METHOD' => 'POST'
    'QUERY_STRING' => ''
    'REQUEST_URI' => '/auth/login'
    'SCRIPT_NAME' => '/index.php'
    'PHP_SELF' => '/index.php'
    'REQUEST_TIME_FLOAT' => 1764057758.2621
    'REQUEST_TIME' => 1764057758
    'argv' => []
    'argc' => 0
]
2025-11-25 08:48:22 [127.0.0.1][-][-][error][yii\web\HttpException:401] yii\web\UnauthorizedHttpException: Your request was made with invalid credentials. in /var/www/html/vendor/yiisoft/yii2/filters/auth/AuthMethod.php:93
Stack trace:
#0 /var/www/html/vendor/yiisoft/yii2/filters/auth/HttpHeaderAuth.php(65): yii\filters\auth\AuthMethod->handleFailure(Object(yii\web\Response))
#1 /var/www/html/vendor/yiisoft/yii2/filters/auth/AuthMethod.php(58): yii\filters\auth\HttpHeaderAuth->authenticate(Object(yii\web\User), Object(yii\web\Request), Object(yii\web\Response))
#2 /var/www/html/vendor/yiisoft/yii2/base/ActionFilter.php(77): yii\filters\auth\AuthMethod->beforeAction(Object(yii\rest\IndexAction))
#3 [internal function]: yii\base\ActionFilter->beforeFilter(Object(yii\base\ActionEvent))
#4 /var/www/html/vendor/yiisoft/yii2/base/Component.php(648): call_user_func(Array, Object(yii\base\ActionEvent))
#5 /var/www/html/vendor/yiisoft/yii2/base/Controller.php(303): yii\base\Component->trigger('beforeAction', Object(yii\base\ActionEvent))
#6 /var/www/html/vendor/yiisoft/yii2/web/Controller.php(318): yii\base\Controller->beforeAction(Object(yii\rest\IndexAction))
#7 /var/www/html/vendor/yiisoft/yii2/base/Controller.php(182): yii\web\Controller->beforeAction(Object(yii\rest\IndexAction))
#8 /var/www/html/vendor/yiisoft/yii2/base/Module.php(555): yii\base\Controller->runAction('index', Array)
#9 /var/www/html/vendor/yiisoft/yii2/web/Application.php(103): yii\base\Module->runAction('vendor/index', Array)
#10 /var/www/html/vendor/yiisoft/yii2/base/Application.php(387): yii\web\Application->handleRequest(Object(yii\web\Request))
#11 /var/www/html/api/web/index.php(15): yii\base\Application->run()
#12 {main}
2025-11-25 08:48:21 [127.0.0.1][-][-][info][application] $_GET = []

$_POST = []

$_FILES = []

$_COOKIE = []

$_SERVER = [
    'REDIRECT_STATUS' => '200'
    'HTTP_HOST' => 'localhost'
    'HTTP_USER_AGENT' => 'curl/8.14.1'
    'HTTP_ACCEPT' => '*/*'
    'PATH' => '/usr/local/sbin:/usr/local/bin:/usr/sbin:/usr/bin:/sbin:/bin'
    'SERVER_SIGNATURE' => '<address>Apache/2.4.65 (Debian) Server at localhost Port 80</address>
'
    'SERVER_SOFTWARE' => 'Apache/2.4.65 (Debian)'
    'SERVER_NAME' => 'localhost'
    'SERVER_ADDR' => '127.0.0.1'
    'SERVER_PORT' => '80'
    'REMOTE_ADDR' => '127.0.0.1'
    'DOCUMENT_ROOT' => '/var/www/html/api/web'
    'REQUEST_SCHEME' => 'http'
    'CONTEXT_PREFIX' => ''
    'CONTEXT_DOCUMENT_ROOT' => '/var/www/html/api/web'
    'SERVER_ADMIN' => '[no address given]'
    'SCRIPT_FILENAME' => '/var/www/html/api/web/index.php'
    'REMOTE_PORT' => '34712'
    'REDIRECT_URL' => '/vendors'
    'GATEWAY_INTERFACE' => 'CGI/1.1'
    'SERVER_PROTOCOL' => 'HTTP/1.1'
    'REQUEST_METHOD' => 'GET'
    'QUERY_STRING' => ''
    'REQUEST_URI' => '/vendors'
    'SCRIPT_NAME' => '/index.php'
    'PHP_SELF' => '/index.php'
    'REQUEST_TIME_FLOAT' => 1764060501.2606
    'REQUEST_TIME' => 1764060501
    'argv' => []
    'argc' => 0
]
2025-11-25 08:49:33 [172.21.0.1][-][-][error][yii\web\HttpException:404] yii\base\InvalidRouteException: Unable to resolve the request "". in /var/www/html/vendor/yiisoft/yii2/base/Module.php:564
Stack trace:
#0 /var/www/html/vendor/yiisoft/yii2/web/Application.php(103): yii\base\Module->runAction('', Array)
#1 /var/www/html/vendor/yiisoft/yii2/base/Application.php(387): yii\web\Application->handleRequest(Object(yii\web\Request))
#2 /var/www/html/api/web/index.php(15): yii\base\Application->run()
#3 {main}

Next yii\web\NotFoundHttpException: Page not found. in /var/www/html/vendor/yiisoft/yii2/web/Application.php:115
Stack trace:
#0 /var/www/html/vendor/yiisoft/yii2/base/Application.php(387): yii\web\Application->handleRequest(Object(yii\web\Request))
#1 /var/www/html/api/web/index.php(15): yii\base\Application->run()
#2 {main}
2025-11-25 08:49:32 [172.21.0.1][-][-][info][application] $_GET = []

$_POST = []

$_FILES = []

$_COOKIE = [
    '_identity' => 'c9d587cb0271a088ea197add5e42d86406c7b25fbdd162324ebf2087c39fba2ea:2:{i:0;s:9:\"_identity\";i:1;s:46:\"[1,\"ZTvuKPCaORTycV__A6yDLz26H2TIxu2t\",2592000]\";}'
    'pma_lang' => 'en'
    'phpMyAdmin' => '4ff29e36ed0ee3d1e0eeaf9c87c5c7ea'
]

$_SERVER = [
    'HTTP_HOST' => 'localhost:8080'
    'HTTP_CONNECTION' => 'keep-alive'
    'HTTP_CACHE_CONTROL' => 'max-age=0'
    'HTTP_SEC_CH_UA' => '\"Chromium\";v=\"142\", \"Google Chrome\";v=\"142\", \"Not_A Brand\";v=\"99\"'
    'HTTP_SEC_CH_UA_MOBILE' => '?0'
    'HTTP_SEC_CH_UA_PLATFORM' => '\"Windows\"'
    'HTTP_UPGRADE_INSECURE_REQUESTS' => '1'
    'HTTP_USER_AGENT' => 'Mozilla/5.0 (Windows NT 10.0; Win64; x64) AppleWebKit/537.36 (KHTML, like Gecko) Chrome/142.0.0.0 Safari/537.36'
    'HTTP_ACCEPT' => 'text/html,application/xhtml+xml,application/xml;q=0.9,image/avif,image/webp,image/apng,*/*;q=0.8,application/signed-exchange;v=b3;q=0.7'
    'HTTP_SEC_FETCH_SITE' => 'none'
    'HTTP_SEC_FETCH_MODE' => 'navigate'
    'HTTP_SEC_FETCH_USER' => '?1'
    'HTTP_SEC_FETCH_DEST' => 'document'
    'HTTP_ACCEPT_ENCODING' => 'gzip, deflate, br, zstd'
    'HTTP_ACCEPT_LANGUAGE' => 'en-US,en;q=0.9'
    'HTTP_COOKIE' => '_identity=c9d587cb0271a088ea197add5e42d86406c7b25fbdd162324ebf2087c39fba2ea%3A2%3A%7Bi%3A0%3Bs%3A9%3A%22_identity%22%3Bi%3A1%3Bs%3A46%3A%22%5B1%2C%22ZTvuKPCaORTycV__A6yDLz26H2TIxu2t%22%2C2592000%5D%22%3B%7D; pma_lang=en; phpMyAdmin=4ff29e36ed0ee3d1e0eeaf9c87c5c7ea'
    'PATH' => '/usr/local/sbin:/usr/local/bin:/usr/sbin:/usr/bin:/sbin:/bin'
    'SERVER_SIGNATURE' => '<address>Apache/2.4.65 (Debian) Server at localhost Port 8080</address>
'
    'SERVER_SOFTWARE' => 'Apache/2.4.65 (Debian)'
    'SERVER_NAME' => 'localhost'
    'SERVER_ADDR' => '172.21.0.4'
    'SERVER_PORT' => '8080'
    'REMOTE_ADDR' => '172.21.0.1'
    'DOCUMENT_ROOT' => '/var/www/html/api/web'
    'REQUEST_SCHEME' => 'http'
    'CONTEXT_PREFIX' => ''
    'CONTEXT_DOCUMENT_ROOT' => '/var/www/html/api/web'
    'SERVER_ADMIN' => '[no address given]'
    'SCRIPT_FILENAME' => '/var/www/html/api/web/index.php'
    'REMOTE_PORT' => '40596'
    'GATEWAY_INTERFACE' => 'CGI/1.1'
    'SERVER_PROTOCOL' => 'HTTP/1.1'
    'REQUEST_METHOD' => 'GET'
    'QUERY_STRING' => ''
    'REQUEST_URI' => '/'
    'SCRIPT_NAME' => '/index.php'
    'PHP_SELF' => '/index.php'
    'REQUEST_TIME_FLOAT' => 1764060572.3959
    'REQUEST_TIME' => 1764060572
    'argv' => []
    'argc' => 0
]
2025-11-25 08:49:51 [172.21.0.1][-][-][error][yii\web\HttpException:404] yii\base\InvalidRouteException: Unable to resolve the request "api/login". in /var/www/html/vendor/yiisoft/yii2/base/Module.php:564
Stack trace:
#0 /var/www/html/vendor/yiisoft/yii2/web/Application.php(103): yii\base\Module->runAction('api/login', Array)
#1 /var/www/html/vendor/yiisoft/yii2/base/Application.php(387): yii\web\Application->handleRequest(Object(yii\web\Request))
#2 /var/www/html/api/web/index.php(15): yii\base\Application->run()
#3 {main}

Next yii\web\NotFoundHttpException: Page not found. in /var/www/html/vendor/yiisoft/yii2/web/Application.php:115
Stack trace:
#0 /var/www/html/vendor/yiisoft/yii2/base/Application.php(387): yii\web\Application->handleRequest(Object(yii\web\Request))
#1 /var/www/html/api/web/index.php(15): yii\base\Application->run()
#2 {main}
2025-11-25 08:49:51 [172.21.0.1][-][-][info][application] $_GET = []

$_POST = []

$_FILES = []

$_COOKIE = [
    '_identity' => 'c9d587cb0271a088ea197add5e42d86406c7b25fbdd162324ebf2087c39fba2ea:2:{i:0;s:9:\"_identity\";i:1;s:46:\"[1,\"ZTvuKPCaORTycV__A6yDLz26H2TIxu2t\",2592000]\";}'
    'pma_lang' => 'en'
    'phpMyAdmin' => '4ff29e36ed0ee3d1e0eeaf9c87c5c7ea'
]

$_SERVER = [
    'REDIRECT_STATUS' => '200'
    'HTTP_HOST' => 'localhost:8080'
    'HTTP_CONNECTION' => 'keep-alive'
    'HTTP_SEC_CH_UA' => '\"Chromium\";v=\"142\", \"Google Chrome\";v=\"142\", \"Not_A Brand\";v=\"99\"'
    'HTTP_SEC_CH_UA_MOBILE' => '?0'
    'HTTP_SEC_CH_UA_PLATFORM' => '\"Windows\"'
    'HTTP_UPGRADE_INSECURE_REQUESTS' => '1'
    'HTTP_USER_AGENT' => 'Mozilla/5.0 (Windows NT 10.0; Win64; x64) AppleWebKit/537.36 (KHTML, like Gecko) Chrome/142.0.0.0 Safari/537.36'
    'HTTP_ACCEPT' => 'text/html,application/xhtml+xml,application/xml;q=0.9,image/avif,image/webp,image/apng,*/*;q=0.8,application/signed-exchange;v=b3;q=0.7'
    'HTTP_SEC_FETCH_SITE' => 'none'
    'HTTP_SEC_FETCH_MODE' => 'navigate'
    'HTTP_SEC_FETCH_USER' => '?1'
    'HTTP_SEC_FETCH_DEST' => 'document'
    'HTTP_ACCEPT_ENCODING' => 'gzip, deflate, br, zstd'
    'HTTP_ACCEPT_LANGUAGE' => 'en-US,en;q=0.9'
    'HTTP_COOKIE' => '_identity=c9d587cb0271a088ea197add5e42d86406c7b25fbdd162324ebf2087c39fba2ea%3A2%3A%7Bi%3A0%3Bs%3A9%3A%22_identity%22%3Bi%3A1%3Bs%3A46%3A%22%5B1%2C%22ZTvuKPCaORTycV__A6yDLz26H2TIxu2t%22%2C2592000%5D%22%3B%7D; pma_lang=en; phpMyAdmin=4ff29e36ed0ee3d1e0eeaf9c87c5c7ea'
    'PATH' => '/usr/local/sbin:/usr/local/bin:/usr/sbin:/usr/bin:/sbin:/bin'
    'SERVER_SIGNATURE' => '<address>Apache/2.4.65 (Debian) Server at localhost Port 8080</address>
'
    'SERVER_SOFTWARE' => 'Apache/2.4.65 (Debian)'
    'SERVER_NAME' => 'localhost'
    'SERVER_ADDR' => '172.21.0.4'
    'SERVER_PORT' => '8080'
    'REMOTE_ADDR' => '172.21.0.1'
    'DOCUMENT_ROOT' => '/var/www/html/api/web'
    'REQUEST_SCHEME' => 'http'
    'CONTEXT_PREFIX' => ''
    'CONTEXT_DOCUMENT_ROOT' => '/var/www/html/api/web'
    'SERVER_ADMIN' => '[no address given]'
    'SCRIPT_FILENAME' => '/var/www/html/api/web/index.php'
    'REMOTE_PORT' => '40598'
    'REDIRECT_URL' => '/api/login'
    'GATEWAY_INTERFACE' => 'CGI/1.1'
    'SERVER_PROTOCOL' => 'HTTP/1.1'
    'REQUEST_METHOD' => 'GET'
    'QUERY_STRING' => ''
    'REQUEST_URI' => '/api/login'
    'SCRIPT_NAME' => '/index.php'
    'PHP_SELF' => '/index.php'
    'REQUEST_TIME_FLOAT' => 1764060591.4437
    'REQUEST_TIME' => 1764060591
    'argv' => []
    'argc' => 0
]
2025-11-25 08:49:58 [172.21.0.1][-][-][error][yii\web\HttpException:404] yii\base\InvalidRouteException: Unable to resolve the request "". in /var/www/html/vendor/yiisoft/yii2/base/Module.php:564
Stack trace:
#0 /var/www/html/vendor/yiisoft/yii2/web/Application.php(103): yii\base\Module->runAction('', Array)
#1 /var/www/html/vendor/yiisoft/yii2/base/Application.php(387): yii\web\Application->handleRequest(Object(yii\web\Request))
#2 /var/www/html/api/web/index.php(15): yii\base\Application->run()
#3 {main}

Next yii\web\NotFoundHttpException: Page not found. in /var/www/html/vendor/yiisoft/yii2/web/Application.php:115
Stack trace:
#0 /var/www/html/vendor/yiisoft/yii2/base/Application.php(387): yii\web\Application->handleRequest(Object(yii\web\Request))
#1 /var/www/html/api/web/index.php(15): yii\base\Application->run()
#2 {main}
2025-11-25 08:49:58 [172.21.0.1][-][-][info][application] $_GET = []

$_POST = []

$_FILES = []

$_COOKIE = [
    '_identity' => 'c9d587cb0271a088ea197add5e42d86406c7b25fbdd162324ebf2087c39fba2ea:2:{i:0;s:9:\"_identity\";i:1;s:46:\"[1,\"ZTvuKPCaORTycV__A6yDLz26H2TIxu2t\",2592000]\";}'
    'pma_lang' => 'en'
    'phpMyAdmin' => '4ff29e36ed0ee3d1e0eeaf9c87c5c7ea'
]

$_SERVER = [
    'HTTP_HOST' => 'localhost:8080'
    'HTTP_CONNECTION' => 'keep-alive'
    'HTTP_SEC_CH_UA' => '\"Chromium\";v=\"142\", \"Google Chrome\";v=\"142\", \"Not_A Brand\";v=\"99\"'
    'HTTP_SEC_CH_UA_MOBILE' => '?0'
    'HTTP_SEC_CH_UA_PLATFORM' => '\"Windows\"'
    'HTTP_UPGRADE_INSECURE_REQUESTS' => '1'
    'HTTP_USER_AGENT' => 'Mozilla/5.0 (Windows NT 10.0; Win64; x64) AppleWebKit/537.36 (KHTML, like Gecko) Chrome/142.0.0.0 Safari/537.36'
    'HTTP_ACCEPT' => 'text/html,application/xhtml+xml,application/xml;q=0.9,image/avif,image/webp,image/apng,*/*;q=0.8,application/signed-exchange;v=b3;q=0.7'
    'HTTP_SEC_FETCH_SITE' => 'none'
    'HTTP_SEC_FETCH_MODE' => 'navigate'
    'HTTP_SEC_FETCH_USER' => '?1'
    'HTTP_SEC_FETCH_DEST' => 'document'
    'HTTP_ACCEPT_ENCODING' => 'gzip, deflate, br, zstd'
    'HTTP_ACCEPT_LANGUAGE' => 'en-US,en;q=0.9'
    'HTTP_COOKIE' => '_identity=c9d587cb0271a088ea197add5e42d86406c7b25fbdd162324ebf2087c39fba2ea%3A2%3A%7Bi%3A0%3Bs%3A9%3A%22_identity%22%3Bi%3A1%3Bs%3A46%3A%22%5B1%2C%22ZTvuKPCaORTycV__A6yDLz26H2TIxu2t%22%2C2592000%5D%22%3B%7D; pma_lang=en; phpMyAdmin=4ff29e36ed0ee3d1e0eeaf9c87c5c7ea'
    'PATH' => '/usr/local/sbin:/usr/local/bin:/usr/sbin:/usr/bin:/sbin:/bin'
    'SERVER_SIGNATURE' => '<address>Apache/2.4.65 (Debian) Server at localhost Port 8080</address>
'
    'SERVER_SOFTWARE' => 'Apache/2.4.65 (Debian)'
    'SERVER_NAME' => 'localhost'
    'SERVER_ADDR' => '172.21.0.4'
    'SERVER_PORT' => '8080'
    'REMOTE_ADDR' => '172.21.0.1'
    'DOCUMENT_ROOT' => '/var/www/html/api/web'
    'REQUEST_SCHEME' => 'http'
    'CONTEXT_PREFIX' => ''
    'CONTEXT_DOCUMENT_ROOT' => '/var/www/html/api/web'
    'SERVER_ADMIN' => '[no address given]'
    'SCRIPT_FILENAME' => '/var/www/html/api/web/index.php'
    'REMOTE_PORT' => '45756'
    'GATEWAY_INTERFACE' => 'CGI/1.1'
    'SERVER_PROTOCOL' => 'HTTP/1.1'
    'REQUEST_METHOD' => 'GET'
    'QUERY_STRING' => ''
    'REQUEST_URI' => '/'
    'SCRIPT_NAME' => '/index.php'
    'PHP_SELF' => '/index.php'
    'REQUEST_TIME_FLOAT' => 1764060598.7718
    'REQUEST_TIME' => 1764060598
    'argv' => []
    'argc' => 0
]
2025-11-25 08:54:53 [172.21.0.1][-][-][error][yii\web\HttpException:404] yii\base\InvalidRouteException: Unable to resolve the request "". in /var/www/html/vendor/yiisoft/yii2/base/Module.php:564
Stack trace:
#0 /var/www/html/vendor/yiisoft/yii2/web/Application.php(103): yii\base\Module->runAction('', Array)
#1 /var/www/html/vendor/yiisoft/yii2/base/Application.php(387): yii\web\Application->handleRequest(Object(yii\web\Request))
#2 /var/www/html/api/web/index.php(15): yii\base\Application->run()
#3 {main}

Next yii\web\NotFoundHttpException: Page not found. in /var/www/html/vendor/yiisoft/yii2/web/Application.php:115
Stack trace:
#0 /var/www/html/vendor/yiisoft/yii2/base/Application.php(387): yii\web\Application->handleRequest(Object(yii\web\Request))
#1 /var/www/html/api/web/index.php(15): yii\base\Application->run()
#2 {main}
2025-11-25 08:54:53 [172.21.0.1][-][-][info][application] $_GET = []

$_POST = []

$_FILES = []

$_COOKIE = [
    '_identity' => 'c9d587cb0271a088ea197add5e42d86406c7b25fbdd162324ebf2087c39fba2ea:2:{i:0;s:9:\"_identity\";i:1;s:46:\"[1,\"ZTvuKPCaORTycV__A6yDLz26H2TIxu2t\",2592000]\";}'
    'pma_lang' => 'en'
    'phpMyAdmin' => '4ff29e36ed0ee3d1e0eeaf9c87c5c7ea'
]

$_SERVER = [
    'HTTP_HOST' => 'localhost:8080'
    'HTTP_CONNECTION' => 'keep-alive'
    'HTTP_SEC_CH_UA' => '\"Chromium\";v=\"142\", \"Google Chrome\";v=\"142\", \"Not_A Brand\";v=\"99\"'
    'HTTP_SEC_CH_UA_MOBILE' => '?0'
    'HTTP_SEC_CH_UA_PLATFORM' => '\"Windows\"'
    'HTTP_UPGRADE_INSECURE_REQUESTS' => '1'
    'HTTP_USER_AGENT' => 'Mozilla/5.0 (Windows NT 10.0; Win64; x64) AppleWebKit/537.36 (KHTML, like Gecko) Chrome/142.0.0.0 Safari/537.36'
    'HTTP_ACCEPT' => 'text/html,application/xhtml+xml,application/xml;q=0.9,image/avif,image/webp,image/apng,*/*;q=0.8,application/signed-exchange;v=b3;q=0.7'
    'HTTP_SEC_FETCH_SITE' => 'none'
    'HTTP_SEC_FETCH_MODE' => 'navigate'
    'HTTP_SEC_FETCH_USER' => '?1'
    'HTTP_SEC_FETCH_DEST' => 'document'
    'HTTP_ACCEPT_ENCODING' => 'gzip, deflate, br, zstd'
    'HTTP_ACCEPT_LANGUAGE' => 'en-US,en;q=0.9'
    'HTTP_COOKIE' => '_identity=c9d587cb0271a088ea197add5e42d86406c7b25fbdd162324ebf2087c39fba2ea%3A2%3A%7Bi%3A0%3Bs%3A9%3A%22_identity%22%3Bi%3A1%3Bs%3A46%3A%22%5B1%2C%22ZTvuKPCaORTycV__A6yDLz26H2TIxu2t%22%2C2592000%5D%22%3B%7D; pma_lang=en; phpMyAdmin=4ff29e36ed0ee3d1e0eeaf9c87c5c7ea'
    'PATH' => '/usr/local/sbin:/usr/local/bin:/usr/sbin:/usr/bin:/sbin:/bin'
    'SERVER_SIGNATURE' => '<address>Apache/2.4.65 (Debian) Server at localhost Port 8080</address>
'
    'SERVER_SOFTWARE' => 'Apache/2.4.65 (Debian)'
    'SERVER_NAME' => 'localhost'
    'SERVER_ADDR' => '172.21.0.4'
    'SERVER_PORT' => '8080'
    'REMOTE_ADDR' => '172.21.0.1'
    'DOCUMENT_ROOT' => '/var/www/html/api/web'
    'REQUEST_SCHEME' => 'http'
    'CONTEXT_PREFIX' => ''
    'CONTEXT_DOCUMENT_ROOT' => '/var/www/html/api/web'
    'SERVER_ADMIN' => '[no address given]'
    'SCRIPT_FILENAME' => '/var/www/html/api/web/index.php'
    'REMOTE_PORT' => '50234'
    'GATEWAY_INTERFACE' => 'CGI/1.1'
    'SERVER_PROTOCOL' => 'HTTP/1.1'
    'REQUEST_METHOD' => 'GET'
    'QUERY_STRING' => ''
    'REQUEST_URI' => '/'
    'SCRIPT_NAME' => '/index.php'
    'PHP_SELF' => '/index.php'
    'REQUEST_TIME_FLOAT' => 1764060893.5055
    'REQUEST_TIME' => 1764060893
    'argv' => []
    'argc' => 0
]
2025-11-25 08:54:55 [172.21.0.1][-][-][error][yii\web\HttpException:404] yii\base\InvalidRouteException: Unable to resolve the request "". in /var/www/html/vendor/yiisoft/yii2/base/Module.php:564
Stack trace:
#0 /var/www/html/vendor/yiisoft/yii2/web/Application.php(103): yii\base\Module->runAction('', Array)
#1 /var/www/html/vendor/yiisoft/yii2/base/Application.php(387): yii\web\Application->handleRequest(Object(yii\web\Request))
#2 /var/www/html/api/web/index.php(15): yii\base\Application->run()
#3 {main}

Next yii\web\NotFoundHttpException: Page not found. in /var/www/html/vendor/yiisoft/yii2/web/Application.php:115
Stack trace:
#0 /var/www/html/vendor/yiisoft/yii2/base/Application.php(387): yii\web\Application->handleRequest(Object(yii\web\Request))
#1 /var/www/html/api/web/index.php(15): yii\base\Application->run()
#2 {main}
2025-11-25 08:54:55 [172.21.0.1][-][-][info][application] $_GET = []

$_POST = []

$_FILES = []

$_COOKIE = [
    '_identity' => 'c9d587cb0271a088ea197add5e42d86406c7b25fbdd162324ebf2087c39fba2ea:2:{i:0;s:9:\"_identity\";i:1;s:46:\"[1,\"ZTvuKPCaORTycV__A6yDLz26H2TIxu2t\",2592000]\";}'
    'pma_lang' => 'en'
    'phpMyAdmin' => '4ff29e36ed0ee3d1e0eeaf9c87c5c7ea'
]

$_SERVER = [
    'HTTP_HOST' => 'localhost:8080'
    'HTTP_CONNECTION' => 'keep-alive'
    'HTTP_SEC_CH_UA' => '\"Chromium\";v=\"142\", \"Google Chrome\";v=\"142\", \"Not_A Brand\";v=\"99\"'
    'HTTP_SEC_CH_UA_MOBILE' => '?0'
    'HTTP_SEC_CH_UA_PLATFORM' => '\"Windows\"'
    'HTTP_UPGRADE_INSECURE_REQUESTS' => '1'
    'HTTP_USER_AGENT' => 'Mozilla/5.0 (Windows NT 10.0; Win64; x64) AppleWebKit/537.36 (KHTML, like Gecko) Chrome/142.0.0.0 Safari/537.36'
    'HTTP_ACCEPT' => 'text/html,application/xhtml+xml,application/xml;q=0.9,image/avif,image/webp,image/apng,*/*;q=0.8,application/signed-exchange;v=b3;q=0.7'
    'HTTP_SEC_FETCH_SITE' => 'none'
    'HTTP_SEC_FETCH_MODE' => 'navigate'
    'HTTP_SEC_FETCH_USER' => '?1'
    'HTTP_SEC_FETCH_DEST' => 'document'
    'HTTP_ACCEPT_ENCODING' => 'gzip, deflate, br, zstd'
    'HTTP_ACCEPT_LANGUAGE' => 'en-US,en;q=0.9'
    'HTTP_COOKIE' => '_identity=c9d587cb0271a088ea197add5e42d86406c7b25fbdd162324ebf2087c39fba2ea%3A2%3A%7Bi%3A0%3Bs%3A9%3A%22_identity%22%3Bi%3A1%3Bs%3A46%3A%22%5B1%2C%22ZTvuKPCaORTycV__A6yDLz26H2TIxu2t%22%2C2592000%5D%22%3B%7D; pma_lang=en; phpMyAdmin=4ff29e36ed0ee3d1e0eeaf9c87c5c7ea'
    'PATH' => '/usr/local/sbin:/usr/local/bin:/usr/sbin:/usr/bin:/sbin:/bin'
    'SERVER_SIGNATURE' => '<address>Apache/2.4.65 (Debian) Server at localhost Port 8080</address>
'
    'SERVER_SOFTWARE' => 'Apache/2.4.65 (Debian)'
    'SERVER_NAME' => 'localhost'
    'SERVER_ADDR' => '172.21.0.4'
    'SERVER_PORT' => '8080'
    'REMOTE_ADDR' => '172.21.0.1'
    'DOCUMENT_ROOT' => '/var/www/html/api/web'
    'REQUEST_SCHEME' => 'http'
    'CONTEXT_PREFIX' => ''
    'CONTEXT_DOCUMENT_ROOT' => '/var/www/html/api/web'
    'SERVER_ADMIN' => '[no address given]'
    'SCRIPT_FILENAME' => '/var/www/html/api/web/index.php'
    'REMOTE_PORT' => '50234'
    'GATEWAY_INTERFACE' => 'CGI/1.1'
    'SERVER_PROTOCOL' => 'HTTP/1.1'
    'REQUEST_METHOD' => 'GET'
    'QUERY_STRING' => ''
    'REQUEST_URI' => '/'
    'SCRIPT_NAME' => '/index.php'
    'PHP_SELF' => '/index.php'
    'REQUEST_TIME_FLOAT' => 1764060895.0041
    'REQUEST_TIME' => 1764060895
    'argv' => []
    'argc' => 0
]
2025-11-25 09:04:34 [172.21.0.1][-][-][error][yii\web\HttpException:404] yii\base\InvalidRouteException: Unable to resolve the request "". in /var/www/html/vendor/yiisoft/yii2/base/Module.php:564
Stack trace:
#0 /var/www/html/vendor/yiisoft/yii2/web/Application.php(103): yii\base\Module->runAction('', Array)
#1 /var/www/html/vendor/yiisoft/yii2/base/Application.php(387): yii\web\Application->handleRequest(Object(yii\web\Request))
#2 /var/www/html/api/web/index.php(15): yii\base\Application->run()
#3 {main}

Next yii\web\NotFoundHttpException: Page not found. in /var/www/html/vendor/yiisoft/yii2/web/Application.php:115
Stack trace:
#0 /var/www/html/vendor/yiisoft/yii2/base/Application.php(387): yii\web\Application->handleRequest(Object(yii\web\Request))
#1 /var/www/html/api/web/index.php(15): yii\base\Application->run()
#2 {main}
2025-11-25 09:04:34 [172.21.0.1][-][-][info][application] $_GET = []

$_POST = []

$_FILES = []

$_COOKIE = [
    '_identity' => 'c9d587cb0271a088ea197add5e42d86406c7b25fbdd162324ebf2087c39fba2ea:2:{i:0;s:9:\"_identity\";i:1;s:46:\"[1,\"ZTvuKPCaORTycV__A6yDLz26H2TIxu2t\",2592000]\";}'
    'pma_lang' => 'en'
    'phpMyAdmin' => '4ff29e36ed0ee3d1e0eeaf9c87c5c7ea'
]

$_SERVER = [
    'HTTP_HOST' => 'localhost:8080'
    'HTTP_CONNECTION' => 'keep-alive'
    'HTTP_CACHE_CONTROL' => 'max-age=0'
    'HTTP_SEC_CH_UA' => '\"Chromium\";v=\"142\", \"Google Chrome\";v=\"142\", \"Not_A Brand\";v=\"99\"'
    'HTTP_SEC_CH_UA_MOBILE' => '?0'
    'HTTP_SEC_CH_UA_PLATFORM' => '\"Windows\"'
    'HTTP_UPGRADE_INSECURE_REQUESTS' => '1'
    'HTTP_USER_AGENT' => 'Mozilla/5.0 (Windows NT 10.0; Win64; x64) AppleWebKit/537.36 (KHTML, like Gecko) Chrome/142.0.0.0 Safari/537.36'
    'HTTP_ACCEPT' => 'text/html,application/xhtml+xml,application/xml;q=0.9,image/avif,image/webp,image/apng,*/*;q=0.8,application/signed-exchange;v=b3;q=0.7'
    'HTTP_SEC_FETCH_SITE' => 'none'
    'HTTP_SEC_FETCH_MODE' => 'navigate'
    'HTTP_SEC_FETCH_USER' => '?1'
    'HTTP_SEC_FETCH_DEST' => 'document'
    'HTTP_ACCEPT_ENCODING' => 'gzip, deflate, br, zstd'
    'HTTP_ACCEPT_LANGUAGE' => 'en-US,en;q=0.9'
    'HTTP_COOKIE' => '_identity=c9d587cb0271a088ea197add5e42d86406c7b25fbdd162324ebf2087c39fba2ea%3A2%3A%7Bi%3A0%3Bs%3A9%3A%22_identity%22%3Bi%3A1%3Bs%3A46%3A%22%5B1%2C%22ZTvuKPCaORTycV__A6yDLz26H2TIxu2t%22%2C2592000%5D%22%3B%7D; pma_lang=en; phpMyAdmin=4ff29e36ed0ee3d1e0eeaf9c87c5c7ea'
    'PATH' => '/usr/local/sbin:/usr/local/bin:/usr/sbin:/usr/bin:/sbin:/bin'
    'SERVER_SIGNATURE' => '<address>Apache/2.4.65 (Debian) Server at localhost Port 8080</address>
'
    'SERVER_SOFTWARE' => 'Apache/2.4.65 (Debian)'
    'SERVER_NAME' => 'localhost'
    'SERVER_ADDR' => '172.21.0.4'
    'SERVER_PORT' => '8080'
    'REMOTE_ADDR' => '172.21.0.1'
    'DOCUMENT_ROOT' => '/var/www/html/api/web'
    'REQUEST_SCHEME' => 'http'
    'CONTEXT_PREFIX' => ''
    'CONTEXT_DOCUMENT_ROOT' => '/var/www/html/api/web'
    'SERVER_ADMIN' => '[no address given]'
    'SCRIPT_FILENAME' => '/var/www/html/api/web/index.php'
    'REMOTE_PORT' => '45792'
    'GATEWAY_INTERFACE' => 'CGI/1.1'
    'SERVER_PROTOCOL' => 'HTTP/1.1'
    'REQUEST_METHOD' => 'GET'
    'QUERY_STRING' => ''
    'REQUEST_URI' => '/'
    'SCRIPT_NAME' => '/index.php'
    'PHP_SELF' => '/index.php'
    'REQUEST_TIME_FLOAT' => 1764061474.4387
    'REQUEST_TIME' => 1764061474
    'argv' => []
    'argc' => 0
]
2025-11-25 09:10:30 [172.21.0.1][-][-][error][yii\web\HttpException:404] yii\base\InvalidRouteException: Unable to resolve the request "". in /var/www/html/vendor/yiisoft/yii2/base/Module.php:564
Stack trace:
#0 /var/www/html/vendor/yiisoft/yii2/web/Application.php(103): yii\base\Module->runAction('', Array)
#1 /var/www/html/vendor/yiisoft/yii2/base/Application.php(387): yii\web\Application->handleRequest(Object(yii\web\Request))
#2 /var/www/html/api/web/index.php(15): yii\base\Application->run()
#3 {main}

Next yii\web\NotFoundHttpException: Page not found. in /var/www/html/vendor/yiisoft/yii2/web/Application.php:115
Stack trace:
#0 /var/www/html/vendor/yiisoft/yii2/base/Application.php(387): yii\web\Application->handleRequest(Object(yii\web\Request))
#1 /var/www/html/api/web/index.php(15): yii\base\Application->run()
#2 {main}
2025-11-25 09:10:30 [172.21.0.1][-][-][info][application] $_GET = []

$_POST = []

$_FILES = []

$_COOKIE = [
    '_identity' => 'c9d587cb0271a088ea197add5e42d86406c7b25fbdd162324ebf2087c39fba2ea:2:{i:0;s:9:\"_identity\";i:1;s:46:\"[1,\"ZTvuKPCaORTycV__A6yDLz26H2TIxu2t\",2592000]\";}'
    'pma_lang' => 'en'
    'phpMyAdmin' => '4ff29e36ed0ee3d1e0eeaf9c87c5c7ea'
]

$_SERVER = [
    'HTTP_HOST' => 'localhost:8080'
    'HTTP_CONNECTION' => 'keep-alive'
    'HTTP_CACHE_CONTROL' => 'max-age=0'
    'HTTP_SEC_CH_UA' => '\"Chromium\";v=\"142\", \"Google Chrome\";v=\"142\", \"Not_A Brand\";v=\"99\"'
    'HTTP_SEC_CH_UA_MOBILE' => '?0'
    'HTTP_SEC_CH_UA_PLATFORM' => '\"Windows\"'
    'HTTP_UPGRADE_INSECURE_REQUESTS' => '1'
    'HTTP_USER_AGENT' => 'Mozilla/5.0 (Windows NT 10.0; Win64; x64) AppleWebKit/537.36 (KHTML, like Gecko) Chrome/142.0.0.0 Safari/537.36'
    'HTTP_ACCEPT' => 'text/html,application/xhtml+xml,application/xml;q=0.9,image/avif,image/webp,image/apng,*/*;q=0.8,application/signed-exchange;v=b3;q=0.7'
    'HTTP_SEC_FETCH_SITE' => 'none'
    'HTTP_SEC_FETCH_MODE' => 'navigate'
    'HTTP_SEC_FETCH_USER' => '?1'
    'HTTP_SEC_FETCH_DEST' => 'document'
    'HTTP_ACCEPT_ENCODING' => 'gzip, deflate, br, zstd'
    'HTTP_ACCEPT_LANGUAGE' => 'en-US,en;q=0.9'
    'HTTP_COOKIE' => '_identity=c9d587cb0271a088ea197add5e42d86406c7b25fbdd162324ebf2087c39fba2ea%3A2%3A%7Bi%3A0%3Bs%3A9%3A%22_identity%22%3Bi%3A1%3Bs%3A46%3A%22%5B1%2C%22ZTvuKPCaORTycV__A6yDLz26H2TIxu2t%22%2C2592000%5D%22%3B%7D; pma_lang=en; phpMyAdmin=4ff29e36ed0ee3d1e0eeaf9c87c5c7ea'
    'PATH' => '/usr/local/sbin:/usr/local/bin:/usr/sbin:/usr/bin:/sbin:/bin'
    'SERVER_SIGNATURE' => '<address>Apache/2.4.65 (Debian) Server at localhost Port 8080</address>
'
    'SERVER_SOFTWARE' => 'Apache/2.4.65 (Debian)'
    'SERVER_NAME' => 'localhost'
    'SERVER_ADDR' => '172.21.0.4'
    'SERVER_PORT' => '8080'
    'REMOTE_ADDR' => '172.21.0.1'
    'DOCUMENT_ROOT' => '/var/www/html/api/web'
    'REQUEST_SCHEME' => 'http'
    'CONTEXT_PREFIX' => ''
    'CONTEXT_DOCUMENT_ROOT' => '/var/www/html/api/web'
    'SERVER_ADMIN' => '[no address given]'
    'SCRIPT_FILENAME' => '/var/www/html/api/web/index.php'
    'REMOTE_PORT' => '47246'
    'GATEWAY_INTERFACE' => 'CGI/1.1'
    'SERVER_PROTOCOL' => 'HTTP/1.1'
    'REQUEST_METHOD' => 'GET'
    'QUERY_STRING' => ''
    'REQUEST_URI' => '/'
    'SCRIPT_NAME' => '/index.php'
    'PHP_SELF' => '/index.php'
    'REQUEST_TIME_FLOAT' => 1764061829.8101
    'REQUEST_TIME' => 1764061829
    'argv' => []
    'argc' => 0
]
2025-11-25 09:10:33 [172.21.0.1][-][-][error][yii\web\HttpException:404] yii\base\InvalidRouteException: Unable to resolve the request "". in /var/www/html/vendor/yiisoft/yii2/base/Module.php:564
Stack trace:
#0 /var/www/html/vendor/yiisoft/yii2/web/Application.php(103): yii\base\Module->runAction('', Array)
#1 /var/www/html/vendor/yiisoft/yii2/base/Application.php(387): yii\web\Application->handleRequest(Object(yii\web\Request))
#2 /var/www/html/api/web/index.php(15): yii\base\Application->run()
#3 {main}

Next yii\web\NotFoundHttpException: Page not found. in /var/www/html/vendor/yiisoft/yii2/web/Application.php:115
Stack trace:
#0 /var/www/html/vendor/yiisoft/yii2/base/Application.php(387): yii\web\Application->handleRequest(Object(yii\web\Request))
#1 /var/www/html/api/web/index.php(15): yii\base\Application->run()
#2 {main}
2025-11-25 09:10:33 [172.21.0.1][-][-][info][application] $_GET = []

$_POST = []

$_FILES = []

$_COOKIE = [
    '_identity' => 'c9d587cb0271a088ea197add5e42d86406c7b25fbdd162324ebf2087c39fba2ea:2:{i:0;s:9:\"_identity\";i:1;s:46:\"[1,\"ZTvuKPCaORTycV__A6yDLz26H2TIxu2t\",2592000]\";}'
    'pma_lang' => 'en'
    'phpMyAdmin' => '4ff29e36ed0ee3d1e0eeaf9c87c5c7ea'
]

$_SERVER = [
    'HTTP_HOST' => 'localhost:8080'
    'HTTP_CONNECTION' => 'keep-alive'
    'HTTP_CACHE_CONTROL' => 'max-age=0'
    'HTTP_SEC_CH_UA' => '\"Chromium\";v=\"142\", \"Google Chrome\";v=\"142\", \"Not_A Brand\";v=\"99\"'
    'HTTP_SEC_CH_UA_MOBILE' => '?0'
    'HTTP_SEC_CH_UA_PLATFORM' => '\"Windows\"'
    'HTTP_UPGRADE_INSECURE_REQUESTS' => '1'
    'HTTP_USER_AGENT' => 'Mozilla/5.0 (Windows NT 10.0; Win64; x64) AppleWebKit/537.36 (KHTML, like Gecko) Chrome/142.0.0.0 Safari/537.36'
    'HTTP_ACCEPT' => 'text/html,application/xhtml+xml,application/xml;q=0.9,image/avif,image/webp,image/apng,*/*;q=0.8,application/signed-exchange;v=b3;q=0.7'
    'HTTP_SEC_FETCH_SITE' => 'none'
    'HTTP_SEC_FETCH_MODE' => 'navigate'
    'HTTP_SEC_FETCH_USER' => '?1'
    'HTTP_SEC_FETCH_DEST' => 'document'
    'HTTP_ACCEPT_ENCODING' => 'gzip, deflate, br, zstd'
    'HTTP_ACCEPT_LANGUAGE' => 'en-US,en;q=0.9'
    'HTTP_COOKIE' => '_identity=c9d587cb0271a088ea197add5e42d86406c7b25fbdd162324ebf2087c39fba2ea%3A2%3A%7Bi%3A0%3Bs%3A9%3A%22_identity%22%3Bi%3A1%3Bs%3A46%3A%22%5B1%2C%22ZTvuKPCaORTycV__A6yDLz26H2TIxu2t%22%2C2592000%5D%22%3B%7D; pma_lang=en; phpMyAdmin=4ff29e36ed0ee3d1e0eeaf9c87c5c7ea'
    'PATH' => '/usr/local/sbin:/usr/local/bin:/usr/sbin:/usr/bin:/sbin:/bin'
    'SERVER_SIGNATURE' => '<address>Apache/2.4.65 (Debian) Server at localhost Port 8080</address>
'
    'SERVER_SOFTWARE' => 'Apache/2.4.65 (Debian)'
    'SERVER_NAME' => 'localhost'
    'SERVER_ADDR' => '172.21.0.4'
    'SERVER_PORT' => '8080'
    'REMOTE_ADDR' => '172.21.0.1'
    'DOCUMENT_ROOT' => '/var/www/html/api/web'
    'REQUEST_SCHEME' => 'http'
    'CONTEXT_PREFIX' => ''
    'CONTEXT_DOCUMENT_ROOT' => '/var/www/html/api/web'
    'SERVER_ADMIN' => '[no address given]'
    'SCRIPT_FILENAME' => '/var/www/html/api/web/index.php'
    'REMOTE_PORT' => '47246'
    'GATEWAY_INTERFACE' => 'CGI/1.1'
    'SERVER_PROTOCOL' => 'HTTP/1.1'
    'REQUEST_METHOD' => 'GET'
    'QUERY_STRING' => ''
    'REQUEST_URI' => '/'
    'SCRIPT_NAME' => '/index.php'
    'PHP_SELF' => '/index.php'
    'REQUEST_TIME_FLOAT' => 1764061833.1597
    'REQUEST_TIME' => 1764061833
    'argv' => []
    'argc' => 0
]
2025-11-25 11:30:55 [::1][-][-][error][yii\web\HttpException:404] yii\base\InvalidRouteException: Unable to resolve the request "". in C:\masa-bg\backend\vendor\yiisoft\yii2\base\Module.php:564
Stack trace:
#0 C:\masa-bg\backend\vendor\yiisoft\yii2\web\Application.php(103): yii\base\Module->runAction('', Array)
#1 C:\masa-bg\backend\vendor\yiisoft\yii2\base\Application.php(387): yii\web\Application->handleRequest(Object(yii\web\Request))
#2 C:\masa-bg\backend\api\web\index.php(15): yii\base\Application->run()
#3 {main}

Next yii\web\NotFoundHttpException: Page not found. in C:\masa-bg\backend\vendor\yiisoft\yii2\web\Application.php:115
Stack trace:
#0 C:\masa-bg\backend\vendor\yiisoft\yii2\base\Application.php(387): yii\web\Application->handleRequest(Object(yii\web\Request))
#1 C:\masa-bg\backend\api\web\index.php(15): yii\base\Application->run()
#2 {main}
2025-11-25 11:30:55 [::1][-][-][info][application] $_GET = []

$_POST = []

$_FILES = []

$_COOKIE = [
    '_identity' => 'c9d587cb0271a088ea197add5e42d86406c7b25fbdd162324ebf2087c39fba2ea:2:{i:0;s:9:\"_identity\";i:1;s:46:\"[1,\"ZTvuKPCaORTycV__A6yDLz26H2TIxu2t\",2592000]\";}'
    'pma_lang' => 'en'
    'phpMyAdmin' => '987b83db011c7e0f1d41714f5b75c00a'
]

$_SERVER = [
    'DOCUMENT_ROOT' => 'C:\\masa-bg\\backend\\api\\web'
    'REMOTE_ADDR' => '::1'
    'REMOTE_PORT' => '61618'
    'SERVER_SOFTWARE' => 'PHP 8.2.12 Development Server'
    'SERVER_PROTOCOL' => 'HTTP/1.1'
    'SERVER_NAME' => 'localhost'
    'SERVER_PORT' => '8082'
    'REQUEST_URI' => '/'
    'REQUEST_METHOD' => 'GET'
    'SCRIPT_NAME' => '/index.php'
    'SCRIPT_FILENAME' => 'C:\\masa-bg\\backend\\api\\web\\index.php'
    'PHP_SELF' => '/index.php'
    'HTTP_HOST' => 'localhost:8082'
    'HTTP_CONNECTION' => 'keep-alive'
    'HTTP_SEC_CH_UA' => '\"Chromium\";v=\"142\", \"Google Chrome\";v=\"142\", \"Not_A Brand\";v=\"99\"'
    'HTTP_SEC_CH_UA_MOBILE' => '?0'
    'HTTP_SEC_CH_UA_PLATFORM' => '\"Windows\"'
    'HTTP_UPGRADE_INSECURE_REQUESTS' => '1'
    'HTTP_USER_AGENT' => 'Mozilla/5.0 (Windows NT 10.0; Win64; x64) AppleWebKit/537.36 (KHTML, like Gecko) Chrome/142.0.0.0 Safari/537.36'
    'HTTP_ACCEPT' => 'text/html,application/xhtml+xml,application/xml;q=0.9,image/avif,image/webp,image/apng,*/*;q=0.8,application/signed-exchange;v=b3;q=0.7'
    'HTTP_SEC_FETCH_SITE' => 'none'
    'HTTP_SEC_FETCH_MODE' => 'navigate'
    'HTTP_SEC_FETCH_USER' => '?1'
    'HTTP_SEC_FETCH_DEST' => 'document'
    'HTTP_ACCEPT_ENCODING' => 'gzip, deflate, br, zstd'
    'HTTP_ACCEPT_LANGUAGE' => 'en-US,en;q=0.9'
    'HTTP_COOKIE' => '_identity=c9d587cb0271a088ea197add5e42d86406c7b25fbdd162324ebf2087c39fba2ea%3A2%3A%7Bi%3A0%3Bs%3A9%3A%22_identity%22%3Bi%3A1%3Bs%3A46%3A%22%5B1%2C%22ZTvuKPCaORTycV__A6yDLz26H2TIxu2t%22%2C2592000%5D%22%3B%7D; pma_lang=en; phpMyAdmin=987b83db011c7e0f1d41714f5b75c00a'
    'REQUEST_TIME_FLOAT' => 1764066655.2298
    'REQUEST_TIME' => 1764066655
]
2025-11-25 11:38:35 [::1][-][-][error][yii\web\HttpException:404] yii\base\InvalidRouteException: Unable to resolve the request "". in C:\masa-bg\backend\vendor\yiisoft\yii2\base\Module.php:564
Stack trace:
#0 C:\masa-bg\backend\vendor\yiisoft\yii2\web\Application.php(103): yii\base\Module->runAction('', Array)
#1 C:\masa-bg\backend\vendor\yiisoft\yii2\base\Application.php(387): yii\web\Application->handleRequest(Object(yii\web\Request))
#2 C:\masa-bg\backend\api\web\index.php(15): yii\base\Application->run()
#3 {main}

Next yii\web\NotFoundHttpException: Page not found. in C:\masa-bg\backend\vendor\yiisoft\yii2\web\Application.php:115
Stack trace:
#0 C:\masa-bg\backend\vendor\yiisoft\yii2\base\Application.php(387): yii\web\Application->handleRequest(Object(yii\web\Request))
#1 C:\masa-bg\backend\api\web\index.php(15): yii\base\Application->run()
#2 {main}
2025-11-25 11:38:35 [::1][-][-][info][application] $_GET = []

$_POST = []

$_FILES = []

$_COOKIE = [
    '_identity' => 'c9d587cb0271a088ea197add5e42d86406c7b25fbdd162324ebf2087c39fba2ea:2:{i:0;s:9:\"_identity\";i:1;s:46:\"[1,\"ZTvuKPCaORTycV__A6yDLz26H2TIxu2t\",2592000]\";}'
    'pma_lang' => 'en'
    'phpMyAdmin' => '7ea34e7a086cfb1ba9e6fc87d4e51b77'
]

$_SERVER = [
    'DOCUMENT_ROOT' => 'C:\\masa-bg\\backend\\api\\web'
    'REMOTE_ADDR' => '::1'
    'REMOTE_PORT' => '58098'
    'SERVER_SOFTWARE' => 'PHP 8.2.12 Development Server'
    'SERVER_PROTOCOL' => 'HTTP/1.1'
    'SERVER_NAME' => 'localhost'
    'SERVER_PORT' => '8082'
    'REQUEST_URI' => '/'
    'REQUEST_METHOD' => 'GET'
    'SCRIPT_NAME' => '/index.php'
    'SCRIPT_FILENAME' => 'C:\\masa-bg\\backend\\api\\web\\index.php'
    'PHP_SELF' => '/index.php'
    'HTTP_HOST' => 'localhost:8082'
    'HTTP_CONNECTION' => 'keep-alive'
    'HTTP_SEC_CH_UA' => '\"Chromium\";v=\"142\", \"Google Chrome\";v=\"142\", \"Not_A Brand\";v=\"99\"'
    'HTTP_SEC_CH_UA_MOBILE' => '?0'
    'HTTP_SEC_CH_UA_PLATFORM' => '\"Windows\"'
    'HTTP_UPGRADE_INSECURE_REQUESTS' => '1'
    'HTTP_USER_AGENT' => 'Mozilla/5.0 (Windows NT 10.0; Win64; x64) AppleWebKit/537.36 (KHTML, like Gecko) Chrome/142.0.0.0 Safari/537.36'
    'HTTP_ACCEPT' => 'text/html,application/xhtml+xml,application/xml;q=0.9,image/avif,image/webp,image/apng,*/*;q=0.8,application/signed-exchange;v=b3;q=0.7'
    'HTTP_SEC_FETCH_SITE' => 'none'
    'HTTP_SEC_FETCH_MODE' => 'navigate'
    'HTTP_SEC_FETCH_USER' => '?1'
    'HTTP_SEC_FETCH_DEST' => 'document'
    'HTTP_ACCEPT_ENCODING' => 'gzip, deflate, br, zstd'
    'HTTP_ACCEPT_LANGUAGE' => 'en-US,en;q=0.9'
    'HTTP_COOKIE' => '_identity=c9d587cb0271a088ea197add5e42d86406c7b25fbdd162324ebf2087c39fba2ea%3A2%3A%7Bi%3A0%3Bs%3A9%3A%22_identity%22%3Bi%3A1%3Bs%3A46%3A%22%5B1%2C%22ZTvuKPCaORTycV__A6yDLz26H2TIxu2t%22%2C2592000%5D%22%3B%7D; pma_lang=en; phpMyAdmin=7ea34e7a086cfb1ba9e6fc87d4e51b77'
    'REQUEST_TIME_FLOAT' => 1764067115.4177
    'REQUEST_TIME' => 1764067115
]
2025-11-25 11:39:23 [::1][-][-][error][yii\web\HttpException:404] yii\base\InvalidRouteException: Unable to resolve the request "". in C:\masa-bg\backend\vendor\yiisoft\yii2\base\Module.php:564
Stack trace:
#0 C:\masa-bg\backend\vendor\yiisoft\yii2\web\Application.php(103): yii\base\Module->runAction('', Array)
#1 C:\masa-bg\backend\vendor\yiisoft\yii2\base\Application.php(387): yii\web\Application->handleRequest(Object(yii\web\Request))
#2 C:\masa-bg\backend\api\web\index.php(15): yii\base\Application->run()
#3 {main}

Next yii\web\NotFoundHttpException: Page not found. in C:\masa-bg\backend\vendor\yiisoft\yii2\web\Application.php:115
Stack trace:
#0 C:\masa-bg\backend\vendor\yiisoft\yii2\base\Application.php(387): yii\web\Application->handleRequest(Object(yii\web\Request))
#1 C:\masa-bg\backend\api\web\index.php(15): yii\base\Application->run()
#2 {main}
2025-11-25 11:39:23 [::1][-][-][info][application] $_GET = [
    'r' => 'auth/login'
]

$_POST = []

$_FILES = []

$_COOKIE = []

$_SERVER = [
    'DOCUMENT_ROOT' => 'C:\\masa-bg\\backend\\api\\web'
    'REMOTE_ADDR' => '::1'
    'REMOTE_PORT' => '56636'
    'SERVER_SOFTWARE' => 'PHP 8.2.12 Development Server'
    'SERVER_PROTOCOL' => 'HTTP/1.1'
    'SERVER_NAME' => 'localhost'
    'SERVER_PORT' => '8082'
    'REQUEST_URI' => '/index.php?r=auth/login'
    'REQUEST_METHOD' => 'POST'
    'SCRIPT_NAME' => '/index.php'
    'SCRIPT_FILENAME' => 'C:\\masa-bg\\backend\\api\\web\\index.php'
    'PHP_SELF' => '/index.php'
    'QUERY_STRING' => 'r=auth/login'
    'HTTP_HOST' => 'localhost:8082'
    'HTTP_USER_AGENT' => 'curl/8.16.0'
    'HTTP_ACCEPT' => '*/*'
    'CONTENT_TYPE' => 'application/json'
    'HTTP_CONTENT_TYPE' => 'application/json'
    'CONTENT_LENGTH' => '42'
    'HTTP_CONTENT_LENGTH' => '42'
    'REQUEST_TIME_FLOAT' => 1764067163.4319
    'REQUEST_TIME' => 1764067163
]
2025-11-26 06:01:13 [172.21.0.1][-][-][error][yii\web\HttpException:404] yii\base\InvalidRouteException: Unable to resolve the request "site/options". in /var/www/html/vendor/yiisoft/yii2/base/Module.php:564
Stack trace:
#0 /var/www/html/vendor/yiisoft/yii2/web/Application.php(103): yii\base\Module->runAction('site/options', Array)
#1 /var/www/html/vendor/yiisoft/yii2/base/Application.php(387): yii\web\Application->handleRequest(Object(yii\web\Request))
#2 /var/www/html/api/web/index.php(15): yii\base\Application->run()
#3 {main}

Next yii\web\NotFoundHttpException: Page not found. in /var/www/html/vendor/yiisoft/yii2/web/Application.php:115
Stack trace:
#0 /var/www/html/vendor/yiisoft/yii2/base/Application.php(387): yii\web\Application->handleRequest(Object(yii\web\Request))
#1 /var/www/html/api/web/index.php(15): yii\base\Application->run()
#2 {main}
2025-11-26 06:01:13 [172.21.0.1][-][-][info][application] $_GET = [
    'path' => 'auth/login'
]

$_POST = []

$_FILES = []

$_COOKIE = []

$_SERVER = [
    'REDIRECT_STATUS' => '200'
    'HTTP_HOST' => 'localhost:8080'
    'HTTP_CONNECTION' => 'keep-alive'
    'HTTP_ACCEPT' => '*/*'
    'HTTP_ACCESS_CONTROL_REQUEST_METHOD' => 'POST'
    'HTTP_ACCESS_CONTROL_REQUEST_HEADERS' => 'content-type'
    'HTTP_ORIGIN' => 'http://localhost:3000'
    'HTTP_USER_AGENT' => 'Mozilla/5.0 (Windows NT 10.0; Win64; x64) AppleWebKit/537.36 (KHTML, like Gecko) Chrome/142.0.0.0 Safari/537.36'
    'HTTP_SEC_FETCH_MODE' => 'cors'
    'HTTP_SEC_FETCH_SITE' => 'same-site'
    'HTTP_SEC_FETCH_DEST' => 'empty'
    'HTTP_REFERER' => 'http://localhost:3000/'
    'HTTP_ACCEPT_ENCODING' => 'gzip, deflate, br, zstd'
    'HTTP_ACCEPT_LANGUAGE' => 'en-US,en;q=0.9'
    'PATH' => '/usr/local/sbin:/usr/local/bin:/usr/sbin:/usr/bin:/sbin:/bin'
    'SERVER_SIGNATURE' => '<address>Apache/2.4.65 (Debian) Server at localhost Port 8080</address>
'
    'SERVER_SOFTWARE' => 'Apache/2.4.65 (Debian)'
    'SERVER_NAME' => 'localhost'
    'SERVER_ADDR' => '172.21.0.4'
    'SERVER_PORT' => '8080'
    'REMOTE_ADDR' => '172.21.0.1'
    'DOCUMENT_ROOT' => '/var/www/html/api/web'
    'REQUEST_SCHEME' => 'http'
    'CONTEXT_PREFIX' => ''
    'CONTEXT_DOCUMENT_ROOT' => '/var/www/html/api/web'
    'SERVER_ADMIN' => '[no address given]'
    'SCRIPT_FILENAME' => '/var/www/html/api/web/index.php'
    'REMOTE_PORT' => '44470'
    'REDIRECT_URL' => '/auth/login'
    'GATEWAY_INTERFACE' => 'CGI/1.1'
    'SERVER_PROTOCOL' => 'HTTP/1.1'
    'REQUEST_METHOD' => 'OPTIONS'
    'QUERY_STRING' => ''
    'REQUEST_URI' => '/auth/login'
    'SCRIPT_NAME' => '/index.php'
    'PHP_SELF' => '/index.php'
    'REQUEST_TIME_FLOAT' => 1764136873.5152
    'REQUEST_TIME' => 1764136873
    'argv' => []
    'argc' => 0
]
2025-11-26 06:01:13 [172.21.0.1][-][-][error][yii\web\HttpException:404] yii\base\InvalidRouteException: Unable to resolve the request "site/options". in /var/www/html/vendor/yiisoft/yii2/base/Module.php:564
Stack trace:
#0 /var/www/html/vendor/yiisoft/yii2/web/Application.php(103): yii\base\Module->runAction('site/options', Array)
#1 /var/www/html/vendor/yiisoft/yii2/base/Application.php(387): yii\web\Application->handleRequest(Object(yii\web\Request))
#2 /var/www/html/api/web/index.php(15): yii\base\Application->run()
#3 {main}

Next yii\web\NotFoundHttpException: Page not found. in /var/www/html/vendor/yiisoft/yii2/web/Application.php:115
Stack trace:
#0 /var/www/html/vendor/yiisoft/yii2/base/Application.php(387): yii\web\Application->handleRequest(Object(yii\web\Request))
#1 /var/www/html/api/web/index.php(15): yii\base\Application->run()
#2 {main}
2025-11-26 06:01:13 [172.21.0.1][-][-][info][application] $_GET = [
    'path' => 'auth/login'
]

$_POST = []

$_FILES = []

$_COOKIE = []

$_SERVER = [
    'REDIRECT_STATUS' => '200'
    'HTTP_HOST' => 'localhost:8080'
    'HTTP_CONNECTION' => 'keep-alive'
    'HTTP_ACCEPT' => '*/*'
    'HTTP_ACCESS_CONTROL_REQUEST_METHOD' => 'POST'
    'HTTP_ACCESS_CONTROL_REQUEST_HEADERS' => 'content-type'
    'HTTP_ORIGIN' => 'http://localhost:3000'
    'HTTP_USER_AGENT' => 'Mozilla/5.0 (Windows NT 10.0; Win64; x64) AppleWebKit/537.36 (KHTML, like Gecko) Chrome/142.0.0.0 Safari/537.36'
    'HTTP_SEC_FETCH_MODE' => 'cors'
    'HTTP_SEC_FETCH_SITE' => 'same-site'
    'HTTP_SEC_FETCH_DEST' => 'empty'
    'HTTP_REFERER' => 'http://localhost:3000/'
    'HTTP_ACCEPT_ENCODING' => 'gzip, deflate, br, zstd'
    'HTTP_ACCEPT_LANGUAGE' => 'en-US,en;q=0.9'
    'PATH' => '/usr/local/sbin:/usr/local/bin:/usr/sbin:/usr/bin:/sbin:/bin'
    'SERVER_SIGNATURE' => '<address>Apache/2.4.65 (Debian) Server at localhost Port 8080</address>
'
    'SERVER_SOFTWARE' => 'Apache/2.4.65 (Debian)'
    'SERVER_NAME' => 'localhost'
    'SERVER_ADDR' => '172.21.0.4'
    'SERVER_PORT' => '8080'
    'REMOTE_ADDR' => '172.21.0.1'
    'DOCUMENT_ROOT' => '/var/www/html/api/web'
    'REQUEST_SCHEME' => 'http'
    'CONTEXT_PREFIX' => ''
    'CONTEXT_DOCUMENT_ROOT' => '/var/www/html/api/web'
    'SERVER_ADMIN' => '[no address given]'
    'SCRIPT_FILENAME' => '/var/www/html/api/web/index.php'
    'REMOTE_PORT' => '44470'
    'REDIRECT_URL' => '/auth/login'
    'GATEWAY_INTERFACE' => 'CGI/1.1'
    'SERVER_PROTOCOL' => 'HTTP/1.1'
    'REQUEST_METHOD' => 'OPTIONS'
    'QUERY_STRING' => ''
    'REQUEST_URI' => '/auth/login'
    'SCRIPT_NAME' => '/index.php'
    'PHP_SELF' => '/index.php'
    'REQUEST_TIME_FLOAT' => 1764136873.5152
    'REQUEST_TIME' => 1764136873
    'argv' => []
    'argc' => 0
]
2025-11-26 06:01:16 [172.21.0.1][-][-][error][yii\web\HttpException:404] yii\base\InvalidRouteException: Unable to resolve the request "site/options". in /var/www/html/vendor/yiisoft/yii2/base/Module.php:564
Stack trace:
#0 /var/www/html/vendor/yiisoft/yii2/web/Application.php(103): yii\base\Module->runAction('site/options', Array)
#1 /var/www/html/vendor/yiisoft/yii2/base/Application.php(387): yii\web\Application->handleRequest(Object(yii\web\Request))
#2 /var/www/html/api/web/index.php(15): yii\base\Application->run()
#3 {main}

Next yii\web\NotFoundHttpException: Page not found. in /var/www/html/vendor/yiisoft/yii2/web/Application.php:115
Stack trace:
#0 /var/www/html/vendor/yiisoft/yii2/base/Application.php(387): yii\web\Application->handleRequest(Object(yii\web\Request))
#1 /var/www/html/api/web/index.php(15): yii\base\Application->run()
#2 {main}
2025-11-26 06:01:16 [172.21.0.1][-][-][info][application] $_GET = [
    'path' => 'auth/login'
]

$_POST = []

$_FILES = []

$_COOKIE = []

$_SERVER = [
    'REDIRECT_STATUS' => '200'
    'HTTP_HOST' => 'localhost:8080'
    'HTTP_CONNECTION' => 'keep-alive'
    'HTTP_ACCEPT' => '*/*'
    'HTTP_ACCESS_CONTROL_REQUEST_METHOD' => 'POST'
    'HTTP_ACCESS_CONTROL_REQUEST_HEADERS' => 'content-type'
    'HTTP_ORIGIN' => 'http://localhost:3000'
    'HTTP_USER_AGENT' => 'Mozilla/5.0 (Windows NT 10.0; Win64; x64) AppleWebKit/537.36 (KHTML, like Gecko) Chrome/142.0.0.0 Safari/537.36'
    'HTTP_SEC_FETCH_MODE' => 'cors'
    'HTTP_SEC_FETCH_SITE' => 'same-site'
    'HTTP_SEC_FETCH_DEST' => 'empty'
    'HTTP_REFERER' => 'http://localhost:3000/'
    'HTTP_ACCEPT_ENCODING' => 'gzip, deflate, br, zstd'
    'HTTP_ACCEPT_LANGUAGE' => 'en-US,en;q=0.9'
    'PATH' => '/usr/local/sbin:/usr/local/bin:/usr/sbin:/usr/bin:/sbin:/bin'
    'SERVER_SIGNATURE' => '<address>Apache/2.4.65 (Debian) Server at localhost Port 8080</address>
'
    'SERVER_SOFTWARE' => 'Apache/2.4.65 (Debian)'
    'SERVER_NAME' => 'localhost'
    'SERVER_ADDR' => '172.21.0.4'
    'SERVER_PORT' => '8080'
    'REMOTE_ADDR' => '172.21.0.1'
    'DOCUMENT_ROOT' => '/var/www/html/api/web'
    'REQUEST_SCHEME' => 'http'
    'CONTEXT_PREFIX' => ''
    'CONTEXT_DOCUMENT_ROOT' => '/var/www/html/api/web'
    'SERVER_ADMIN' => '[no address given]'
    'SCRIPT_FILENAME' => '/var/www/html/api/web/index.php'
    'REMOTE_PORT' => '44470'
    'REDIRECT_URL' => '/auth/login'
    'GATEWAY_INTERFACE' => 'CGI/1.1'
    'SERVER_PROTOCOL' => 'HTTP/1.1'
    'REQUEST_METHOD' => 'OPTIONS'
    'QUERY_STRING' => ''
    'REQUEST_URI' => '/auth/login'
    'SCRIPT_NAME' => '/index.php'
    'PHP_SELF' => '/index.php'
    'REQUEST_TIME_FLOAT' => 1764136876.0626
    'REQUEST_TIME' => 1764136876
    'argv' => []
    'argc' => 0
]
2025-11-26 06:01:16 [172.21.0.1][-][-][error][yii\web\HttpException:404] yii\base\InvalidRouteException: Unable to resolve the request "site/options". in /var/www/html/vendor/yiisoft/yii2/base/Module.php:564
Stack trace:
#0 /var/www/html/vendor/yiisoft/yii2/web/Application.php(103): yii\base\Module->runAction('site/options', Array)
#1 /var/www/html/vendor/yiisoft/yii2/base/Application.php(387): yii\web\Application->handleRequest(Object(yii\web\Request))
#2 /var/www/html/api/web/index.php(15): yii\base\Application->run()
#3 {main}

Next yii\web\NotFoundHttpException: Page not found. in /var/www/html/vendor/yiisoft/yii2/web/Application.php:115
Stack trace:
#0 /var/www/html/vendor/yiisoft/yii2/base/Application.php(387): yii\web\Application->handleRequest(Object(yii\web\Request))
#1 /var/www/html/api/web/index.php(15): yii\base\Application->run()
#2 {main}
2025-11-26 06:01:16 [172.21.0.1][-][-][info][application] $_GET = [
    'path' => 'auth/login'
]

$_POST = []

$_FILES = []

$_COOKIE = []

$_SERVER = [
    'REDIRECT_STATUS' => '200'
    'HTTP_HOST' => 'localhost:8080'
    'HTTP_CONNECTION' => 'keep-alive'
    'HTTP_ACCEPT' => '*/*'
    'HTTP_ACCESS_CONTROL_REQUEST_METHOD' => 'POST'
    'HTTP_ACCESS_CONTROL_REQUEST_HEADERS' => 'content-type'
    'HTTP_ORIGIN' => 'http://localhost:3000'
    'HTTP_USER_AGENT' => 'Mozilla/5.0 (Windows NT 10.0; Win64; x64) AppleWebKit/537.36 (KHTML, like Gecko) Chrome/142.0.0.0 Safari/537.36'
    'HTTP_SEC_FETCH_MODE' => 'cors'
    'HTTP_SEC_FETCH_SITE' => 'same-site'
    'HTTP_SEC_FETCH_DEST' => 'empty'
    'HTTP_REFERER' => 'http://localhost:3000/'
    'HTTP_ACCEPT_ENCODING' => 'gzip, deflate, br, zstd'
    'HTTP_ACCEPT_LANGUAGE' => 'en-US,en;q=0.9'
    'PATH' => '/usr/local/sbin:/usr/local/bin:/usr/sbin:/usr/bin:/sbin:/bin'
    'SERVER_SIGNATURE' => '<address>Apache/2.4.65 (Debian) Server at localhost Port 8080</address>
'
    'SERVER_SOFTWARE' => 'Apache/2.4.65 (Debian)'
    'SERVER_NAME' => 'localhost'
    'SERVER_ADDR' => '172.21.0.4'
    'SERVER_PORT' => '8080'
    'REMOTE_ADDR' => '172.21.0.1'
    'DOCUMENT_ROOT' => '/var/www/html/api/web'
    'REQUEST_SCHEME' => 'http'
    'CONTEXT_PREFIX' => ''
    'CONTEXT_DOCUMENT_ROOT' => '/var/www/html/api/web'
    'SERVER_ADMIN' => '[no address given]'
    'SCRIPT_FILENAME' => '/var/www/html/api/web/index.php'
    'REMOTE_PORT' => '44470'
    'REDIRECT_URL' => '/auth/login'
    'GATEWAY_INTERFACE' => 'CGI/1.1'
    'SERVER_PROTOCOL' => 'HTTP/1.1'
    'REQUEST_METHOD' => 'OPTIONS'
    'QUERY_STRING' => ''
    'REQUEST_URI' => '/auth/login'
    'SCRIPT_NAME' => '/index.php'
    'PHP_SELF' => '/index.php'
    'REQUEST_TIME_FLOAT' => 1764136876.0626
    'REQUEST_TIME' => 1764136876
    'argv' => []
    'argc' => 0
]
2025-11-26 06:05:19 [172.21.0.1][-][-][error][yii\web\HttpException:404] yii\base\InvalidRouteException: Unable to resolve the request "site/options". in /var/www/html/vendor/yiisoft/yii2/base/Module.php:564
Stack trace:
#0 /var/www/html/vendor/yiisoft/yii2/web/Application.php(103): yii\base\Module->runAction('site/options', Array)
#1 /var/www/html/vendor/yiisoft/yii2/base/Application.php(387): yii\web\Application->handleRequest(Object(yii\web\Request))
#2 /var/www/html/api/web/index.php(15): yii\base\Application->run()
#3 {main}

Next yii\web\NotFoundHttpException: Page not found. in /var/www/html/vendor/yiisoft/yii2/web/Application.php:115
Stack trace:
#0 /var/www/html/vendor/yiisoft/yii2/base/Application.php(387): yii\web\Application->handleRequest(Object(yii\web\Request))
#1 /var/www/html/api/web/index.php(15): yii\base\Application->run()
#2 {main}
2025-11-26 06:05:19 [172.21.0.1][-][-][info][application] $_GET = [
    'path' => 'auth/login'
]

$_POST = []

$_FILES = []

$_COOKIE = []

$_SERVER = [
    'REDIRECT_STATUS' => '200'
    'HTTP_HOST' => 'localhost:8080'
    'HTTP_CONNECTION' => 'keep-alive'
    'HTTP_ACCEPT' => '*/*'
    'HTTP_ACCESS_CONTROL_REQUEST_METHOD' => 'POST'
    'HTTP_ACCESS_CONTROL_REQUEST_HEADERS' => 'content-type'
    'HTTP_ORIGIN' => 'http://localhost:3000'
    'HTTP_USER_AGENT' => 'Mozilla/5.0 (Windows NT 10.0; Win64; x64) AppleWebKit/537.36 (KHTML, like Gecko) Chrome/142.0.0.0 Safari/537.36'
    'HTTP_SEC_FETCH_MODE' => 'cors'
    'HTTP_SEC_FETCH_SITE' => 'same-site'
    'HTTP_SEC_FETCH_DEST' => 'empty'
    'HTTP_REFERER' => 'http://localhost:3000/'
    'HTTP_ACCEPT_ENCODING' => 'gzip, deflate, br, zstd'
    'HTTP_ACCEPT_LANGUAGE' => 'en-US,en;q=0.9'
    'PATH' => '/usr/local/sbin:/usr/local/bin:/usr/sbin:/usr/bin:/sbin:/bin'
    'SERVER_SIGNATURE' => '<address>Apache/2.4.65 (Debian) Server at localhost Port 8080</address>
'
    'SERVER_SOFTWARE' => 'Apache/2.4.65 (Debian)'
    'SERVER_NAME' => 'localhost'
    'SERVER_ADDR' => '172.21.0.4'
    'SERVER_PORT' => '8080'
    'REMOTE_ADDR' => '172.21.0.1'
    'DOCUMENT_ROOT' => '/var/www/html/api/web'
    'REQUEST_SCHEME' => 'http'
    'CONTEXT_PREFIX' => ''
    'CONTEXT_DOCUMENT_ROOT' => '/var/www/html/api/web'
    'SERVER_ADMIN' => '[no address given]'
    'SCRIPT_FILENAME' => '/var/www/html/api/web/index.php'
    'REMOTE_PORT' => '42868'
    'REDIRECT_URL' => '/auth/login'
    'GATEWAY_INTERFACE' => 'CGI/1.1'
    'SERVER_PROTOCOL' => 'HTTP/1.1'
    'REQUEST_METHOD' => 'OPTIONS'
    'QUERY_STRING' => ''
    'REQUEST_URI' => '/auth/login'
    'SCRIPT_NAME' => '/index.php'
    'PHP_SELF' => '/index.php'
    'REQUEST_TIME_FLOAT' => 1764137119.3732
    'REQUEST_TIME' => 1764137119
    'argv' => []
    'argc' => 0
]
2025-11-26 06:05:19 [172.21.0.1][-][-][error][yii\web\HttpException:404] yii\base\InvalidRouteException: Unable to resolve the request "site/options". in /var/www/html/vendor/yiisoft/yii2/base/Module.php:564
Stack trace:
#0 /var/www/html/vendor/yiisoft/yii2/web/Application.php(103): yii\base\Module->runAction('site/options', Array)
#1 /var/www/html/vendor/yiisoft/yii2/base/Application.php(387): yii\web\Application->handleRequest(Object(yii\web\Request))
#2 /var/www/html/api/web/index.php(15): yii\base\Application->run()
#3 {main}

Next yii\web\NotFoundHttpException: Page not found. in /var/www/html/vendor/yiisoft/yii2/web/Application.php:115
Stack trace:
#0 /var/www/html/vendor/yiisoft/yii2/base/Application.php(387): yii\web\Application->handleRequest(Object(yii\web\Request))
#1 /var/www/html/api/web/index.php(15): yii\base\Application->run()
#2 {main}
2025-11-26 06:05:19 [172.21.0.1][-][-][info][application] $_GET = [
    'path' => 'auth/login'
]

$_POST = []

$_FILES = []

$_COOKIE = []

$_SERVER = [
    'REDIRECT_STATUS' => '200'
    'HTTP_HOST' => 'localhost:8080'
    'HTTP_CONNECTION' => 'keep-alive'
    'HTTP_ACCEPT' => '*/*'
    'HTTP_ACCESS_CONTROL_REQUEST_METHOD' => 'POST'
    'HTTP_ACCESS_CONTROL_REQUEST_HEADERS' => 'content-type'
    'HTTP_ORIGIN' => 'http://localhost:3000'
    'HTTP_USER_AGENT' => 'Mozilla/5.0 (Windows NT 10.0; Win64; x64) AppleWebKit/537.36 (KHTML, like Gecko) Chrome/142.0.0.0 Safari/537.36'
    'HTTP_SEC_FETCH_MODE' => 'cors'
    'HTTP_SEC_FETCH_SITE' => 'same-site'
    'HTTP_SEC_FETCH_DEST' => 'empty'
    'HTTP_REFERER' => 'http://localhost:3000/'
    'HTTP_ACCEPT_ENCODING' => 'gzip, deflate, br, zstd'
    'HTTP_ACCEPT_LANGUAGE' => 'en-US,en;q=0.9'
    'PATH' => '/usr/local/sbin:/usr/local/bin:/usr/sbin:/usr/bin:/sbin:/bin'
    'SERVER_SIGNATURE' => '<address>Apache/2.4.65 (Debian) Server at localhost Port 8080</address>
'
    'SERVER_SOFTWARE' => 'Apache/2.4.65 (Debian)'
    'SERVER_NAME' => 'localhost'
    'SERVER_ADDR' => '172.21.0.4'
    'SERVER_PORT' => '8080'
    'REMOTE_ADDR' => '172.21.0.1'
    'DOCUMENT_ROOT' => '/var/www/html/api/web'
    'REQUEST_SCHEME' => 'http'
    'CONTEXT_PREFIX' => ''
    'CONTEXT_DOCUMENT_ROOT' => '/var/www/html/api/web'
    'SERVER_ADMIN' => '[no address given]'
    'SCRIPT_FILENAME' => '/var/www/html/api/web/index.php'
    'REMOTE_PORT' => '42868'
    'REDIRECT_URL' => '/auth/login'
    'GATEWAY_INTERFACE' => 'CGI/1.1'
    'SERVER_PROTOCOL' => 'HTTP/1.1'
    'REQUEST_METHOD' => 'OPTIONS'
    'QUERY_STRING' => ''
    'REQUEST_URI' => '/auth/login'
    'SCRIPT_NAME' => '/index.php'
    'PHP_SELF' => '/index.php'
    'REQUEST_TIME_FLOAT' => 1764137119.3732
    'REQUEST_TIME' => 1764137119
    'argv' => []
    'argc' => 0
]
2025-11-26 06:05:21 [172.21.0.1][-][-][error][yii\web\HttpException:404] yii\base\InvalidRouteException: Unable to resolve the request "site/options". in /var/www/html/vendor/yiisoft/yii2/base/Module.php:564
Stack trace:
#0 /var/www/html/vendor/yiisoft/yii2/web/Application.php(103): yii\base\Module->runAction('site/options', Array)
#1 /var/www/html/vendor/yiisoft/yii2/base/Application.php(387): yii\web\Application->handleRequest(Object(yii\web\Request))
#2 /var/www/html/api/web/index.php(15): yii\base\Application->run()
#3 {main}

Next yii\web\NotFoundHttpException: Page not found. in /var/www/html/vendor/yiisoft/yii2/web/Application.php:115
Stack trace:
#0 /var/www/html/vendor/yiisoft/yii2/base/Application.php(387): yii\web\Application->handleRequest(Object(yii\web\Request))
#1 /var/www/html/api/web/index.php(15): yii\base\Application->run()
#2 {main}
2025-11-26 06:05:21 [172.21.0.1][-][-][info][application] $_GET = [
    'path' => 'auth/login'
]

$_POST = []

$_FILES = []

$_COOKIE = []

$_SERVER = [
    'REDIRECT_STATUS' => '200'
    'HTTP_HOST' => 'localhost:8080'
    'HTTP_CONNECTION' => 'keep-alive'
    'HTTP_ACCEPT' => '*/*'
    'HTTP_ACCESS_CONTROL_REQUEST_METHOD' => 'POST'
    'HTTP_ACCESS_CONTROL_REQUEST_HEADERS' => 'content-type'
    'HTTP_ORIGIN' => 'http://localhost:3000'
    'HTTP_USER_AGENT' => 'Mozilla/5.0 (Windows NT 10.0; Win64; x64) AppleWebKit/537.36 (KHTML, like Gecko) Chrome/142.0.0.0 Safari/537.36'
    'HTTP_SEC_FETCH_MODE' => 'cors'
    'HTTP_SEC_FETCH_SITE' => 'same-site'
    'HTTP_SEC_FETCH_DEST' => 'empty'
    'HTTP_REFERER' => 'http://localhost:3000/'
    'HTTP_ACCEPT_ENCODING' => 'gzip, deflate, br, zstd'
    'HTTP_ACCEPT_LANGUAGE' => 'en-US,en;q=0.9'
    'PATH' => '/usr/local/sbin:/usr/local/bin:/usr/sbin:/usr/bin:/sbin:/bin'
    'SERVER_SIGNATURE' => '<address>Apache/2.4.65 (Debian) Server at localhost Port 8080</address>
'
    'SERVER_SOFTWARE' => 'Apache/2.4.65 (Debian)'
    'SERVER_NAME' => 'localhost'
    'SERVER_ADDR' => '172.21.0.4'
    'SERVER_PORT' => '8080'
    'REMOTE_ADDR' => '172.21.0.1'
    'DOCUMENT_ROOT' => '/var/www/html/api/web'
    'REQUEST_SCHEME' => 'http'
    'CONTEXT_PREFIX' => ''
    'CONTEXT_DOCUMENT_ROOT' => '/var/www/html/api/web'
    'SERVER_ADMIN' => '[no address given]'
    'SCRIPT_FILENAME' => '/var/www/html/api/web/index.php'
    'REMOTE_PORT' => '42868'
    'REDIRECT_URL' => '/auth/login'
    'GATEWAY_INTERFACE' => 'CGI/1.1'
    'SERVER_PROTOCOL' => 'HTTP/1.1'
    'REQUEST_METHOD' => 'OPTIONS'
    'QUERY_STRING' => ''
    'REQUEST_URI' => '/auth/login'
    'SCRIPT_NAME' => '/index.php'
    'PHP_SELF' => '/index.php'
    'REQUEST_TIME_FLOAT' => 1764137121.0227
    'REQUEST_TIME' => 1764137121
    'argv' => []
    'argc' => 0
]
2025-11-26 06:05:21 [172.21.0.1][-][-][error][yii\web\HttpException:404] yii\base\InvalidRouteException: Unable to resolve the request "site/options". in /var/www/html/vendor/yiisoft/yii2/base/Module.php:564
Stack trace:
#0 /var/www/html/vendor/yiisoft/yii2/web/Application.php(103): yii\base\Module->runAction('site/options', Array)
#1 /var/www/html/vendor/yiisoft/yii2/base/Application.php(387): yii\web\Application->handleRequest(Object(yii\web\Request))
#2 /var/www/html/api/web/index.php(15): yii\base\Application->run()
#3 {main}

Next yii\web\NotFoundHttpException: Page not found. in /var/www/html/vendor/yiisoft/yii2/web/Application.php:115
Stack trace:
#0 /var/www/html/vendor/yiisoft/yii2/base/Application.php(387): yii\web\Application->handleRequest(Object(yii\web\Request))
#1 /var/www/html/api/web/index.php(15): yii\base\Application->run()
#2 {main}
2025-11-26 06:05:21 [172.21.0.1][-][-][info][application] $_GET = [
    'path' => 'auth/login'
]

$_POST = []

$_FILES = []

$_COOKIE = []

$_SERVER = [
    'REDIRECT_STATUS' => '200'
    'HTTP_HOST' => 'localhost:8080'
    'HTTP_CONNECTION' => 'keep-alive'
    'HTTP_ACCEPT' => '*/*'
    'HTTP_ACCESS_CONTROL_REQUEST_METHOD' => 'POST'
    'HTTP_ACCESS_CONTROL_REQUEST_HEADERS' => 'content-type'
    'HTTP_ORIGIN' => 'http://localhost:3000'
    'HTTP_USER_AGENT' => 'Mozilla/5.0 (Windows NT 10.0; Win64; x64) AppleWebKit/537.36 (KHTML, like Gecko) Chrome/142.0.0.0 Safari/537.36'
    'HTTP_SEC_FETCH_MODE' => 'cors'
    'HTTP_SEC_FETCH_SITE' => 'same-site'
    'HTTP_SEC_FETCH_DEST' => 'empty'
    'HTTP_REFERER' => 'http://localhost:3000/'
    'HTTP_ACCEPT_ENCODING' => 'gzip, deflate, br, zstd'
    'HTTP_ACCEPT_LANGUAGE' => 'en-US,en;q=0.9'
    'PATH' => '/usr/local/sbin:/usr/local/bin:/usr/sbin:/usr/bin:/sbin:/bin'
    'SERVER_SIGNATURE' => '<address>Apache/2.4.65 (Debian) Server at localhost Port 8080</address>
'
    'SERVER_SOFTWARE' => 'Apache/2.4.65 (Debian)'
    'SERVER_NAME' => 'localhost'
    'SERVER_ADDR' => '172.21.0.4'
    'SERVER_PORT' => '8080'
    'REMOTE_ADDR' => '172.21.0.1'
    'DOCUMENT_ROOT' => '/var/www/html/api/web'
    'REQUEST_SCHEME' => 'http'
    'CONTEXT_PREFIX' => ''
    'CONTEXT_DOCUMENT_ROOT' => '/var/www/html/api/web'
    'SERVER_ADMIN' => '[no address given]'
    'SCRIPT_FILENAME' => '/var/www/html/api/web/index.php'
    'REMOTE_PORT' => '42868'
    'REDIRECT_URL' => '/auth/login'
    'GATEWAY_INTERFACE' => 'CGI/1.1'
    'SERVER_PROTOCOL' => 'HTTP/1.1'
    'REQUEST_METHOD' => 'OPTIONS'
    'QUERY_STRING' => ''
    'REQUEST_URI' => '/auth/login'
    'SCRIPT_NAME' => '/index.php'
    'PHP_SELF' => '/index.php'
    'REQUEST_TIME_FLOAT' => 1764137121.0227
    'REQUEST_TIME' => 1764137121
    'argv' => []
    'argc' => 0
]
2025-11-26 06:05:22 [172.21.0.1][-][-][error][yii\web\HttpException:404] yii\base\InvalidRouteException: Unable to resolve the request "site/options". in /var/www/html/vendor/yiisoft/yii2/base/Module.php:564
Stack trace:
#0 /var/www/html/vendor/yiisoft/yii2/web/Application.php(103): yii\base\Module->runAction('site/options', Array)
#1 /var/www/html/vendor/yiisoft/yii2/base/Application.php(387): yii\web\Application->handleRequest(Object(yii\web\Request))
#2 /var/www/html/api/web/index.php(15): yii\base\Application->run()
#3 {main}

Next yii\web\NotFoundHttpException: Page not found. in /var/www/html/vendor/yiisoft/yii2/web/Application.php:115
Stack trace:
#0 /var/www/html/vendor/yiisoft/yii2/base/Application.php(387): yii\web\Application->handleRequest(Object(yii\web\Request))
#1 /var/www/html/api/web/index.php(15): yii\base\Application->run()
#2 {main}
2025-11-26 06:05:22 [172.21.0.1][-][-][info][application] $_GET = [
    'path' => 'auth/login'
]

$_POST = []

$_FILES = []

$_COOKIE = []

$_SERVER = [
    'REDIRECT_STATUS' => '200'
    'HTTP_HOST' => 'localhost:8080'
    'HTTP_CONNECTION' => 'keep-alive'
    'HTTP_ACCEPT' => '*/*'
    'HTTP_ACCESS_CONTROL_REQUEST_METHOD' => 'POST'
    'HTTP_ACCESS_CONTROL_REQUEST_HEADERS' => 'content-type'
    'HTTP_ORIGIN' => 'http://localhost:3000'
    'HTTP_USER_AGENT' => 'Mozilla/5.0 (Windows NT 10.0; Win64; x64) AppleWebKit/537.36 (KHTML, like Gecko) Chrome/142.0.0.0 Safari/537.36'
    'HTTP_SEC_FETCH_MODE' => 'cors'
    'HTTP_SEC_FETCH_SITE' => 'same-site'
    'HTTP_SEC_FETCH_DEST' => 'empty'
    'HTTP_REFERER' => 'http://localhost:3000/'
    'HTTP_ACCEPT_ENCODING' => 'gzip, deflate, br, zstd'
    'HTTP_ACCEPT_LANGUAGE' => 'en-US,en;q=0.9'
    'PATH' => '/usr/local/sbin:/usr/local/bin:/usr/sbin:/usr/bin:/sbin:/bin'
    'SERVER_SIGNATURE' => '<address>Apache/2.4.65 (Debian) Server at localhost Port 8080</address>
'
    'SERVER_SOFTWARE' => 'Apache/2.4.65 (Debian)'
    'SERVER_NAME' => 'localhost'
    'SERVER_ADDR' => '172.21.0.4'
    'SERVER_PORT' => '8080'
    'REMOTE_ADDR' => '172.21.0.1'
    'DOCUMENT_ROOT' => '/var/www/html/api/web'
    'REQUEST_SCHEME' => 'http'
    'CONTEXT_PREFIX' => ''
    'CONTEXT_DOCUMENT_ROOT' => '/var/www/html/api/web'
    'SERVER_ADMIN' => '[no address given]'
    'SCRIPT_FILENAME' => '/var/www/html/api/web/index.php'
    'REMOTE_PORT' => '42868'
    'REDIRECT_URL' => '/auth/login'
    'GATEWAY_INTERFACE' => 'CGI/1.1'
    'SERVER_PROTOCOL' => 'HTTP/1.1'
    'REQUEST_METHOD' => 'OPTIONS'
    'QUERY_STRING' => ''
    'REQUEST_URI' => '/auth/login'
    'SCRIPT_NAME' => '/index.php'
    'PHP_SELF' => '/index.php'
    'REQUEST_TIME_FLOAT' => 1764137122.1993
    'REQUEST_TIME' => 1764137122
    'argv' => []
    'argc' => 0
]
2025-11-26 06:05:22 [172.21.0.1][-][-][error][yii\web\HttpException:404] yii\base\InvalidRouteException: Unable to resolve the request "site/options". in /var/www/html/vendor/yiisoft/yii2/base/Module.php:564
Stack trace:
#0 /var/www/html/vendor/yiisoft/yii2/web/Application.php(103): yii\base\Module->runAction('site/options', Array)
#1 /var/www/html/vendor/yiisoft/yii2/base/Application.php(387): yii\web\Application->handleRequest(Object(yii\web\Request))
#2 /var/www/html/api/web/index.php(15): yii\base\Application->run()
#3 {main}

Next yii\web\NotFoundHttpException: Page not found. in /var/www/html/vendor/yiisoft/yii2/web/Application.php:115
Stack trace:
#0 /var/www/html/vendor/yiisoft/yii2/base/Application.php(387): yii\web\Application->handleRequest(Object(yii\web\Request))
#1 /var/www/html/api/web/index.php(15): yii\base\Application->run()
#2 {main}
2025-11-26 06:05:22 [172.21.0.1][-][-][info][application] $_GET = [
    'path' => 'auth/login'
]

$_POST = []

$_FILES = []

$_COOKIE = []

$_SERVER = [
    'REDIRECT_STATUS' => '200'
    'HTTP_HOST' => 'localhost:8080'
    'HTTP_CONNECTION' => 'keep-alive'
    'HTTP_ACCEPT' => '*/*'
    'HTTP_ACCESS_CONTROL_REQUEST_METHOD' => 'POST'
    'HTTP_ACCESS_CONTROL_REQUEST_HEADERS' => 'content-type'
    'HTTP_ORIGIN' => 'http://localhost:3000'
    'HTTP_USER_AGENT' => 'Mozilla/5.0 (Windows NT 10.0; Win64; x64) AppleWebKit/537.36 (KHTML, like Gecko) Chrome/142.0.0.0 Safari/537.36'
    'HTTP_SEC_FETCH_MODE' => 'cors'
    'HTTP_SEC_FETCH_SITE' => 'same-site'
    'HTTP_SEC_FETCH_DEST' => 'empty'
    'HTTP_REFERER' => 'http://localhost:3000/'
    'HTTP_ACCEPT_ENCODING' => 'gzip, deflate, br, zstd'
    'HTTP_ACCEPT_LANGUAGE' => 'en-US,en;q=0.9'
    'PATH' => '/usr/local/sbin:/usr/local/bin:/usr/sbin:/usr/bin:/sbin:/bin'
    'SERVER_SIGNATURE' => '<address>Apache/2.4.65 (Debian) Server at localhost Port 8080</address>
'
    'SERVER_SOFTWARE' => 'Apache/2.4.65 (Debian)'
    'SERVER_NAME' => 'localhost'
    'SERVER_ADDR' => '172.21.0.4'
    'SERVER_PORT' => '8080'
    'REMOTE_ADDR' => '172.21.0.1'
    'DOCUMENT_ROOT' => '/var/www/html/api/web'
    'REQUEST_SCHEME' => 'http'
    'CONTEXT_PREFIX' => ''
    'CONTEXT_DOCUMENT_ROOT' => '/var/www/html/api/web'
    'SERVER_ADMIN' => '[no address given]'
    'SCRIPT_FILENAME' => '/var/www/html/api/web/index.php'
    'REMOTE_PORT' => '42868'
    'REDIRECT_URL' => '/auth/login'
    'GATEWAY_INTERFACE' => 'CGI/1.1'
    'SERVER_PROTOCOL' => 'HTTP/1.1'
    'REQUEST_METHOD' => 'OPTIONS'
    'QUERY_STRING' => ''
    'REQUEST_URI' => '/auth/login'
    'SCRIPT_NAME' => '/index.php'
    'PHP_SELF' => '/index.php'
    'REQUEST_TIME_FLOAT' => 1764137122.1993
    'REQUEST_TIME' => 1764137122
    'argv' => []
    'argc' => 0
]
2025-11-26 06:05:45 [172.21.0.1][-][-][error][yii\web\HttpException:404] yii\base\InvalidRouteException: Unable to resolve the request "site/options". in /var/www/html/vendor/yiisoft/yii2/base/Module.php:564
Stack trace:
#0 /var/www/html/vendor/yiisoft/yii2/web/Application.php(103): yii\base\Module->runAction('site/options', Array)
#1 /var/www/html/vendor/yiisoft/yii2/base/Application.php(387): yii\web\Application->handleRequest(Object(yii\web\Request))
#2 /var/www/html/api/web/index.php(15): yii\base\Application->run()
#3 {main}

Next yii\web\NotFoundHttpException: Page not found. in /var/www/html/vendor/yiisoft/yii2/web/Application.php:115
Stack trace:
#0 /var/www/html/vendor/yiisoft/yii2/base/Application.php(387): yii\web\Application->handleRequest(Object(yii\web\Request))
#1 /var/www/html/api/web/index.php(15): yii\base\Application->run()
#2 {main}
2025-11-26 06:05:45 [172.21.0.1][-][-][info][application] $_GET = [
    'path' => 'auth/login'
]

$_POST = []

$_FILES = []

$_COOKIE = []

$_SERVER = [
    'REDIRECT_STATUS' => '200'
    'HTTP_HOST' => 'localhost:8080'
    'HTTP_CONNECTION' => 'keep-alive'
    'HTTP_ACCEPT' => '*/*'
    'HTTP_ACCESS_CONTROL_REQUEST_METHOD' => 'POST'
    'HTTP_ACCESS_CONTROL_REQUEST_HEADERS' => 'content-type'
    'HTTP_ORIGIN' => 'http://localhost:3000'
    'HTTP_USER_AGENT' => 'Mozilla/5.0 (Windows NT 10.0; Win64; x64) AppleWebKit/537.36 (KHTML, like Gecko) Chrome/142.0.0.0 Safari/537.36'
    'HTTP_SEC_FETCH_MODE' => 'cors'
    'HTTP_SEC_FETCH_SITE' => 'same-site'
    'HTTP_SEC_FETCH_DEST' => 'empty'
    'HTTP_REFERER' => 'http://localhost:3000/'
    'HTTP_ACCEPT_ENCODING' => 'gzip, deflate, br, zstd'
    'HTTP_ACCEPT_LANGUAGE' => 'en-US,en;q=0.9'
    'PATH' => '/usr/local/sbin:/usr/local/bin:/usr/sbin:/usr/bin:/sbin:/bin'
    'SERVER_SIGNATURE' => '<address>Apache/2.4.65 (Debian) Server at localhost Port 8080</address>
'
    'SERVER_SOFTWARE' => 'Apache/2.4.65 (Debian)'
    'SERVER_NAME' => 'localhost'
    'SERVER_ADDR' => '172.21.0.4'
    'SERVER_PORT' => '8080'
    'REMOTE_ADDR' => '172.21.0.1'
    'DOCUMENT_ROOT' => '/var/www/html/api/web'
    'REQUEST_SCHEME' => 'http'
    'CONTEXT_PREFIX' => ''
    'CONTEXT_DOCUMENT_ROOT' => '/var/www/html/api/web'
    'SERVER_ADMIN' => '[no address given]'
    'SCRIPT_FILENAME' => '/var/www/html/api/web/index.php'
    'REMOTE_PORT' => '37588'
    'REDIRECT_URL' => '/auth/login'
    'GATEWAY_INTERFACE' => 'CGI/1.1'
    'SERVER_PROTOCOL' => 'HTTP/1.1'
    'REQUEST_METHOD' => 'OPTIONS'
    'QUERY_STRING' => ''
    'REQUEST_URI' => '/auth/login'
    'SCRIPT_NAME' => '/index.php'
    'PHP_SELF' => '/index.php'
    'REQUEST_TIME_FLOAT' => 1764137144.9983
    'REQUEST_TIME' => 1764137144
    'argv' => []
    'argc' => 0
]
2025-11-26 06:05:45 [172.21.0.1][-][-][error][yii\web\HttpException:404] yii\base\InvalidRouteException: Unable to resolve the request "site/options". in /var/www/html/vendor/yiisoft/yii2/base/Module.php:564
Stack trace:
#0 /var/www/html/vendor/yiisoft/yii2/web/Application.php(103): yii\base\Module->runAction('site/options', Array)
#1 /var/www/html/vendor/yiisoft/yii2/base/Application.php(387): yii\web\Application->handleRequest(Object(yii\web\Request))
#2 /var/www/html/api/web/index.php(15): yii\base\Application->run()
#3 {main}

Next yii\web\NotFoundHttpException: Page not found. in /var/www/html/vendor/yiisoft/yii2/web/Application.php:115
Stack trace:
#0 /var/www/html/vendor/yiisoft/yii2/base/Application.php(387): yii\web\Application->handleRequest(Object(yii\web\Request))
#1 /var/www/html/api/web/index.php(15): yii\base\Application->run()
#2 {main}
2025-11-26 06:05:45 [172.21.0.1][-][-][info][application] $_GET = [
    'path' => 'auth/login'
]

$_POST = []

$_FILES = []

$_COOKIE = []

$_SERVER = [
    'REDIRECT_STATUS' => '200'
    'HTTP_HOST' => 'localhost:8080'
    'HTTP_CONNECTION' => 'keep-alive'
    'HTTP_ACCEPT' => '*/*'
    'HTTP_ACCESS_CONTROL_REQUEST_METHOD' => 'POST'
    'HTTP_ACCESS_CONTROL_REQUEST_HEADERS' => 'content-type'
    'HTTP_ORIGIN' => 'http://localhost:3000'
    'HTTP_USER_AGENT' => 'Mozilla/5.0 (Windows NT 10.0; Win64; x64) AppleWebKit/537.36 (KHTML, like Gecko) Chrome/142.0.0.0 Safari/537.36'
    'HTTP_SEC_FETCH_MODE' => 'cors'
    'HTTP_SEC_FETCH_SITE' => 'same-site'
    'HTTP_SEC_FETCH_DEST' => 'empty'
    'HTTP_REFERER' => 'http://localhost:3000/'
    'HTTP_ACCEPT_ENCODING' => 'gzip, deflate, br, zstd'
    'HTTP_ACCEPT_LANGUAGE' => 'en-US,en;q=0.9'
    'PATH' => '/usr/local/sbin:/usr/local/bin:/usr/sbin:/usr/bin:/sbin:/bin'
    'SERVER_SIGNATURE' => '<address>Apache/2.4.65 (Debian) Server at localhost Port 8080</address>
'
    'SERVER_SOFTWARE' => 'Apache/2.4.65 (Debian)'
    'SERVER_NAME' => 'localhost'
    'SERVER_ADDR' => '172.21.0.4'
    'SERVER_PORT' => '8080'
    'REMOTE_ADDR' => '172.21.0.1'
    'DOCUMENT_ROOT' => '/var/www/html/api/web'
    'REQUEST_SCHEME' => 'http'
    'CONTEXT_PREFIX' => ''
    'CONTEXT_DOCUMENT_ROOT' => '/var/www/html/api/web'
    'SERVER_ADMIN' => '[no address given]'
    'SCRIPT_FILENAME' => '/var/www/html/api/web/index.php'
    'REMOTE_PORT' => '37588'
    'REDIRECT_URL' => '/auth/login'
    'GATEWAY_INTERFACE' => 'CGI/1.1'
    'SERVER_PROTOCOL' => 'HTTP/1.1'
    'REQUEST_METHOD' => 'OPTIONS'
    'QUERY_STRING' => ''
    'REQUEST_URI' => '/auth/login'
    'SCRIPT_NAME' => '/index.php'
    'PHP_SELF' => '/index.php'
    'REQUEST_TIME_FLOAT' => 1764137144.9983
    'REQUEST_TIME' => 1764137144
    'argv' => []
    'argc' => 0
]
2025-11-26 06:08:15 [172.21.0.1][-][-][error][yii\web\HttpException:404] yii\base\InvalidRouteException: Unable to resolve the request "site/options". in /var/www/html/vendor/yiisoft/yii2/base/Module.php:564
Stack trace:
#0 /var/www/html/vendor/yiisoft/yii2/web/Application.php(103): yii\base\Module->runAction('site/options', Array)
#1 /var/www/html/vendor/yiisoft/yii2/base/Application.php(387): yii\web\Application->handleRequest(Object(yii\web\Request))
#2 /var/www/html/api/web/index.php(15): yii\base\Application->run()
#3 {main}

Next yii\web\NotFoundHttpException: Page not found. in /var/www/html/vendor/yiisoft/yii2/web/Application.php:115
Stack trace:
#0 /var/www/html/vendor/yiisoft/yii2/base/Application.php(387): yii\web\Application->handleRequest(Object(yii\web\Request))
#1 /var/www/html/api/web/index.php(15): yii\base\Application->run()
#2 {main}
2025-11-26 06:08:15 [172.21.0.1][-][-][info][application] $_GET = [
    'path' => 'auth/login'
]

$_POST = []

$_FILES = []

$_COOKIE = []

$_SERVER = [
    'REDIRECT_STATUS' => '200'
    'HTTP_HOST' => 'localhost:8080'
    'HTTP_CONNECTION' => 'keep-alive'
    'HTTP_ACCEPT' => '*/*'
    'HTTP_ACCESS_CONTROL_REQUEST_METHOD' => 'POST'
    'HTTP_ACCESS_CONTROL_REQUEST_HEADERS' => 'content-type'
    'HTTP_ORIGIN' => 'http://localhost:3000'
    'HTTP_USER_AGENT' => 'Mozilla/5.0 (Windows NT 10.0; Win64; x64) AppleWebKit/537.36 (KHTML, like Gecko) Chrome/142.0.0.0 Safari/537.36'
    'HTTP_SEC_FETCH_MODE' => 'cors'
    'HTTP_SEC_FETCH_SITE' => 'same-site'
    'HTTP_SEC_FETCH_DEST' => 'empty'
    'HTTP_REFERER' => 'http://localhost:3000/'
    'HTTP_ACCEPT_ENCODING' => 'gzip, deflate, br, zstd'
    'HTTP_ACCEPT_LANGUAGE' => 'en-US,en;q=0.9'
    'PATH' => '/usr/local/sbin:/usr/local/bin:/usr/sbin:/usr/bin:/sbin:/bin'
    'SERVER_SIGNATURE' => '<address>Apache/2.4.65 (Debian) Server at localhost Port 8080</address>
'
    'SERVER_SOFTWARE' => 'Apache/2.4.65 (Debian)'
    'SERVER_NAME' => 'localhost'
    'SERVER_ADDR' => '172.21.0.4'
    'SERVER_PORT' => '8080'
    'REMOTE_ADDR' => '172.21.0.1'
    'DOCUMENT_ROOT' => '/var/www/html/api/web'
    'REQUEST_SCHEME' => 'http'
    'CONTEXT_PREFIX' => ''
    'CONTEXT_DOCUMENT_ROOT' => '/var/www/html/api/web'
    'SERVER_ADMIN' => '[no address given]'
    'SCRIPT_FILENAME' => '/var/www/html/api/web/index.php'
    'REMOTE_PORT' => '55340'
    'REDIRECT_URL' => '/auth/login'
    'GATEWAY_INTERFACE' => 'CGI/1.1'
    'SERVER_PROTOCOL' => 'HTTP/1.1'
    'REQUEST_METHOD' => 'OPTIONS'
    'QUERY_STRING' => ''
    'REQUEST_URI' => '/auth/login'
    'SCRIPT_NAME' => '/index.php'
    'PHP_SELF' => '/index.php'
    'REQUEST_TIME_FLOAT' => 1764137295.1514
    'REQUEST_TIME' => 1764137295
    'argv' => []
    'argc' => 0
]
2025-11-26 06:08:15 [172.21.0.1][-][-][error][yii\web\HttpException:404] yii\base\InvalidRouteException: Unable to resolve the request "site/options". in /var/www/html/vendor/yiisoft/yii2/base/Module.php:564
Stack trace:
#0 /var/www/html/vendor/yiisoft/yii2/web/Application.php(103): yii\base\Module->runAction('site/options', Array)
#1 /var/www/html/vendor/yiisoft/yii2/base/Application.php(387): yii\web\Application->handleRequest(Object(yii\web\Request))
#2 /var/www/html/api/web/index.php(15): yii\base\Application->run()
#3 {main}

Next yii\web\NotFoundHttpException: Page not found. in /var/www/html/vendor/yiisoft/yii2/web/Application.php:115
Stack trace:
#0 /var/www/html/vendor/yiisoft/yii2/base/Application.php(387): yii\web\Application->handleRequest(Object(yii\web\Request))
#1 /var/www/html/api/web/index.php(15): yii\base\Application->run()
#2 {main}
2025-11-26 06:08:15 [172.21.0.1][-][-][info][application] $_GET = [
    'path' => 'auth/login'
]

$_POST = []

$_FILES = []

$_COOKIE = []

$_SERVER = [
    'REDIRECT_STATUS' => '200'
    'HTTP_HOST' => 'localhost:8080'
    'HTTP_CONNECTION' => 'keep-alive'
    'HTTP_ACCEPT' => '*/*'
    'HTTP_ACCESS_CONTROL_REQUEST_METHOD' => 'POST'
    'HTTP_ACCESS_CONTROL_REQUEST_HEADERS' => 'content-type'
    'HTTP_ORIGIN' => 'http://localhost:3000'
    'HTTP_USER_AGENT' => 'Mozilla/5.0 (Windows NT 10.0; Win64; x64) AppleWebKit/537.36 (KHTML, like Gecko) Chrome/142.0.0.0 Safari/537.36'
    'HTTP_SEC_FETCH_MODE' => 'cors'
    'HTTP_SEC_FETCH_SITE' => 'same-site'
    'HTTP_SEC_FETCH_DEST' => 'empty'
    'HTTP_REFERER' => 'http://localhost:3000/'
    'HTTP_ACCEPT_ENCODING' => 'gzip, deflate, br, zstd'
    'HTTP_ACCEPT_LANGUAGE' => 'en-US,en;q=0.9'
    'PATH' => '/usr/local/sbin:/usr/local/bin:/usr/sbin:/usr/bin:/sbin:/bin'
    'SERVER_SIGNATURE' => '<address>Apache/2.4.65 (Debian) Server at localhost Port 8080</address>
'
    'SERVER_SOFTWARE' => 'Apache/2.4.65 (Debian)'
    'SERVER_NAME' => 'localhost'
    'SERVER_ADDR' => '172.21.0.4'
    'SERVER_PORT' => '8080'
    'REMOTE_ADDR' => '172.21.0.1'
    'DOCUMENT_ROOT' => '/var/www/html/api/web'
    'REQUEST_SCHEME' => 'http'
    'CONTEXT_PREFIX' => ''
    'CONTEXT_DOCUMENT_ROOT' => '/var/www/html/api/web'
    'SERVER_ADMIN' => '[no address given]'
    'SCRIPT_FILENAME' => '/var/www/html/api/web/index.php'
    'REMOTE_PORT' => '55340'
    'REDIRECT_URL' => '/auth/login'
    'GATEWAY_INTERFACE' => 'CGI/1.1'
    'SERVER_PROTOCOL' => 'HTTP/1.1'
    'REQUEST_METHOD' => 'OPTIONS'
    'QUERY_STRING' => ''
    'REQUEST_URI' => '/auth/login'
    'SCRIPT_NAME' => '/index.php'
    'PHP_SELF' => '/index.php'
    'REQUEST_TIME_FLOAT' => 1764137295.1514
    'REQUEST_TIME' => 1764137295
    'argv' => []
    'argc' => 0
]
2025-11-26 06:23:56 [172.21.0.1][-][-][error][yii\web\HttpException:404] yii\base\InvalidRouteException: Unable to resolve the request: site/ in /var/www/html/vendor/yiisoft/yii2/base/Controller.php:155
Stack trace:
#0 /var/www/html/vendor/yiisoft/yii2/base/Module.php(555): yii\base\Controller->runAction('', Array)
#1 /var/www/html/vendor/yiisoft/yii2/web/Application.php(103): yii\base\Module->runAction('', Array)
#2 /var/www/html/vendor/yiisoft/yii2/base/Application.php(387): yii\web\Application->handleRequest(Object(yii\web\Request))
#3 /var/www/html/api/web/index.php(15): yii\base\Application->run()
#4 {main}

Next yii\web\NotFoundHttpException: Page not found. in /var/www/html/vendor/yiisoft/yii2/web/Application.php:115
Stack trace:
#0 /var/www/html/vendor/yiisoft/yii2/base/Application.php(387): yii\web\Application->handleRequest(Object(yii\web\Request))
#1 /var/www/html/api/web/index.php(15): yii\base\Application->run()
#2 {main}
2025-11-26 06:23:54 [172.21.0.1][-][-][info][application] $_GET = []

$_POST = []

$_FILES = []

$_COOKIE = [
    '_identity' => 'c9d587cb0271a088ea197add5e42d86406c7b25fbdd162324ebf2087c39fba2ea:2:{i:0;s:9:\"_identity\";i:1;s:46:\"[1,\"ZTvuKPCaORTycV__A6yDLz26H2TIxu2t\",2592000]\";}'
    'pma_lang' => 'en'
    'phpMyAdmin' => 'c6b2e5e815e103635bcb3706f253bea3'
]

$_SERVER = [
    'HTTP_HOST' => 'localhost:8080'
    'HTTP_CONNECTION' => 'keep-alive'
    'HTTP_SEC_CH_UA' => '\"Chromium\";v=\"142\", \"Google Chrome\";v=\"142\", \"Not_A Brand\";v=\"99\"'
    'HTTP_SEC_CH_UA_MOBILE' => '?0'
    'HTTP_SEC_CH_UA_PLATFORM' => '\"Windows\"'
    'HTTP_UPGRADE_INSECURE_REQUESTS' => '1'
    'HTTP_USER_AGENT' => 'Mozilla/5.0 (Windows NT 10.0; Win64; x64) AppleWebKit/537.36 (KHTML, like Gecko) Chrome/142.0.0.0 Safari/537.36'
    'HTTP_ACCEPT' => 'text/html,application/xhtml+xml,application/xml;q=0.9,image/avif,image/webp,image/apng,*/*;q=0.8,application/signed-exchange;v=b3;q=0.7'
    'HTTP_SEC_FETCH_SITE' => 'none'
    'HTTP_SEC_FETCH_MODE' => 'navigate'
    'HTTP_SEC_FETCH_USER' => '?1'
    'HTTP_SEC_FETCH_DEST' => 'document'
    'HTTP_ACCEPT_ENCODING' => 'gzip, deflate, br, zstd'
    'HTTP_ACCEPT_LANGUAGE' => 'en-US,en;q=0.9'
    'HTTP_COOKIE' => '_identity=c9d587cb0271a088ea197add5e42d86406c7b25fbdd162324ebf2087c39fba2ea%3A2%3A%7Bi%3A0%3Bs%3A9%3A%22_identity%22%3Bi%3A1%3Bs%3A46%3A%22%5B1%2C%22ZTvuKPCaORTycV__A6yDLz26H2TIxu2t%22%2C2592000%5D%22%3B%7D; pma_lang=en; phpMyAdmin=c6b2e5e815e103635bcb3706f253bea3'
    'PATH' => '/usr/local/sbin:/usr/local/bin:/usr/sbin:/usr/bin:/sbin:/bin'
    'SERVER_SIGNATURE' => '<address>Apache/2.4.65 (Debian) Server at localhost Port 8080</address>
'
    'SERVER_SOFTWARE' => 'Apache/2.4.65 (Debian)'
    'SERVER_NAME' => 'localhost'
    'SERVER_ADDR' => '172.21.0.4'
    'SERVER_PORT' => '8080'
    'REMOTE_ADDR' => '172.21.0.1'
    'DOCUMENT_ROOT' => '/var/www/html/api/web'
    'REQUEST_SCHEME' => 'http'
    'CONTEXT_PREFIX' => ''
    'CONTEXT_DOCUMENT_ROOT' => '/var/www/html/api/web'
    'SERVER_ADMIN' => '[no address given]'
    'SCRIPT_FILENAME' => '/var/www/html/api/web/index.php'
    'REMOTE_PORT' => '51492'
    'GATEWAY_INTERFACE' => 'CGI/1.1'
    'SERVER_PROTOCOL' => 'HTTP/1.1'
    'REQUEST_METHOD' => 'GET'
    'QUERY_STRING' => ''
    'REQUEST_URI' => '/'
    'SCRIPT_NAME' => '/index.php'
    'PHP_SELF' => '/index.php'
    'REQUEST_TIME_FLOAT' => 1764138233.3891
    'REQUEST_TIME' => 1764138233
    'argv' => []
    'argc' => 0
]
2025-11-26 06:23:56 [172.21.0.1][-][-][error][yii\web\HttpException:404] yii\base\InvalidRouteException: Unable to resolve the request: site/ in /var/www/html/vendor/yiisoft/yii2/base/Controller.php:155
Stack trace:
#0 /var/www/html/vendor/yiisoft/yii2/base/Module.php(555): yii\base\Controller->runAction('', Array)
#1 /var/www/html/vendor/yiisoft/yii2/web/Application.php(103): yii\base\Module->runAction('', Array)
#2 /var/www/html/vendor/yiisoft/yii2/base/Application.php(387): yii\web\Application->handleRequest(Object(yii\web\Request))
#3 /var/www/html/api/web/index.php(15): yii\base\Application->run()
#4 {main}

Next yii\web\NotFoundHttpException: Page not found. in /var/www/html/vendor/yiisoft/yii2/web/Application.php:115
Stack trace:
#0 /var/www/html/vendor/yiisoft/yii2/base/Application.php(387): yii\web\Application->handleRequest(Object(yii\web\Request))
#1 /var/www/html/api/web/index.php(15): yii\base\Application->run()
#2 {main}
2025-11-26 06:23:54 [172.21.0.1][-][-][info][application] $_GET = []

$_POST = []

$_FILES = []

$_COOKIE = [
    '_identity' => 'c9d587cb0271a088ea197add5e42d86406c7b25fbdd162324ebf2087c39fba2ea:2:{i:0;s:9:\"_identity\";i:1;s:46:\"[1,\"ZTvuKPCaORTycV__A6yDLz26H2TIxu2t\",2592000]\";}'
    'pma_lang' => 'en'
    'phpMyAdmin' => 'c6b2e5e815e103635bcb3706f253bea3'
]

$_SERVER = [
    'HTTP_HOST' => 'localhost:8080'
    'HTTP_CONNECTION' => 'keep-alive'
    'HTTP_SEC_CH_UA' => '\"Chromium\";v=\"142\", \"Google Chrome\";v=\"142\", \"Not_A Brand\";v=\"99\"'
    'HTTP_SEC_CH_UA_MOBILE' => '?0'
    'HTTP_SEC_CH_UA_PLATFORM' => '\"Windows\"'
    'HTTP_UPGRADE_INSECURE_REQUESTS' => '1'
    'HTTP_USER_AGENT' => 'Mozilla/5.0 (Windows NT 10.0; Win64; x64) AppleWebKit/537.36 (KHTML, like Gecko) Chrome/142.0.0.0 Safari/537.36'
    'HTTP_ACCEPT' => 'text/html,application/xhtml+xml,application/xml;q=0.9,image/avif,image/webp,image/apng,*/*;q=0.8,application/signed-exchange;v=b3;q=0.7'
    'HTTP_SEC_FETCH_SITE' => 'none'
    'HTTP_SEC_FETCH_MODE' => 'navigate'
    'HTTP_SEC_FETCH_USER' => '?1'
    'HTTP_SEC_FETCH_DEST' => 'document'
    'HTTP_ACCEPT_ENCODING' => 'gzip, deflate, br, zstd'
    'HTTP_ACCEPT_LANGUAGE' => 'en-US,en;q=0.9'
    'HTTP_COOKIE' => '_identity=c9d587cb0271a088ea197add5e42d86406c7b25fbdd162324ebf2087c39fba2ea%3A2%3A%7Bi%3A0%3Bs%3A9%3A%22_identity%22%3Bi%3A1%3Bs%3A46%3A%22%5B1%2C%22ZTvuKPCaORTycV__A6yDLz26H2TIxu2t%22%2C2592000%5D%22%3B%7D; pma_lang=en; phpMyAdmin=c6b2e5e815e103635bcb3706f253bea3'
    'PATH' => '/usr/local/sbin:/usr/local/bin:/usr/sbin:/usr/bin:/sbin:/bin'
    'SERVER_SIGNATURE' => '<address>Apache/2.4.65 (Debian) Server at localhost Port 8080</address>
'
    'SERVER_SOFTWARE' => 'Apache/2.4.65 (Debian)'
    'SERVER_NAME' => 'localhost'
    'SERVER_ADDR' => '172.21.0.4'
    'SERVER_PORT' => '8080'
    'REMOTE_ADDR' => '172.21.0.1'
    'DOCUMENT_ROOT' => '/var/www/html/api/web'
    'REQUEST_SCHEME' => 'http'
    'CONTEXT_PREFIX' => ''
    'CONTEXT_DOCUMENT_ROOT' => '/var/www/html/api/web'
    'SERVER_ADMIN' => '[no address given]'
    'SCRIPT_FILENAME' => '/var/www/html/api/web/index.php'
    'REMOTE_PORT' => '51492'
    'GATEWAY_INTERFACE' => 'CGI/1.1'
    'SERVER_PROTOCOL' => 'HTTP/1.1'
    'REQUEST_METHOD' => 'GET'
    'QUERY_STRING' => ''
    'REQUEST_URI' => '/'
    'SCRIPT_NAME' => '/index.php'
    'PHP_SELF' => '/index.php'
    'REQUEST_TIME_FLOAT' => 1764138233.3891
    'REQUEST_TIME' => 1764138233
    'argv' => []
    'argc' => 0
]
2025-11-26 06:32:51 [172.21.0.1][-][-][error][yii\web\HttpException:400] yii\web\BadRequestHttpException: Invalid JSON data in request body: Syntax error in /var/www/html/vendor/yiisoft/yii2/web/JsonParser.php:60
Stack trace:
#0 /var/www/html/vendor/yiisoft/yii2/web/Request.php(623): yii\web\JsonParser->parse('{\\', 'application/jso...')
#1 /var/www/html/vendor/yiisoft/yii2/web/Request.php(666): yii\web\Request->getBodyParams()
#2 /var/www/html/vendor/yiisoft/yii2/web/Request.php(693): yii\web\Request->getBodyParam('username', NULL)
#3 /var/www/html/api/controllers/AuthController.php(37): yii\web\Request->post('username')
#4 [internal function]: api\controllers\AuthController->actionLogin()
#5 /var/www/html/vendor/yiisoft/yii2/base/InlineAction.php(60): call_user_func_array(Array, Array)
#6 /var/www/html/vendor/yiisoft/yii2/base/Controller.php(184): yii\base\InlineAction->runWithParams(Array)
#7 /var/www/html/vendor/yiisoft/yii2/base/Module.php(555): yii\base\Controller->runAction('login', Array)
#8 /var/www/html/vendor/yiisoft/yii2/web/Application.php(103): yii\base\Module->runAction('auth/login', Array)
#9 /var/www/html/vendor/yiisoft/yii2/base/Application.php(387): yii\web\Application->handleRequest(Object(yii\web\Request))
#10 /var/www/html/api/web/index.php(15): yii\base\Application->run()
#11 {main}
2025-11-26 06:32:51 [172.21.0.1][-][-][info][application] $_GET = []

$_POST = []

$_FILES = []

$_COOKIE = []

$_SERVER = [
    'REDIRECT_STATUS' => '200'
    'HTTP_HOST' => 'localhost:8080'
    'HTTP_USER_AGENT' => 'curl/8.16.0'
    'HTTP_ACCEPT' => '*/*'
    'CONTENT_TYPE' => 'application/json'
    'HTTP_ORIGIN' => 'http://localhost:3000'
    'CONTENT_LENGTH' => '2'
    'PATH' => '/usr/local/sbin:/usr/local/bin:/usr/sbin:/usr/bin:/sbin:/bin'
    'SERVER_SIGNATURE' => '<address>Apache/2.4.65 (Debian) Server at localhost Port 8080</address>
'
    'SERVER_SOFTWARE' => 'Apache/2.4.65 (Debian)'
    'SERVER_NAME' => 'localhost'
    'SERVER_ADDR' => '172.21.0.4'
    'SERVER_PORT' => '8080'
    'REMOTE_ADDR' => '172.21.0.1'
    'DOCUMENT_ROOT' => '/var/www/html/api/web'
    'REQUEST_SCHEME' => 'http'
    'CONTEXT_PREFIX' => ''
    'CONTEXT_DOCUMENT_ROOT' => '/var/www/html/api/web'
    'SERVER_ADMIN' => '[no address given]'
    'SCRIPT_FILENAME' => '/var/www/html/api/web/index.php'
    'REMOTE_PORT' => '50364'
    'REDIRECT_URL' => '/auth/login'
    'GATEWAY_INTERFACE' => 'CGI/1.1'
    'SERVER_PROTOCOL' => 'HTTP/1.1'
    'REQUEST_METHOD' => 'POST'
    'QUERY_STRING' => ''
    'REQUEST_URI' => '/auth/login'
    'SCRIPT_NAME' => '/index.php'
    'PHP_SELF' => '/index.php'
    'REQUEST_TIME_FLOAT' => 1764138770.8977
    'REQUEST_TIME' => 1764138770
    'argv' => []
    'argc' => 0
]
2025-11-26 06:32:51 [172.21.0.1][-][-][error][yii\web\HttpException:400] yii\web\BadRequestHttpException: Invalid JSON data in request body: Syntax error in /var/www/html/vendor/yiisoft/yii2/web/JsonParser.php:60
Stack trace:
#0 /var/www/html/vendor/yiisoft/yii2/web/Request.php(623): yii\web\JsonParser->parse('{\\', 'application/jso...')
#1 /var/www/html/vendor/yiisoft/yii2/web/Request.php(666): yii\web\Request->getBodyParams()
#2 /var/www/html/vendor/yiisoft/yii2/web/Request.php(693): yii\web\Request->getBodyParam('username', NULL)
#3 /var/www/html/api/controllers/AuthController.php(37): yii\web\Request->post('username')
#4 [internal function]: api\controllers\AuthController->actionLogin()
#5 /var/www/html/vendor/yiisoft/yii2/base/InlineAction.php(60): call_user_func_array(Array, Array)
#6 /var/www/html/vendor/yiisoft/yii2/base/Controller.php(184): yii\base\InlineAction->runWithParams(Array)
#7 /var/www/html/vendor/yiisoft/yii2/base/Module.php(555): yii\base\Controller->runAction('login', Array)
#8 /var/www/html/vendor/yiisoft/yii2/web/Application.php(103): yii\base\Module->runAction('auth/login', Array)
#9 /var/www/html/vendor/yiisoft/yii2/base/Application.php(387): yii\web\Application->handleRequest(Object(yii\web\Request))
#10 /var/www/html/api/web/index.php(15): yii\base\Application->run()
#11 {main}
2025-11-26 06:32:51 [172.21.0.1][-][-][info][application] $_GET = []

$_POST = []

$_FILES = []

$_COOKIE = []

$_SERVER = [
    'REDIRECT_STATUS' => '200'
    'HTTP_HOST' => 'localhost:8080'
    'HTTP_USER_AGENT' => 'curl/8.16.0'
    'HTTP_ACCEPT' => '*/*'
    'CONTENT_TYPE' => 'application/json'
    'HTTP_ORIGIN' => 'http://localhost:3000'
    'CONTENT_LENGTH' => '2'
    'PATH' => '/usr/local/sbin:/usr/local/bin:/usr/sbin:/usr/bin:/sbin:/bin'
    'SERVER_SIGNATURE' => '<address>Apache/2.4.65 (Debian) Server at localhost Port 8080</address>
'
    'SERVER_SOFTWARE' => 'Apache/2.4.65 (Debian)'
    'SERVER_NAME' => 'localhost'
    'SERVER_ADDR' => '172.21.0.4'
    'SERVER_PORT' => '8080'
    'REMOTE_ADDR' => '172.21.0.1'
    'DOCUMENT_ROOT' => '/var/www/html/api/web'
    'REQUEST_SCHEME' => 'http'
    'CONTEXT_PREFIX' => ''
    'CONTEXT_DOCUMENT_ROOT' => '/var/www/html/api/web'
    'SERVER_ADMIN' => '[no address given]'
    'SCRIPT_FILENAME' => '/var/www/html/api/web/index.php'
    'REMOTE_PORT' => '50364'
    'REDIRECT_URL' => '/auth/login'
    'GATEWAY_INTERFACE' => 'CGI/1.1'
    'SERVER_PROTOCOL' => 'HTTP/1.1'
    'REQUEST_METHOD' => 'POST'
    'QUERY_STRING' => ''
    'REQUEST_URI' => '/auth/login'
    'SCRIPT_NAME' => '/index.php'
    'PHP_SELF' => '/index.php'
    'REQUEST_TIME_FLOAT' => 1764138770.8977
    'REQUEST_TIME' => 1764138770
    'argv' => []
    'argc' => 0
]
2025-11-26 06:33:34 [172.21.0.1][-][-][error][yii\web\HttpException:404] yii\base\InvalidRouteException: Unable to resolve the request: site/ in /var/www/html/vendor/yiisoft/yii2/base/Controller.php:155
Stack trace:
#0 /var/www/html/vendor/yiisoft/yii2/base/Module.php(555): yii\base\Controller->runAction('', Array)
#1 /var/www/html/vendor/yiisoft/yii2/web/Application.php(103): yii\base\Module->runAction('', Array)
#2 /var/www/html/vendor/yiisoft/yii2/base/Application.php(387): yii\web\Application->handleRequest(Object(yii\web\Request))
#3 /var/www/html/api/web/index.php(15): yii\base\Application->run()
#4 {main}

Next yii\web\NotFoundHttpException: Page not found. in /var/www/html/vendor/yiisoft/yii2/web/Application.php:115
Stack trace:
#0 /var/www/html/vendor/yiisoft/yii2/base/Application.php(387): yii\web\Application->handleRequest(Object(yii\web\Request))
#1 /var/www/html/api/web/index.php(15): yii\base\Application->run()
#2 {main}
2025-11-26 06:33:33 [172.21.0.1][-][-][info][application] $_GET = []

$_POST = []

$_FILES = []

$_COOKIE = [
    '_identity' => 'c9d587cb0271a088ea197add5e42d86406c7b25fbdd162324ebf2087c39fba2ea:2:{i:0;s:9:\"_identity\";i:1;s:46:\"[1,\"ZTvuKPCaORTycV__A6yDLz26H2TIxu2t\",2592000]\";}'
    'pma_lang' => 'en'
    'phpMyAdmin' => 'c6b2e5e815e103635bcb3706f253bea3'
]

$_SERVER = [
    'HTTP_HOST' => 'localhost:8080'
    'HTTP_CONNECTION' => 'keep-alive'
    'HTTP_CACHE_CONTROL' => 'max-age=0'
    'HTTP_SEC_CH_UA' => '\"Chromium\";v=\"142\", \"Google Chrome\";v=\"142\", \"Not_A Brand\";v=\"99\"'
    'HTTP_SEC_CH_UA_MOBILE' => '?0'
    'HTTP_SEC_CH_UA_PLATFORM' => '\"Windows\"'
    'HTTP_UPGRADE_INSECURE_REQUESTS' => '1'
    'HTTP_USER_AGENT' => 'Mozilla/5.0 (Windows NT 10.0; Win64; x64) AppleWebKit/537.36 (KHTML, like Gecko) Chrome/142.0.0.0 Safari/537.36'
    'HTTP_ACCEPT' => 'text/html,application/xhtml+xml,application/xml;q=0.9,image/avif,image/webp,image/apng,*/*;q=0.8,application/signed-exchange;v=b3;q=0.7'
    'HTTP_SEC_FETCH_SITE' => 'none'
    'HTTP_SEC_FETCH_MODE' => 'navigate'
    'HTTP_SEC_FETCH_USER' => '?1'
    'HTTP_SEC_FETCH_DEST' => 'document'
    'HTTP_ACCEPT_ENCODING' => 'gzip, deflate, br, zstd'
    'HTTP_ACCEPT_LANGUAGE' => 'en-US,en;q=0.9'
    'HTTP_COOKIE' => '_identity=c9d587cb0271a088ea197add5e42d86406c7b25fbdd162324ebf2087c39fba2ea%3A2%3A%7Bi%3A0%3Bs%3A9%3A%22_identity%22%3Bi%3A1%3Bs%3A46%3A%22%5B1%2C%22ZTvuKPCaORTycV__A6yDLz26H2TIxu2t%22%2C2592000%5D%22%3B%7D; pma_lang=en; phpMyAdmin=c6b2e5e815e103635bcb3706f253bea3'
    'PATH' => '/usr/local/sbin:/usr/local/bin:/usr/sbin:/usr/bin:/sbin:/bin'
    'SERVER_SIGNATURE' => '<address>Apache/2.4.65 (Debian) Server at localhost Port 8080</address>
'
    'SERVER_SOFTWARE' => 'Apache/2.4.65 (Debian)'
    'SERVER_NAME' => 'localhost'
    'SERVER_ADDR' => '172.21.0.4'
    'SERVER_PORT' => '8080'
    'REMOTE_ADDR' => '172.21.0.1'
    'DOCUMENT_ROOT' => '/var/www/html/api/web'
    'REQUEST_SCHEME' => 'http'
    'CONTEXT_PREFIX' => ''
    'CONTEXT_DOCUMENT_ROOT' => '/var/www/html/api/web'
    'SERVER_ADMIN' => '[no address given]'
    'SCRIPT_FILENAME' => '/var/www/html/api/web/index.php'
    'REMOTE_PORT' => '46234'
    'GATEWAY_INTERFACE' => 'CGI/1.1'
    'SERVER_PROTOCOL' => 'HTTP/1.1'
    'REQUEST_METHOD' => 'GET'
    'QUERY_STRING' => ''
    'REQUEST_URI' => '/'
    'SCRIPT_NAME' => '/index.php'
    'PHP_SELF' => '/index.php'
    'REQUEST_TIME_FLOAT' => 1764138813.6682
    'REQUEST_TIME' => 1764138813
    'argv' => []
    'argc' => 0
]
2025-11-26 06:33:34 [172.21.0.1][-][-][error][yii\web\HttpException:404] yii\base\InvalidRouteException: Unable to resolve the request: site/ in /var/www/html/vendor/yiisoft/yii2/base/Controller.php:155
Stack trace:
#0 /var/www/html/vendor/yiisoft/yii2/base/Module.php(555): yii\base\Controller->runAction('', Array)
#1 /var/www/html/vendor/yiisoft/yii2/web/Application.php(103): yii\base\Module->runAction('', Array)
#2 /var/www/html/vendor/yiisoft/yii2/base/Application.php(387): yii\web\Application->handleRequest(Object(yii\web\Request))
#3 /var/www/html/api/web/index.php(15): yii\base\Application->run()
#4 {main}

Next yii\web\NotFoundHttpException: Page not found. in /var/www/html/vendor/yiisoft/yii2/web/Application.php:115
Stack trace:
#0 /var/www/html/vendor/yiisoft/yii2/base/Application.php(387): yii\web\Application->handleRequest(Object(yii\web\Request))
#1 /var/www/html/api/web/index.php(15): yii\base\Application->run()
#2 {main}
2025-11-26 06:33:33 [172.21.0.1][-][-][info][application] $_GET = []

$_POST = []

$_FILES = []

$_COOKIE = [
    '_identity' => 'c9d587cb0271a088ea197add5e42d86406c7b25fbdd162324ebf2087c39fba2ea:2:{i:0;s:9:\"_identity\";i:1;s:46:\"[1,\"ZTvuKPCaORTycV__A6yDLz26H2TIxu2t\",2592000]\";}'
    'pma_lang' => 'en'
    'phpMyAdmin' => 'c6b2e5e815e103635bcb3706f253bea3'
]

$_SERVER = [
    'HTTP_HOST' => 'localhost:8080'
    'HTTP_CONNECTION' => 'keep-alive'
    'HTTP_CACHE_CONTROL' => 'max-age=0'
    'HTTP_SEC_CH_UA' => '\"Chromium\";v=\"142\", \"Google Chrome\";v=\"142\", \"Not_A Brand\";v=\"99\"'
    'HTTP_SEC_CH_UA_MOBILE' => '?0'
    'HTTP_SEC_CH_UA_PLATFORM' => '\"Windows\"'
    'HTTP_UPGRADE_INSECURE_REQUESTS' => '1'
    'HTTP_USER_AGENT' => 'Mozilla/5.0 (Windows NT 10.0; Win64; x64) AppleWebKit/537.36 (KHTML, like Gecko) Chrome/142.0.0.0 Safari/537.36'
    'HTTP_ACCEPT' => 'text/html,application/xhtml+xml,application/xml;q=0.9,image/avif,image/webp,image/apng,*/*;q=0.8,application/signed-exchange;v=b3;q=0.7'
    'HTTP_SEC_FETCH_SITE' => 'none'
    'HTTP_SEC_FETCH_MODE' => 'navigate'
    'HTTP_SEC_FETCH_USER' => '?1'
    'HTTP_SEC_FETCH_DEST' => 'document'
    'HTTP_ACCEPT_ENCODING' => 'gzip, deflate, br, zstd'
    'HTTP_ACCEPT_LANGUAGE' => 'en-US,en;q=0.9'
    'HTTP_COOKIE' => '_identity=c9d587cb0271a088ea197add5e42d86406c7b25fbdd162324ebf2087c39fba2ea%3A2%3A%7Bi%3A0%3Bs%3A9%3A%22_identity%22%3Bi%3A1%3Bs%3A46%3A%22%5B1%2C%22ZTvuKPCaORTycV__A6yDLz26H2TIxu2t%22%2C2592000%5D%22%3B%7D; pma_lang=en; phpMyAdmin=c6b2e5e815e103635bcb3706f253bea3'
    'PATH' => '/usr/local/sbin:/usr/local/bin:/usr/sbin:/usr/bin:/sbin:/bin'
    'SERVER_SIGNATURE' => '<address>Apache/2.4.65 (Debian) Server at localhost Port 8080</address>
'
    'SERVER_SOFTWARE' => 'Apache/2.4.65 (Debian)'
    'SERVER_NAME' => 'localhost'
    'SERVER_ADDR' => '172.21.0.4'
    'SERVER_PORT' => '8080'
    'REMOTE_ADDR' => '172.21.0.1'
    'DOCUMENT_ROOT' => '/var/www/html/api/web'
    'REQUEST_SCHEME' => 'http'
    'CONTEXT_PREFIX' => ''
    'CONTEXT_DOCUMENT_ROOT' => '/var/www/html/api/web'
    'SERVER_ADMIN' => '[no address given]'
    'SCRIPT_FILENAME' => '/var/www/html/api/web/index.php'
    'REMOTE_PORT' => '46234'
    'GATEWAY_INTERFACE' => 'CGI/1.1'
    'SERVER_PROTOCOL' => 'HTTP/1.1'
    'REQUEST_METHOD' => 'GET'
    'QUERY_STRING' => ''
    'REQUEST_URI' => '/'
    'SCRIPT_NAME' => '/index.php'
    'PHP_SELF' => '/index.php'
    'REQUEST_TIME_FLOAT' => 1764138813.6682
    'REQUEST_TIME' => 1764138813
    'argv' => []
    'argc' => 0
]
2025-11-26 06:34:39 [172.21.0.1][-][-][error][yii\web\HttpException:404] yii\base\InvalidRouteException: Unable to resolve the request: site/ in /var/www/html/vendor/yiisoft/yii2/base/Controller.php:155
Stack trace:
#0 /var/www/html/vendor/yiisoft/yii2/base/Module.php(555): yii\base\Controller->runAction('', Array)
#1 /var/www/html/vendor/yiisoft/yii2/web/Application.php(103): yii\base\Module->runAction('', Array)
#2 /var/www/html/vendor/yiisoft/yii2/base/Application.php(387): yii\web\Application->handleRequest(Object(yii\web\Request))
#3 /var/www/html/api/web/index.php(15): yii\base\Application->run()
#4 {main}

Next yii\web\NotFoundHttpException: Page not found. in /var/www/html/vendor/yiisoft/yii2/web/Application.php:115
Stack trace:
#0 /var/www/html/vendor/yiisoft/yii2/base/Application.php(387): yii\web\Application->handleRequest(Object(yii\web\Request))
#1 /var/www/html/api/web/index.php(15): yii\base\Application->run()
#2 {main}
2025-11-26 06:34:39 [172.21.0.1][-][-][info][application] $_GET = []

$_POST = []

$_FILES = []

$_COOKIE = [
    '_identity' => 'c9d587cb0271a088ea197add5e42d86406c7b25fbdd162324ebf2087c39fba2ea:2:{i:0;s:9:\"_identity\";i:1;s:46:\"[1,\"ZTvuKPCaORTycV__A6yDLz26H2TIxu2t\",2592000]\";}'
    'pma_lang' => 'en'
    'phpMyAdmin' => 'c6b2e5e815e103635bcb3706f253bea3'
]

$_SERVER = [
    'HTTP_HOST' => 'localhost:8080'
    'HTTP_CONNECTION' => 'keep-alive'
    'HTTP_CACHE_CONTROL' => 'max-age=0'
    'HTTP_SEC_CH_UA' => '\"Chromium\";v=\"142\", \"Google Chrome\";v=\"142\", \"Not_A Brand\";v=\"99\"'
    'HTTP_SEC_CH_UA_MOBILE' => '?0'
    'HTTP_SEC_CH_UA_PLATFORM' => '\"Windows\"'
    'HTTP_UPGRADE_INSECURE_REQUESTS' => '1'
    'HTTP_USER_AGENT' => 'Mozilla/5.0 (Windows NT 10.0; Win64; x64) AppleWebKit/537.36 (KHTML, like Gecko) Chrome/142.0.0.0 Safari/537.36'
    'HTTP_ACCEPT' => 'text/html,application/xhtml+xml,application/xml;q=0.9,image/avif,image/webp,image/apng,*/*;q=0.8,application/signed-exchange;v=b3;q=0.7'
    'HTTP_SEC_FETCH_SITE' => 'none'
    'HTTP_SEC_FETCH_MODE' => 'navigate'
    'HTTP_SEC_FETCH_USER' => '?1'
    'HTTP_SEC_FETCH_DEST' => 'document'
    'HTTP_ACCEPT_ENCODING' => 'gzip, deflate, br, zstd'
    'HTTP_ACCEPT_LANGUAGE' => 'en-US,en;q=0.9'
    'HTTP_COOKIE' => '_identity=c9d587cb0271a088ea197add5e42d86406c7b25fbdd162324ebf2087c39fba2ea%3A2%3A%7Bi%3A0%3Bs%3A9%3A%22_identity%22%3Bi%3A1%3Bs%3A46%3A%22%5B1%2C%22ZTvuKPCaORTycV__A6yDLz26H2TIxu2t%22%2C2592000%5D%22%3B%7D; pma_lang=en; phpMyAdmin=c6b2e5e815e103635bcb3706f253bea3'
    'PATH' => '/usr/local/sbin:/usr/local/bin:/usr/sbin:/usr/bin:/sbin:/bin'
    'SERVER_SIGNATURE' => '<address>Apache/2.4.65 (Debian) Server at localhost Port 8080</address>
'
    'SERVER_SOFTWARE' => 'Apache/2.4.65 (Debian)'
    'SERVER_NAME' => 'localhost'
    'SERVER_ADDR' => '172.21.0.4'
    'SERVER_PORT' => '8080'
    'REMOTE_ADDR' => '172.21.0.1'
    'DOCUMENT_ROOT' => '/var/www/html/api/web'
    'REQUEST_SCHEME' => 'http'
    'CONTEXT_PREFIX' => ''
    'CONTEXT_DOCUMENT_ROOT' => '/var/www/html/api/web'
    'SERVER_ADMIN' => '[no address given]'
    'SCRIPT_FILENAME' => '/var/www/html/api/web/index.php'
    'REMOTE_PORT' => '37014'
    'GATEWAY_INTERFACE' => 'CGI/1.1'
    'SERVER_PROTOCOL' => 'HTTP/1.1'
    'REQUEST_METHOD' => 'GET'
    'QUERY_STRING' => ''
    'REQUEST_URI' => '/'
    'SCRIPT_NAME' => '/index.php'
    'PHP_SELF' => '/index.php'
    'REQUEST_TIME_FLOAT' => 1764138879.1769
    'REQUEST_TIME' => 1764138879
    'argv' => []
    'argc' => 0
]
2025-11-26 06:34:39 [172.21.0.1][-][-][error][yii\web\HttpException:404] yii\base\InvalidRouteException: Unable to resolve the request: site/ in /var/www/html/vendor/yiisoft/yii2/base/Controller.php:155
Stack trace:
#0 /var/www/html/vendor/yiisoft/yii2/base/Module.php(555): yii\base\Controller->runAction('', Array)
#1 /var/www/html/vendor/yiisoft/yii2/web/Application.php(103): yii\base\Module->runAction('', Array)
#2 /var/www/html/vendor/yiisoft/yii2/base/Application.php(387): yii\web\Application->handleRequest(Object(yii\web\Request))
#3 /var/www/html/api/web/index.php(15): yii\base\Application->run()
#4 {main}

Next yii\web\NotFoundHttpException: Page not found. in /var/www/html/vendor/yiisoft/yii2/web/Application.php:115
Stack trace:
#0 /var/www/html/vendor/yiisoft/yii2/base/Application.php(387): yii\web\Application->handleRequest(Object(yii\web\Request))
#1 /var/www/html/api/web/index.php(15): yii\base\Application->run()
#2 {main}
2025-11-26 06:34:39 [172.21.0.1][-][-][info][application] $_GET = []

$_POST = []

$_FILES = []

$_COOKIE = [
    '_identity' => 'c9d587cb0271a088ea197add5e42d86406c7b25fbdd162324ebf2087c39fba2ea:2:{i:0;s:9:\"_identity\";i:1;s:46:\"[1,\"ZTvuKPCaORTycV__A6yDLz26H2TIxu2t\",2592000]\";}'
    'pma_lang' => 'en'
    'phpMyAdmin' => 'c6b2e5e815e103635bcb3706f253bea3'
]

$_SERVER = [
    'HTTP_HOST' => 'localhost:8080'
    'HTTP_CONNECTION' => 'keep-alive'
    'HTTP_CACHE_CONTROL' => 'max-age=0'
    'HTTP_SEC_CH_UA' => '\"Chromium\";v=\"142\", \"Google Chrome\";v=\"142\", \"Not_A Brand\";v=\"99\"'
    'HTTP_SEC_CH_UA_MOBILE' => '?0'
    'HTTP_SEC_CH_UA_PLATFORM' => '\"Windows\"'
    'HTTP_UPGRADE_INSECURE_REQUESTS' => '1'
    'HTTP_USER_AGENT' => 'Mozilla/5.0 (Windows NT 10.0; Win64; x64) AppleWebKit/537.36 (KHTML, like Gecko) Chrome/142.0.0.0 Safari/537.36'
    'HTTP_ACCEPT' => 'text/html,application/xhtml+xml,application/xml;q=0.9,image/avif,image/webp,image/apng,*/*;q=0.8,application/signed-exchange;v=b3;q=0.7'
    'HTTP_SEC_FETCH_SITE' => 'none'
    'HTTP_SEC_FETCH_MODE' => 'navigate'
    'HTTP_SEC_FETCH_USER' => '?1'
    'HTTP_SEC_FETCH_DEST' => 'document'
    'HTTP_ACCEPT_ENCODING' => 'gzip, deflate, br, zstd'
    'HTTP_ACCEPT_LANGUAGE' => 'en-US,en;q=0.9'
    'HTTP_COOKIE' => '_identity=c9d587cb0271a088ea197add5e42d86406c7b25fbdd162324ebf2087c39fba2ea%3A2%3A%7Bi%3A0%3Bs%3A9%3A%22_identity%22%3Bi%3A1%3Bs%3A46%3A%22%5B1%2C%22ZTvuKPCaORTycV__A6yDLz26H2TIxu2t%22%2C2592000%5D%22%3B%7D; pma_lang=en; phpMyAdmin=c6b2e5e815e103635bcb3706f253bea3'
    'PATH' => '/usr/local/sbin:/usr/local/bin:/usr/sbin:/usr/bin:/sbin:/bin'
    'SERVER_SIGNATURE' => '<address>Apache/2.4.65 (Debian) Server at localhost Port 8080</address>
'
    'SERVER_SOFTWARE' => 'Apache/2.4.65 (Debian)'
    'SERVER_NAME' => 'localhost'
    'SERVER_ADDR' => '172.21.0.4'
    'SERVER_PORT' => '8080'
    'REMOTE_ADDR' => '172.21.0.1'
    'DOCUMENT_ROOT' => '/var/www/html/api/web'
    'REQUEST_SCHEME' => 'http'
    'CONTEXT_PREFIX' => ''
    'CONTEXT_DOCUMENT_ROOT' => '/var/www/html/api/web'
    'SERVER_ADMIN' => '[no address given]'
    'SCRIPT_FILENAME' => '/var/www/html/api/web/index.php'
    'REMOTE_PORT' => '37014'
    'GATEWAY_INTERFACE' => 'CGI/1.1'
    'SERVER_PROTOCOL' => 'HTTP/1.1'
    'REQUEST_METHOD' => 'GET'
    'QUERY_STRING' => ''
    'REQUEST_URI' => '/'
    'SCRIPT_NAME' => '/index.php'
    'PHP_SELF' => '/index.php'
    'REQUEST_TIME_FLOAT' => 1764138879.1769
    'REQUEST_TIME' => 1764138879
    'argv' => []
    'argc' => 0
]
2025-11-26 06:34:40 [172.21.0.1][-][-][error][yii\web\HttpException:404] yii\base\InvalidRouteException: Unable to resolve the request: site/ in /var/www/html/vendor/yiisoft/yii2/base/Controller.php:155
Stack trace:
#0 /var/www/html/vendor/yiisoft/yii2/base/Module.php(555): yii\base\Controller->runAction('', Array)
#1 /var/www/html/vendor/yiisoft/yii2/web/Application.php(103): yii\base\Module->runAction('', Array)
#2 /var/www/html/vendor/yiisoft/yii2/base/Application.php(387): yii\web\Application->handleRequest(Object(yii\web\Request))
#3 /var/www/html/api/web/index.php(15): yii\base\Application->run()
#4 {main}

Next yii\web\NotFoundHttpException: Page not found. in /var/www/html/vendor/yiisoft/yii2/web/Application.php:115
Stack trace:
#0 /var/www/html/vendor/yiisoft/yii2/base/Application.php(387): yii\web\Application->handleRequest(Object(yii\web\Request))
#1 /var/www/html/api/web/index.php(15): yii\base\Application->run()
#2 {main}
2025-11-26 06:34:40 [172.21.0.1][-][-][info][application] $_GET = []

$_POST = []

$_FILES = []

$_COOKIE = [
    '_identity' => 'c9d587cb0271a088ea197add5e42d86406c7b25fbdd162324ebf2087c39fba2ea:2:{i:0;s:9:\"_identity\";i:1;s:46:\"[1,\"ZTvuKPCaORTycV__A6yDLz26H2TIxu2t\",2592000]\";}'
    'pma_lang' => 'en'
    'phpMyAdmin' => 'c6b2e5e815e103635bcb3706f253bea3'
]

$_SERVER = [
    'HTTP_HOST' => 'localhost:8080'
    'HTTP_CONNECTION' => 'keep-alive'
    'HTTP_CACHE_CONTROL' => 'max-age=0'
    'HTTP_SEC_CH_UA' => '\"Chromium\";v=\"142\", \"Google Chrome\";v=\"142\", \"Not_A Brand\";v=\"99\"'
    'HTTP_SEC_CH_UA_MOBILE' => '?0'
    'HTTP_SEC_CH_UA_PLATFORM' => '\"Windows\"'
    'HTTP_UPGRADE_INSECURE_REQUESTS' => '1'
    'HTTP_USER_AGENT' => 'Mozilla/5.0 (Windows NT 10.0; Win64; x64) AppleWebKit/537.36 (KHTML, like Gecko) Chrome/142.0.0.0 Safari/537.36'
    'HTTP_ACCEPT' => 'text/html,application/xhtml+xml,application/xml;q=0.9,image/avif,image/webp,image/apng,*/*;q=0.8,application/signed-exchange;v=b3;q=0.7'
    'HTTP_SEC_FETCH_SITE' => 'none'
    'HTTP_SEC_FETCH_MODE' => 'navigate'
    'HTTP_SEC_FETCH_USER' => '?1'
    'HTTP_SEC_FETCH_DEST' => 'document'
    'HTTP_ACCEPT_ENCODING' => 'gzip, deflate, br, zstd'
    'HTTP_ACCEPT_LANGUAGE' => 'en-US,en;q=0.9'
    'HTTP_COOKIE' => '_identity=c9d587cb0271a088ea197add5e42d86406c7b25fbdd162324ebf2087c39fba2ea%3A2%3A%7Bi%3A0%3Bs%3A9%3A%22_identity%22%3Bi%3A1%3Bs%3A46%3A%22%5B1%2C%22ZTvuKPCaORTycV__A6yDLz26H2TIxu2t%22%2C2592000%5D%22%3B%7D; pma_lang=en; phpMyAdmin=c6b2e5e815e103635bcb3706f253bea3'
    'PATH' => '/usr/local/sbin:/usr/local/bin:/usr/sbin:/usr/bin:/sbin:/bin'
    'SERVER_SIGNATURE' => '<address>Apache/2.4.65 (Debian) Server at localhost Port 8080</address>
'
    'SERVER_SOFTWARE' => 'Apache/2.4.65 (Debian)'
    'SERVER_NAME' => 'localhost'
    'SERVER_ADDR' => '172.21.0.4'
    'SERVER_PORT' => '8080'
    'REMOTE_ADDR' => '172.21.0.1'
    'DOCUMENT_ROOT' => '/var/www/html/api/web'
    'REQUEST_SCHEME' => 'http'
    'CONTEXT_PREFIX' => ''
    'CONTEXT_DOCUMENT_ROOT' => '/var/www/html/api/web'
    'SERVER_ADMIN' => '[no address given]'
    'SCRIPT_FILENAME' => '/var/www/html/api/web/index.php'
    'REMOTE_PORT' => '37014'
    'GATEWAY_INTERFACE' => 'CGI/1.1'
    'SERVER_PROTOCOL' => 'HTTP/1.1'
    'REQUEST_METHOD' => 'GET'
    'QUERY_STRING' => ''
    'REQUEST_URI' => '/'
    'SCRIPT_NAME' => '/index.php'
    'PHP_SELF' => '/index.php'
    'REQUEST_TIME_FLOAT' => 1764138880.5754
    'REQUEST_TIME' => 1764138880
    'argv' => []
    'argc' => 0
]
2025-11-26 06:34:40 [172.21.0.1][-][-][error][yii\web\HttpException:404] yii\base\InvalidRouteException: Unable to resolve the request: site/ in /var/www/html/vendor/yiisoft/yii2/base/Controller.php:155
Stack trace:
#0 /var/www/html/vendor/yiisoft/yii2/base/Module.php(555): yii\base\Controller->runAction('', Array)
#1 /var/www/html/vendor/yiisoft/yii2/web/Application.php(103): yii\base\Module->runAction('', Array)
#2 /var/www/html/vendor/yiisoft/yii2/base/Application.php(387): yii\web\Application->handleRequest(Object(yii\web\Request))
#3 /var/www/html/api/web/index.php(15): yii\base\Application->run()
#4 {main}

Next yii\web\NotFoundHttpException: Page not found. in /var/www/html/vendor/yiisoft/yii2/web/Application.php:115
Stack trace:
#0 /var/www/html/vendor/yiisoft/yii2/base/Application.php(387): yii\web\Application->handleRequest(Object(yii\web\Request))
#1 /var/www/html/api/web/index.php(15): yii\base\Application->run()
#2 {main}
2025-11-26 06:34:40 [172.21.0.1][-][-][info][application] $_GET = []

$_POST = []

$_FILES = []

$_COOKIE = [
    '_identity' => 'c9d587cb0271a088ea197add5e42d86406c7b25fbdd162324ebf2087c39fba2ea:2:{i:0;s:9:\"_identity\";i:1;s:46:\"[1,\"ZTvuKPCaORTycV__A6yDLz26H2TIxu2t\",2592000]\";}'
    'pma_lang' => 'en'
    'phpMyAdmin' => 'c6b2e5e815e103635bcb3706f253bea3'
]

$_SERVER = [
    'HTTP_HOST' => 'localhost:8080'
    'HTTP_CONNECTION' => 'keep-alive'
    'HTTP_CACHE_CONTROL' => 'max-age=0'
    'HTTP_SEC_CH_UA' => '\"Chromium\";v=\"142\", \"Google Chrome\";v=\"142\", \"Not_A Brand\";v=\"99\"'
    'HTTP_SEC_CH_UA_MOBILE' => '?0'
    'HTTP_SEC_CH_UA_PLATFORM' => '\"Windows\"'
    'HTTP_UPGRADE_INSECURE_REQUESTS' => '1'
    'HTTP_USER_AGENT' => 'Mozilla/5.0 (Windows NT 10.0; Win64; x64) AppleWebKit/537.36 (KHTML, like Gecko) Chrome/142.0.0.0 Safari/537.36'
    'HTTP_ACCEPT' => 'text/html,application/xhtml+xml,application/xml;q=0.9,image/avif,image/webp,image/apng,*/*;q=0.8,application/signed-exchange;v=b3;q=0.7'
    'HTTP_SEC_FETCH_SITE' => 'none'
    'HTTP_SEC_FETCH_MODE' => 'navigate'
    'HTTP_SEC_FETCH_USER' => '?1'
    'HTTP_SEC_FETCH_DEST' => 'document'
    'HTTP_ACCEPT_ENCODING' => 'gzip, deflate, br, zstd'
    'HTTP_ACCEPT_LANGUAGE' => 'en-US,en;q=0.9'
    'HTTP_COOKIE' => '_identity=c9d587cb0271a088ea197add5e42d86406c7b25fbdd162324ebf2087c39fba2ea%3A2%3A%7Bi%3A0%3Bs%3A9%3A%22_identity%22%3Bi%3A1%3Bs%3A46%3A%22%5B1%2C%22ZTvuKPCaORTycV__A6yDLz26H2TIxu2t%22%2C2592000%5D%22%3B%7D; pma_lang=en; phpMyAdmin=c6b2e5e815e103635bcb3706f253bea3'
    'PATH' => '/usr/local/sbin:/usr/local/bin:/usr/sbin:/usr/bin:/sbin:/bin'
    'SERVER_SIGNATURE' => '<address>Apache/2.4.65 (Debian) Server at localhost Port 8080</address>
'
    'SERVER_SOFTWARE' => 'Apache/2.4.65 (Debian)'
    'SERVER_NAME' => 'localhost'
    'SERVER_ADDR' => '172.21.0.4'
    'SERVER_PORT' => '8080'
    'REMOTE_ADDR' => '172.21.0.1'
    'DOCUMENT_ROOT' => '/var/www/html/api/web'
    'REQUEST_SCHEME' => 'http'
    'CONTEXT_PREFIX' => ''
    'CONTEXT_DOCUMENT_ROOT' => '/var/www/html/api/web'
    'SERVER_ADMIN' => '[no address given]'
    'SCRIPT_FILENAME' => '/var/www/html/api/web/index.php'
    'REMOTE_PORT' => '37014'
    'GATEWAY_INTERFACE' => 'CGI/1.1'
    'SERVER_PROTOCOL' => 'HTTP/1.1'
    'REQUEST_METHOD' => 'GET'
    'QUERY_STRING' => ''
    'REQUEST_URI' => '/'
    'SCRIPT_NAME' => '/index.php'
    'PHP_SELF' => '/index.php'
    'REQUEST_TIME_FLOAT' => 1764138880.5754
    'REQUEST_TIME' => 1764138880
    'argv' => []
    'argc' => 0
]
2025-11-26 06:51:24 [172.21.0.1][-][-][error][yii\web\HttpException:404] yii\base\InvalidRouteException: Unable to resolve the request: site/ in /var/www/html/vendor/yiisoft/yii2/base/Controller.php:155
Stack trace:
#0 /var/www/html/vendor/yiisoft/yii2/base/Module.php(555): yii\base\Controller->runAction('', Array)
#1 /var/www/html/vendor/yiisoft/yii2/web/Application.php(103): yii\base\Module->runAction('', Array)
#2 /var/www/html/vendor/yiisoft/yii2/base/Application.php(387): yii\web\Application->handleRequest(Object(yii\web\Request))
#3 /var/www/html/api/web/index.php(15): yii\base\Application->run()
#4 {main}

Next yii\web\NotFoundHttpException: Page not found. in /var/www/html/vendor/yiisoft/yii2/web/Application.php:115
Stack trace:
#0 /var/www/html/vendor/yiisoft/yii2/base/Application.php(387): yii\web\Application->handleRequest(Object(yii\web\Request))
#1 /var/www/html/api/web/index.php(15): yii\base\Application->run()
#2 {main}
2025-11-26 06:51:23 [172.21.0.1][-][-][info][application] $_GET = []

$_POST = []

$_FILES = []

$_COOKIE = [
    '_identity' => 'c9d587cb0271a088ea197add5e42d86406c7b25fbdd162324ebf2087c39fba2ea:2:{i:0;s:9:\"_identity\";i:1;s:46:\"[1,\"ZTvuKPCaORTycV__A6yDLz26H2TIxu2t\",2592000]\";}'
    'pma_lang' => 'en'
    'phpMyAdmin' => 'c6b2e5e815e103635bcb3706f253bea3'
]

$_SERVER = [
    'HTTP_HOST' => 'localhost:8080'
    'HTTP_CONNECTION' => 'keep-alive'
    'HTTP_SEC_CH_UA' => '\"Chromium\";v=\"142\", \"Google Chrome\";v=\"142\", \"Not_A Brand\";v=\"99\"'
    'HTTP_SEC_CH_UA_MOBILE' => '?0'
    'HTTP_SEC_CH_UA_PLATFORM' => '\"Windows\"'
    'HTTP_UPGRADE_INSECURE_REQUESTS' => '1'
    'HTTP_USER_AGENT' => 'Mozilla/5.0 (Windows NT 10.0; Win64; x64) AppleWebKit/537.36 (KHTML, like Gecko) Chrome/142.0.0.0 Safari/537.36'
    'HTTP_ACCEPT' => 'text/html,application/xhtml+xml,application/xml;q=0.9,image/avif,image/webp,image/apng,*/*;q=0.8,application/signed-exchange;v=b3;q=0.7'
    'HTTP_SEC_FETCH_SITE' => 'none'
    'HTTP_SEC_FETCH_MODE' => 'navigate'
    'HTTP_SEC_FETCH_USER' => '?1'
    'HTTP_SEC_FETCH_DEST' => 'document'
    'HTTP_ACCEPT_ENCODING' => 'gzip, deflate, br, zstd'
    'HTTP_ACCEPT_LANGUAGE' => 'en-US,en;q=0.9'
    'HTTP_COOKIE' => '_identity=c9d587cb0271a088ea197add5e42d86406c7b25fbdd162324ebf2087c39fba2ea%3A2%3A%7Bi%3A0%3Bs%3A9%3A%22_identity%22%3Bi%3A1%3Bs%3A46%3A%22%5B1%2C%22ZTvuKPCaORTycV__A6yDLz26H2TIxu2t%22%2C2592000%5D%22%3B%7D; pma_lang=en; phpMyAdmin=c6b2e5e815e103635bcb3706f253bea3'
    'PATH' => '/usr/local/sbin:/usr/local/bin:/usr/sbin:/usr/bin:/sbin:/bin'
    'SERVER_SIGNATURE' => '<address>Apache/2.4.65 (Debian) Server at localhost Port 8080</address>
'
    'SERVER_SOFTWARE' => 'Apache/2.4.65 (Debian)'
    'SERVER_NAME' => 'localhost'
    'SERVER_ADDR' => '172.21.0.4'
    'SERVER_PORT' => '8080'
    'REMOTE_ADDR' => '172.21.0.1'
    'DOCUMENT_ROOT' => '/var/www/html/api/web'
    'REQUEST_SCHEME' => 'http'
    'CONTEXT_PREFIX' => ''
    'CONTEXT_DOCUMENT_ROOT' => '/var/www/html/api/web'
    'SERVER_ADMIN' => '[no address given]'
    'SCRIPT_FILENAME' => '/var/www/html/api/web/index.php'
    'REMOTE_PORT' => '41988'
    'GATEWAY_INTERFACE' => 'CGI/1.1'
    'SERVER_PROTOCOL' => 'HTTP/1.1'
    'REQUEST_METHOD' => 'GET'
    'QUERY_STRING' => ''
    'REQUEST_URI' => '/'
    'SCRIPT_NAME' => '/index.php'
    'PHP_SELF' => '/index.php'
    'REQUEST_TIME_FLOAT' => 1764139883.7321
    'REQUEST_TIME' => 1764139883
    'argv' => []
    'argc' => 0
]
2025-11-26 06:51:24 [172.21.0.1][-][-][error][yii\web\HttpException:404] yii\base\InvalidRouteException: Unable to resolve the request: site/ in /var/www/html/vendor/yiisoft/yii2/base/Controller.php:155
Stack trace:
#0 /var/www/html/vendor/yiisoft/yii2/base/Module.php(555): yii\base\Controller->runAction('', Array)
#1 /var/www/html/vendor/yiisoft/yii2/web/Application.php(103): yii\base\Module->runAction('', Array)
#2 /var/www/html/vendor/yiisoft/yii2/base/Application.php(387): yii\web\Application->handleRequest(Object(yii\web\Request))
#3 /var/www/html/api/web/index.php(15): yii\base\Application->run()
#4 {main}

Next yii\web\NotFoundHttpException: Page not found. in /var/www/html/vendor/yiisoft/yii2/web/Application.php:115
Stack trace:
#0 /var/www/html/vendor/yiisoft/yii2/base/Application.php(387): yii\web\Application->handleRequest(Object(yii\web\Request))
#1 /var/www/html/api/web/index.php(15): yii\base\Application->run()
#2 {main}
2025-11-26 06:51:23 [172.21.0.1][-][-][info][application] $_GET = []

$_POST = []

$_FILES = []

$_COOKIE = [
    '_identity' => 'c9d587cb0271a088ea197add5e42d86406c7b25fbdd162324ebf2087c39fba2ea:2:{i:0;s:9:\"_identity\";i:1;s:46:\"[1,\"ZTvuKPCaORTycV__A6yDLz26H2TIxu2t\",2592000]\";}'
    'pma_lang' => 'en'
    'phpMyAdmin' => 'c6b2e5e815e103635bcb3706f253bea3'
]

$_SERVER = [
    'HTTP_HOST' => 'localhost:8080'
    'HTTP_CONNECTION' => 'keep-alive'
    'HTTP_SEC_CH_UA' => '\"Chromium\";v=\"142\", \"Google Chrome\";v=\"142\", \"Not_A Brand\";v=\"99\"'
    'HTTP_SEC_CH_UA_MOBILE' => '?0'
    'HTTP_SEC_CH_UA_PLATFORM' => '\"Windows\"'
    'HTTP_UPGRADE_INSECURE_REQUESTS' => '1'
    'HTTP_USER_AGENT' => 'Mozilla/5.0 (Windows NT 10.0; Win64; x64) AppleWebKit/537.36 (KHTML, like Gecko) Chrome/142.0.0.0 Safari/537.36'
    'HTTP_ACCEPT' => 'text/html,application/xhtml+xml,application/xml;q=0.9,image/avif,image/webp,image/apng,*/*;q=0.8,application/signed-exchange;v=b3;q=0.7'
    'HTTP_SEC_FETCH_SITE' => 'none'
    'HTTP_SEC_FETCH_MODE' => 'navigate'
    'HTTP_SEC_FETCH_USER' => '?1'
    'HTTP_SEC_FETCH_DEST' => 'document'
    'HTTP_ACCEPT_ENCODING' => 'gzip, deflate, br, zstd'
    'HTTP_ACCEPT_LANGUAGE' => 'en-US,en;q=0.9'
    'HTTP_COOKIE' => '_identity=c9d587cb0271a088ea197add5e42d86406c7b25fbdd162324ebf2087c39fba2ea%3A2%3A%7Bi%3A0%3Bs%3A9%3A%22_identity%22%3Bi%3A1%3Bs%3A46%3A%22%5B1%2C%22ZTvuKPCaORTycV__A6yDLz26H2TIxu2t%22%2C2592000%5D%22%3B%7D; pma_lang=en; phpMyAdmin=c6b2e5e815e103635bcb3706f253bea3'
    'PATH' => '/usr/local/sbin:/usr/local/bin:/usr/sbin:/usr/bin:/sbin:/bin'
    'SERVER_SIGNATURE' => '<address>Apache/2.4.65 (Debian) Server at localhost Port 8080</address>
'
    'SERVER_SOFTWARE' => 'Apache/2.4.65 (Debian)'
    'SERVER_NAME' => 'localhost'
    'SERVER_ADDR' => '172.21.0.4'
    'SERVER_PORT' => '8080'
    'REMOTE_ADDR' => '172.21.0.1'
    'DOCUMENT_ROOT' => '/var/www/html/api/web'
    'REQUEST_SCHEME' => 'http'
    'CONTEXT_PREFIX' => ''
    'CONTEXT_DOCUMENT_ROOT' => '/var/www/html/api/web'
    'SERVER_ADMIN' => '[no address given]'
    'SCRIPT_FILENAME' => '/var/www/html/api/web/index.php'
    'REMOTE_PORT' => '41988'
    'GATEWAY_INTERFACE' => 'CGI/1.1'
    'SERVER_PROTOCOL' => 'HTTP/1.1'
    'REQUEST_METHOD' => 'GET'
    'QUERY_STRING' => ''
    'REQUEST_URI' => '/'
    'SCRIPT_NAME' => '/index.php'
    'PHP_SELF' => '/index.php'
    'REQUEST_TIME_FLOAT' => 1764139883.7321
    'REQUEST_TIME' => 1764139883
    'argv' => []
    'argc' => 0
]
2025-11-26 07:26:22 [172.21.0.1][-][-][error][yii\web\HttpException:404] yii\base\InvalidRouteException: Unable to resolve the request: site/ in /var/www/html/vendor/yiisoft/yii2/base/Controller.php:155
Stack trace:
#0 /var/www/html/vendor/yiisoft/yii2/base/Module.php(555): yii\base\Controller->runAction('', Array)
#1 /var/www/html/vendor/yiisoft/yii2/web/Application.php(103): yii\base\Module->runAction('', Array)
#2 /var/www/html/vendor/yiisoft/yii2/base/Application.php(387): yii\web\Application->handleRequest(Object(yii\web\Request))
#3 /var/www/html/api/web/index.php(15): yii\base\Application->run()
#4 {main}

Next yii\web\NotFoundHttpException: Page not found. in /var/www/html/vendor/yiisoft/yii2/web/Application.php:115
Stack trace:
#0 /var/www/html/vendor/yiisoft/yii2/base/Application.php(387): yii\web\Application->handleRequest(Object(yii\web\Request))
#1 /var/www/html/api/web/index.php(15): yii\base\Application->run()
#2 {main}
2025-11-26 07:26:21 [172.21.0.1][-][-][info][application] $_GET = []

$_POST = []

$_FILES = []

$_COOKIE = [
    '_identity' => 'c9d587cb0271a088ea197add5e42d86406c7b25fbdd162324ebf2087c39fba2ea:2:{i:0;s:9:\"_identity\";i:1;s:46:\"[1,\"ZTvuKPCaORTycV__A6yDLz26H2TIxu2t\",2592000]\";}'
    'pma_lang' => 'en'
]

$_SERVER = [
    'HTTP_HOST' => 'localhost:8080'
    'HTTP_CONNECTION' => 'keep-alive'
    'HTTP_SEC_CH_UA' => '\"Chromium\";v=\"142\", \"Google Chrome\";v=\"142\", \"Not_A Brand\";v=\"99\"'
    'HTTP_SEC_CH_UA_MOBILE' => '?0'
    'HTTP_SEC_CH_UA_PLATFORM' => '\"Windows\"'
    'HTTP_UPGRADE_INSECURE_REQUESTS' => '1'
    'HTTP_USER_AGENT' => 'Mozilla/5.0 (Windows NT 10.0; Win64; x64) AppleWebKit/537.36 (KHTML, like Gecko) Chrome/142.0.0.0 Safari/537.36'
    'HTTP_ACCEPT' => 'text/html,application/xhtml+xml,application/xml;q=0.9,image/avif,image/webp,image/apng,*/*;q=0.8,application/signed-exchange;v=b3;q=0.7'
    'HTTP_SEC_FETCH_SITE' => 'none'
    'HTTP_SEC_FETCH_MODE' => 'navigate'
    'HTTP_SEC_FETCH_USER' => '?1'
    'HTTP_SEC_FETCH_DEST' => 'document'
    'HTTP_ACCEPT_ENCODING' => 'gzip, deflate, br, zstd'
    'HTTP_ACCEPT_LANGUAGE' => 'en-US,en;q=0.9'
    'HTTP_COOKIE' => '_identity=c9d587cb0271a088ea197add5e42d86406c7b25fbdd162324ebf2087c39fba2ea%3A2%3A%7Bi%3A0%3Bs%3A9%3A%22_identity%22%3Bi%3A1%3Bs%3A46%3A%22%5B1%2C%22ZTvuKPCaORTycV__A6yDLz26H2TIxu2t%22%2C2592000%5D%22%3B%7D; pma_lang=en'
    'PATH' => '/usr/local/sbin:/usr/local/bin:/usr/sbin:/usr/bin:/sbin:/bin'
    'SERVER_SIGNATURE' => '<address>Apache/2.4.65 (Debian) Server at localhost Port 8080</address>
'
    'SERVER_SOFTWARE' => 'Apache/2.4.65 (Debian)'
    'SERVER_NAME' => 'localhost'
    'SERVER_ADDR' => '172.21.0.4'
    'SERVER_PORT' => '8080'
    'REMOTE_ADDR' => '172.21.0.1'
    'DOCUMENT_ROOT' => '/var/www/html/api/web'
    'REQUEST_SCHEME' => 'http'
    'CONTEXT_PREFIX' => ''
    'CONTEXT_DOCUMENT_ROOT' => '/var/www/html/api/web'
    'SERVER_ADMIN' => '[no address given]'
    'SCRIPT_FILENAME' => '/var/www/html/api/web/index.php'
    'REMOTE_PORT' => '53600'
    'GATEWAY_INTERFACE' => 'CGI/1.1'
    'SERVER_PROTOCOL' => 'HTTP/1.1'
    'REQUEST_METHOD' => 'GET'
    'QUERY_STRING' => ''
    'REQUEST_URI' => '/'
    'SCRIPT_NAME' => '/index.php'
    'PHP_SELF' => '/index.php'
    'REQUEST_TIME_FLOAT' => 1764141980.9886
    'REQUEST_TIME' => 1764141980
    'argv' => []
    'argc' => 0
]
2025-11-26 07:26:22 [172.21.0.1][-][-][error][yii\web\HttpException:404] yii\base\InvalidRouteException: Unable to resolve the request: site/ in /var/www/html/vendor/yiisoft/yii2/base/Controller.php:155
Stack trace:
#0 /var/www/html/vendor/yiisoft/yii2/base/Module.php(555): yii\base\Controller->runAction('', Array)
#1 /var/www/html/vendor/yiisoft/yii2/web/Application.php(103): yii\base\Module->runAction('', Array)
#2 /var/www/html/vendor/yiisoft/yii2/base/Application.php(387): yii\web\Application->handleRequest(Object(yii\web\Request))
#3 /var/www/html/api/web/index.php(15): yii\base\Application->run()
#4 {main}

Next yii\web\NotFoundHttpException: Page not found. in /var/www/html/vendor/yiisoft/yii2/web/Application.php:115
Stack trace:
#0 /var/www/html/vendor/yiisoft/yii2/base/Application.php(387): yii\web\Application->handleRequest(Object(yii\web\Request))
#1 /var/www/html/api/web/index.php(15): yii\base\Application->run()
#2 {main}
2025-11-26 07:26:21 [172.21.0.1][-][-][info][application] $_GET = []

$_POST = []

$_FILES = []

$_COOKIE = [
    '_identity' => 'c9d587cb0271a088ea197add5e42d86406c7b25fbdd162324ebf2087c39fba2ea:2:{i:0;s:9:\"_identity\";i:1;s:46:\"[1,\"ZTvuKPCaORTycV__A6yDLz26H2TIxu2t\",2592000]\";}'
    'pma_lang' => 'en'
]

$_SERVER = [
    'HTTP_HOST' => 'localhost:8080'
    'HTTP_CONNECTION' => 'keep-alive'
    'HTTP_SEC_CH_UA' => '\"Chromium\";v=\"142\", \"Google Chrome\";v=\"142\", \"Not_A Brand\";v=\"99\"'
    'HTTP_SEC_CH_UA_MOBILE' => '?0'
    'HTTP_SEC_CH_UA_PLATFORM' => '\"Windows\"'
    'HTTP_UPGRADE_INSECURE_REQUESTS' => '1'
    'HTTP_USER_AGENT' => 'Mozilla/5.0 (Windows NT 10.0; Win64; x64) AppleWebKit/537.36 (KHTML, like Gecko) Chrome/142.0.0.0 Safari/537.36'
    'HTTP_ACCEPT' => 'text/html,application/xhtml+xml,application/xml;q=0.9,image/avif,image/webp,image/apng,*/*;q=0.8,application/signed-exchange;v=b3;q=0.7'
    'HTTP_SEC_FETCH_SITE' => 'none'
    'HTTP_SEC_FETCH_MODE' => 'navigate'
    'HTTP_SEC_FETCH_USER' => '?1'
    'HTTP_SEC_FETCH_DEST' => 'document'
    'HTTP_ACCEPT_ENCODING' => 'gzip, deflate, br, zstd'
    'HTTP_ACCEPT_LANGUAGE' => 'en-US,en;q=0.9'
    'HTTP_COOKIE' => '_identity=c9d587cb0271a088ea197add5e42d86406c7b25fbdd162324ebf2087c39fba2ea%3A2%3A%7Bi%3A0%3Bs%3A9%3A%22_identity%22%3Bi%3A1%3Bs%3A46%3A%22%5B1%2C%22ZTvuKPCaORTycV__A6yDLz26H2TIxu2t%22%2C2592000%5D%22%3B%7D; pma_lang=en'
    'PATH' => '/usr/local/sbin:/usr/local/bin:/usr/sbin:/usr/bin:/sbin:/bin'
    'SERVER_SIGNATURE' => '<address>Apache/2.4.65 (Debian) Server at localhost Port 8080</address>
'
    'SERVER_SOFTWARE' => 'Apache/2.4.65 (Debian)'
    'SERVER_NAME' => 'localhost'
    'SERVER_ADDR' => '172.21.0.4'
    'SERVER_PORT' => '8080'
    'REMOTE_ADDR' => '172.21.0.1'
    'DOCUMENT_ROOT' => '/var/www/html/api/web'
    'REQUEST_SCHEME' => 'http'
    'CONTEXT_PREFIX' => ''
    'CONTEXT_DOCUMENT_ROOT' => '/var/www/html/api/web'
    'SERVER_ADMIN' => '[no address given]'
    'SCRIPT_FILENAME' => '/var/www/html/api/web/index.php'
    'REMOTE_PORT' => '53600'
    'GATEWAY_INTERFACE' => 'CGI/1.1'
    'SERVER_PROTOCOL' => 'HTTP/1.1'
    'REQUEST_METHOD' => 'GET'
    'QUERY_STRING' => ''
    'REQUEST_URI' => '/'
    'SCRIPT_NAME' => '/index.php'
    'PHP_SELF' => '/index.php'
    'REQUEST_TIME_FLOAT' => 1764141980.9886
    'REQUEST_TIME' => 1764141980
    'argv' => []
    'argc' => 0
]
2025-11-26 08:15:04 [172.21.0.1][-][-][error][yii\web\HttpException:401] yii\web\UnauthorizedHttpException: Your request was made with invalid credentials. in /var/www/html/vendor/yiisoft/yii2/filters/auth/AuthMethod.php:93
Stack trace:
#0 /var/www/html/vendor/yiisoft/yii2/filters/auth/AuthMethod.php(76): yii\filters\auth\AuthMethod->handleFailure(Object(yii\web\Response))
#1 /var/www/html/vendor/yiisoft/yii2/base/ActionFilter.php(77): yii\filters\auth\AuthMethod->beforeAction(Object(yii\rest\IndexAction))
#2 [internal function]: yii\base\ActionFilter->beforeFilter(Object(yii\base\ActionEvent))
#3 /var/www/html/vendor/yiisoft/yii2/base/Component.php(648): call_user_func(Array, Object(yii\base\ActionEvent))
#4 /var/www/html/vendor/yiisoft/yii2/base/Controller.php(303): yii\base\Component->trigger('beforeAction', Object(yii\base\ActionEvent))
#5 /var/www/html/vendor/yiisoft/yii2/web/Controller.php(318): yii\base\Controller->beforeAction(Object(yii\rest\IndexAction))
#6 /var/www/html/vendor/yiisoft/yii2/base/Controller.php(182): yii\web\Controller->beforeAction(Object(yii\rest\IndexAction))
#7 /var/www/html/vendor/yiisoft/yii2/base/Module.php(555): yii\base\Controller->runAction('index', Array)
#8 /var/www/html/vendor/yiisoft/yii2/web/Application.php(103): yii\base\Module->runAction('vendor/index', Array)
#9 /var/www/html/vendor/yiisoft/yii2/base/Application.php(387): yii\web\Application->handleRequest(Object(yii\web\Request))
#10 /var/www/html/api/web/index.php(15): yii\base\Application->run()
#11 {main}
2025-11-26 08:15:03 [172.21.0.1][-][-][info][application] $_GET = []

$_POST = []

$_FILES = []

$_COOKIE = []

$_SERVER = [
    'REDIRECT_STATUS' => '200'
    'HTTP_USER_AGENT' => 'Mozilla/5.0 (Windows NT; Windows NT 10.0; en-US) WindowsPowerShell/5.1.26100.7019'
    'HTTP_HOST' => 'localhost:8080'
    'HTTP_CONNECTION' => 'Keep-Alive'
    'PATH' => '/usr/local/sbin:/usr/local/bin:/usr/sbin:/usr/bin:/sbin:/bin'
    'SERVER_SIGNATURE' => '<address>Apache/2.4.65 (Debian) Server at localhost Port 8080</address>
'
    'SERVER_SOFTWARE' => 'Apache/2.4.65 (Debian)'
    'SERVER_NAME' => 'localhost'
    'SERVER_ADDR' => '172.21.0.4'
    'SERVER_PORT' => '8080'
    'REMOTE_ADDR' => '172.21.0.1'
    'DOCUMENT_ROOT' => '/var/www/html/api/web'
    'REQUEST_SCHEME' => 'http'
    'CONTEXT_PREFIX' => ''
    'CONTEXT_DOCUMENT_ROOT' => '/var/www/html/api/web'
    'SERVER_ADMIN' => '[no address given]'
    'SCRIPT_FILENAME' => '/var/www/html/api/web/index.php'
    'REMOTE_PORT' => '47020'
    'REDIRECT_URL' => '/vendors'
    'GATEWAY_INTERFACE' => 'CGI/1.1'
    'SERVER_PROTOCOL' => 'HTTP/1.1'
    'REQUEST_METHOD' => 'GET'
    'QUERY_STRING' => ''
    'REQUEST_URI' => '/vendors'
    'SCRIPT_NAME' => '/index.php'
    'PHP_SELF' => '/index.php'
    'REQUEST_TIME_FLOAT' => 1764144903.609
    'REQUEST_TIME' => 1764144903
    'argv' => []
    'argc' => 0
]
2025-11-26 08:15:04 [172.21.0.1][-][-][error][yii\web\HttpException:401] yii\web\UnauthorizedHttpException: Your request was made with invalid credentials. in /var/www/html/vendor/yiisoft/yii2/filters/auth/AuthMethod.php:93
Stack trace:
#0 /var/www/html/vendor/yiisoft/yii2/filters/auth/AuthMethod.php(76): yii\filters\auth\AuthMethod->handleFailure(Object(yii\web\Response))
#1 /var/www/html/vendor/yiisoft/yii2/base/ActionFilter.php(77): yii\filters\auth\AuthMethod->beforeAction(Object(yii\rest\IndexAction))
#2 [internal function]: yii\base\ActionFilter->beforeFilter(Object(yii\base\ActionEvent))
#3 /var/www/html/vendor/yiisoft/yii2/base/Component.php(648): call_user_func(Array, Object(yii\base\ActionEvent))
#4 /var/www/html/vendor/yiisoft/yii2/base/Controller.php(303): yii\base\Component->trigger('beforeAction', Object(yii\base\ActionEvent))
#5 /var/www/html/vendor/yiisoft/yii2/web/Controller.php(318): yii\base\Controller->beforeAction(Object(yii\rest\IndexAction))
#6 /var/www/html/vendor/yiisoft/yii2/base/Controller.php(182): yii\web\Controller->beforeAction(Object(yii\rest\IndexAction))
#7 /var/www/html/vendor/yiisoft/yii2/base/Module.php(555): yii\base\Controller->runAction('index', Array)
#8 /var/www/html/vendor/yiisoft/yii2/web/Application.php(103): yii\base\Module->runAction('vendor/index', Array)
#9 /var/www/html/vendor/yiisoft/yii2/base/Application.php(387): yii\web\Application->handleRequest(Object(yii\web\Request))
#10 /var/www/html/api/web/index.php(15): yii\base\Application->run()
#11 {main}
2025-11-26 08:15:03 [172.21.0.1][-][-][info][application] $_GET = []

$_POST = []

$_FILES = []

$_COOKIE = []

$_SERVER = [
    'REDIRECT_STATUS' => '200'
    'HTTP_USER_AGENT' => 'Mozilla/5.0 (Windows NT; Windows NT 10.0; en-US) WindowsPowerShell/5.1.26100.7019'
    'HTTP_HOST' => 'localhost:8080'
    'HTTP_CONNECTION' => 'Keep-Alive'
    'PATH' => '/usr/local/sbin:/usr/local/bin:/usr/sbin:/usr/bin:/sbin:/bin'
    'SERVER_SIGNATURE' => '<address>Apache/2.4.65 (Debian) Server at localhost Port 8080</address>
'
    'SERVER_SOFTWARE' => 'Apache/2.4.65 (Debian)'
    'SERVER_NAME' => 'localhost'
    'SERVER_ADDR' => '172.21.0.4'
    'SERVER_PORT' => '8080'
    'REMOTE_ADDR' => '172.21.0.1'
    'DOCUMENT_ROOT' => '/var/www/html/api/web'
    'REQUEST_SCHEME' => 'http'
    'CONTEXT_PREFIX' => ''
    'CONTEXT_DOCUMENT_ROOT' => '/var/www/html/api/web'
    'SERVER_ADMIN' => '[no address given]'
    'SCRIPT_FILENAME' => '/var/www/html/api/web/index.php'
    'REMOTE_PORT' => '47020'
    'REDIRECT_URL' => '/vendors'
    'GATEWAY_INTERFACE' => 'CGI/1.1'
    'SERVER_PROTOCOL' => 'HTTP/1.1'
    'REQUEST_METHOD' => 'GET'
    'QUERY_STRING' => ''
    'REQUEST_URI' => '/vendors'
    'SCRIPT_NAME' => '/index.php'
    'PHP_SELF' => '/index.php'
    'REQUEST_TIME_FLOAT' => 1764144903.609
    'REQUEST_TIME' => 1764144903
    'argv' => []
    'argc' => 0
]
2025-11-26 08:47:06 [172.21.0.1][-][-][error][yii\base\InvalidArgumentException] yii\base\InvalidArgumentException: Hash is invalid. in /var/www/html/vendor/yiisoft/yii2/base/Security.php:583
Stack trace:
#0 /var/www/html/common/models/User.php(77): yii\base\Security->validatePassword('password', '\\.xvhuDp1fHpo8h...')
#1 /var/www/html/api/controllers/AuthController.php(53): common\models\User->validatePassword('password')
#2 [internal function]: api\controllers\AuthController->actionLogin()
#3 /var/www/html/vendor/yiisoft/yii2/base/InlineAction.php(60): call_user_func_array(Array, Array)
#4 /var/www/html/vendor/yiisoft/yii2/base/Controller.php(184): yii\base\InlineAction->runWithParams(Array)
#5 /var/www/html/vendor/yiisoft/yii2/base/Module.php(555): yii\base\Controller->runAction('login', Array)
#6 /var/www/html/vendor/yiisoft/yii2/web/Application.php(103): yii\base\Module->runAction('auth/login', Array)
#7 /var/www/html/vendor/yiisoft/yii2/base/Application.php(387): yii\web\Application->handleRequest(Object(yii\web\Request))
#8 /var/www/html/api/web/index.php(15): yii\base\Application->run()
#9 {main}
2025-11-26 08:47:05 [172.21.0.1][-][-][info][application] $_GET = []

$_POST = []

$_FILES = []

$_COOKIE = []

$_SERVER = [
    'REDIRECT_STATUS' => '200'
    'HTTP_USER_AGENT' => 'Mozilla/5.0 (Windows NT; Windows NT 10.0; en-US) WindowsPowerShell/5.1.26100.7019'
    'CONTENT_TYPE' => 'application/json'
    'HTTP_HOST' => 'localhost:8080'
    'CONTENT_LENGTH' => '42'
    'PATH' => '/usr/local/sbin:/usr/local/bin:/usr/sbin:/usr/bin:/sbin:/bin'
    'SERVER_SIGNATURE' => '<address>Apache/2.4.65 (Debian) Server at localhost Port 8080</address>
'
    'SERVER_SOFTWARE' => 'Apache/2.4.65 (Debian)'
    'SERVER_NAME' => 'localhost'
    'SERVER_ADDR' => '172.21.0.4'
    'SERVER_PORT' => '8080'
    'REMOTE_ADDR' => '172.21.0.1'
    'DOCUMENT_ROOT' => '/var/www/html/api/web'
    'REQUEST_SCHEME' => 'http'
    'CONTEXT_PREFIX' => ''
    'CONTEXT_DOCUMENT_ROOT' => '/var/www/html/api/web'
    'SERVER_ADMIN' => '[no address given]'
    'SCRIPT_FILENAME' => '/var/www/html/api/web/index.php'
    'REMOTE_PORT' => '39382'
    'REDIRECT_URL' => '/auth/login'
    'GATEWAY_INTERFACE' => 'CGI/1.1'
    'SERVER_PROTOCOL' => 'HTTP/1.1'
    'REQUEST_METHOD' => 'POST'
    'QUERY_STRING' => ''
    'REQUEST_URI' => '/auth/login'
    'SCRIPT_NAME' => '/index.php'
    'PHP_SELF' => '/index.php'
    'REQUEST_TIME_FLOAT' => 1764146825.6375
    'REQUEST_TIME' => 1764146825
    'argv' => []
    'argc' => 0
]
2025-11-26 08:47:06 [172.21.0.1][-][-][error][yii\base\InvalidArgumentException] yii\base\InvalidArgumentException: Hash is invalid. in /var/www/html/vendor/yiisoft/yii2/base/Security.php:583
Stack trace:
#0 /var/www/html/common/models/User.php(77): yii\base\Security->validatePassword('password', '\\.xvhuDp1fHpo8h...')
#1 /var/www/html/api/controllers/AuthController.php(53): common\models\User->validatePassword('password')
#2 [internal function]: api\controllers\AuthController->actionLogin()
#3 /var/www/html/vendor/yiisoft/yii2/base/InlineAction.php(60): call_user_func_array(Array, Array)
#4 /var/www/html/vendor/yiisoft/yii2/base/Controller.php(184): yii\base\InlineAction->runWithParams(Array)
#5 /var/www/html/vendor/yiisoft/yii2/base/Module.php(555): yii\base\Controller->runAction('login', Array)
#6 /var/www/html/vendor/yiisoft/yii2/web/Application.php(103): yii\base\Module->runAction('auth/login', Array)
#7 /var/www/html/vendor/yiisoft/yii2/base/Application.php(387): yii\web\Application->handleRequest(Object(yii\web\Request))
#8 /var/www/html/api/web/index.php(15): yii\base\Application->run()
#9 {main}
2025-11-26 08:47:05 [172.21.0.1][-][-][info][application] $_GET = []

$_POST = []

$_FILES = []

$_COOKIE = []

$_SERVER = [
    'REDIRECT_STATUS' => '200'
    'HTTP_USER_AGENT' => 'Mozilla/5.0 (Windows NT; Windows NT 10.0; en-US) WindowsPowerShell/5.1.26100.7019'
    'CONTENT_TYPE' => 'application/json'
    'HTTP_HOST' => 'localhost:8080'
    'CONTENT_LENGTH' => '42'
    'PATH' => '/usr/local/sbin:/usr/local/bin:/usr/sbin:/usr/bin:/sbin:/bin'
    'SERVER_SIGNATURE' => '<address>Apache/2.4.65 (Debian) Server at localhost Port 8080</address>
'
    'SERVER_SOFTWARE' => 'Apache/2.4.65 (Debian)'
    'SERVER_NAME' => 'localhost'
    'SERVER_ADDR' => '172.21.0.4'
    'SERVER_PORT' => '8080'
    'REMOTE_ADDR' => '172.21.0.1'
    'DOCUMENT_ROOT' => '/var/www/html/api/web'
    'REQUEST_SCHEME' => 'http'
    'CONTEXT_PREFIX' => ''
    'CONTEXT_DOCUMENT_ROOT' => '/var/www/html/api/web'
    'SERVER_ADMIN' => '[no address given]'
    'SCRIPT_FILENAME' => '/var/www/html/api/web/index.php'
    'REMOTE_PORT' => '39382'
    'REDIRECT_URL' => '/auth/login'
    'GATEWAY_INTERFACE' => 'CGI/1.1'
    'SERVER_PROTOCOL' => 'HTTP/1.1'
    'REQUEST_METHOD' => 'POST'
    'QUERY_STRING' => ''
    'REQUEST_URI' => '/auth/login'
    'SCRIPT_NAME' => '/index.php'
    'PHP_SELF' => '/index.php'
    'REQUEST_TIME_FLOAT' => 1764146825.6375
    'REQUEST_TIME' => 1764146825
    'argv' => []
    'argc' => 0
]
2025-11-26 08:47:47 [172.21.0.1][-][-][error][yii\base\InvalidArgumentException] yii\base\InvalidArgumentException: Hash is invalid. in /var/www/html/vendor/yiisoft/yii2/base/Security.php:583
Stack trace:
#0 /var/www/html/common/models/User.php(77): yii\base\Security->validatePassword('admin123', '.xvhuDp1fHpo8hK...')
#1 /var/www/html/api/controllers/AuthController.php(53): common\models\User->validatePassword('admin123')
#2 [internal function]: api\controllers\AuthController->actionLogin()
#3 /var/www/html/vendor/yiisoft/yii2/base/InlineAction.php(60): call_user_func_array(Array, Array)
#4 /var/www/html/vendor/yiisoft/yii2/base/Controller.php(184): yii\base\InlineAction->runWithParams(Array)
#5 /var/www/html/vendor/yiisoft/yii2/base/Module.php(555): yii\base\Controller->runAction('login', Array)
#6 /var/www/html/vendor/yiisoft/yii2/web/Application.php(103): yii\base\Module->runAction('auth/login', Array)
#7 /var/www/html/vendor/yiisoft/yii2/base/Application.php(387): yii\web\Application->handleRequest(Object(yii\web\Request))
#8 /var/www/html/api/web/index.php(15): yii\base\Application->run()
#9 {main}
2025-11-26 08:47:46 [172.21.0.1][-][-][info][application] $_GET = []

$_POST = []

$_FILES = []

$_COOKIE = []

$_SERVER = [
    'REDIRECT_STATUS' => '200'
    'HTTP_USER_AGENT' => 'Mozilla/5.0 (Windows NT; Windows NT 10.0; en-US) WindowsPowerShell/5.1.26100.7019'
    'CONTENT_TYPE' => 'application/json'
    'HTTP_HOST' => 'localhost:8080'
    'CONTENT_LENGTH' => '42'
    'PATH' => '/usr/local/sbin:/usr/local/bin:/usr/sbin:/usr/bin:/sbin:/bin'
    'SERVER_SIGNATURE' => '<address>Apache/2.4.65 (Debian) Server at localhost Port 8080</address>
'
    'SERVER_SOFTWARE' => 'Apache/2.4.65 (Debian)'
    'SERVER_NAME' => 'localhost'
    'SERVER_ADDR' => '172.21.0.4'
    'SERVER_PORT' => '8080'
    'REMOTE_ADDR' => '172.21.0.1'
    'DOCUMENT_ROOT' => '/var/www/html/api/web'
    'REQUEST_SCHEME' => 'http'
    'CONTEXT_PREFIX' => ''
    'CONTEXT_DOCUMENT_ROOT' => '/var/www/html/api/web'
    'SERVER_ADMIN' => '[no address given]'
    'SCRIPT_FILENAME' => '/var/www/html/api/web/index.php'
    'REMOTE_PORT' => '44092'
    'REDIRECT_URL' => '/auth/login'
    'GATEWAY_INTERFACE' => 'CGI/1.1'
    'SERVER_PROTOCOL' => 'HTTP/1.1'
    'REQUEST_METHOD' => 'POST'
    'QUERY_STRING' => ''
    'REQUEST_URI' => '/auth/login'
    'SCRIPT_NAME' => '/index.php'
    'PHP_SELF' => '/index.php'
    'REQUEST_TIME_FLOAT' => 1764146866.6318
    'REQUEST_TIME' => 1764146866
    'argv' => []
    'argc' => 0
]
2025-11-26 08:47:47 [172.21.0.1][-][-][error][yii\base\InvalidArgumentException] yii\base\InvalidArgumentException: Hash is invalid. in /var/www/html/vendor/yiisoft/yii2/base/Security.php:583
Stack trace:
#0 /var/www/html/common/models/User.php(77): yii\base\Security->validatePassword('admin123', '.xvhuDp1fHpo8hK...')
#1 /var/www/html/api/controllers/AuthController.php(53): common\models\User->validatePassword('admin123')
#2 [internal function]: api\controllers\AuthController->actionLogin()
#3 /var/www/html/vendor/yiisoft/yii2/base/InlineAction.php(60): call_user_func_array(Array, Array)
#4 /var/www/html/vendor/yiisoft/yii2/base/Controller.php(184): yii\base\InlineAction->runWithParams(Array)
#5 /var/www/html/vendor/yiisoft/yii2/base/Module.php(555): yii\base\Controller->runAction('login', Array)
#6 /var/www/html/vendor/yiisoft/yii2/web/Application.php(103): yii\base\Module->runAction('auth/login', Array)
#7 /var/www/html/vendor/yiisoft/yii2/base/Application.php(387): yii\web\Application->handleRequest(Object(yii\web\Request))
#8 /var/www/html/api/web/index.php(15): yii\base\Application->run()
#9 {main}
2025-11-26 08:47:46 [172.21.0.1][-][-][info][application] $_GET = []

$_POST = []

$_FILES = []

$_COOKIE = []

$_SERVER = [
    'REDIRECT_STATUS' => '200'
    'HTTP_USER_AGENT' => 'Mozilla/5.0 (Windows NT; Windows NT 10.0; en-US) WindowsPowerShell/5.1.26100.7019'
    'CONTENT_TYPE' => 'application/json'
    'HTTP_HOST' => 'localhost:8080'
    'CONTENT_LENGTH' => '42'
    'PATH' => '/usr/local/sbin:/usr/local/bin:/usr/sbin:/usr/bin:/sbin:/bin'
    'SERVER_SIGNATURE' => '<address>Apache/2.4.65 (Debian) Server at localhost Port 8080</address>
'
    'SERVER_SOFTWARE' => 'Apache/2.4.65 (Debian)'
    'SERVER_NAME' => 'localhost'
    'SERVER_ADDR' => '172.21.0.4'
    'SERVER_PORT' => '8080'
    'REMOTE_ADDR' => '172.21.0.1'
    'DOCUMENT_ROOT' => '/var/www/html/api/web'
    'REQUEST_SCHEME' => 'http'
    'CONTEXT_PREFIX' => ''
    'CONTEXT_DOCUMENT_ROOT' => '/var/www/html/api/web'
    'SERVER_ADMIN' => '[no address given]'
    'SCRIPT_FILENAME' => '/var/www/html/api/web/index.php'
    'REMOTE_PORT' => '44092'
    'REDIRECT_URL' => '/auth/login'
    'GATEWAY_INTERFACE' => 'CGI/1.1'
    'SERVER_PROTOCOL' => 'HTTP/1.1'
    'REQUEST_METHOD' => 'POST'
    'QUERY_STRING' => ''
    'REQUEST_URI' => '/auth/login'
    'SCRIPT_NAME' => '/index.php'
    'PHP_SELF' => '/index.php'
    'REQUEST_TIME_FLOAT' => 1764146866.6318
    'REQUEST_TIME' => 1764146866
    'argv' => []
    'argc' => 0
]
2025-11-26 08:48:32 [172.21.0.1][-][-][error][yii\base\InvalidArgumentException] yii\base\InvalidArgumentException: Hash is invalid. in /var/www/html/vendor/yiisoft/yii2/base/Security.php:583
Stack trace:
#0 /var/www/html/common/models/User.php(77): yii\base\Security->validatePassword('admin123', '')
#1 /var/www/html/api/controllers/AuthController.php(53): common\models\User->validatePassword('admin123')
#2 [internal function]: api\controllers\AuthController->actionLogin()
#3 /var/www/html/vendor/yiisoft/yii2/base/InlineAction.php(60): call_user_func_array(Array, Array)
#4 /var/www/html/vendor/yiisoft/yii2/base/Controller.php(184): yii\base\InlineAction->runWithParams(Array)
#5 /var/www/html/vendor/yiisoft/yii2/base/Module.php(555): yii\base\Controller->runAction('login', Array)
#6 /var/www/html/vendor/yiisoft/yii2/web/Application.php(103): yii\base\Module->runAction('auth/login', Array)
#7 /var/www/html/vendor/yiisoft/yii2/base/Application.php(387): yii\web\Application->handleRequest(Object(yii\web\Request))
#8 /var/www/html/api/web/index.php(15): yii\base\Application->run()
#9 {main}
2025-11-26 08:48:31 [172.21.0.1][-][-][info][application] $_GET = []

$_POST = []

$_FILES = []

$_COOKIE = []

$_SERVER = [
    'REDIRECT_STATUS' => '200'
    'HTTP_USER_AGENT' => 'Mozilla/5.0 (Windows NT; Windows NT 10.0; en-US) WindowsPowerShell/5.1.26100.7019'
    'CONTENT_TYPE' => 'application/json'
    'HTTP_HOST' => 'localhost:8080'
    'CONTENT_LENGTH' => '42'
    'PATH' => '/usr/local/sbin:/usr/local/bin:/usr/sbin:/usr/bin:/sbin:/bin'
    'SERVER_SIGNATURE' => '<address>Apache/2.4.65 (Debian) Server at localhost Port 8080</address>
'
    'SERVER_SOFTWARE' => 'Apache/2.4.65 (Debian)'
    'SERVER_NAME' => 'localhost'
    'SERVER_ADDR' => '172.21.0.4'
    'SERVER_PORT' => '8080'
    'REMOTE_ADDR' => '172.21.0.1'
    'DOCUMENT_ROOT' => '/var/www/html/api/web'
    'REQUEST_SCHEME' => 'http'
    'CONTEXT_PREFIX' => ''
    'CONTEXT_DOCUMENT_ROOT' => '/var/www/html/api/web'
    'SERVER_ADMIN' => '[no address given]'
    'SCRIPT_FILENAME' => '/var/www/html/api/web/index.php'
    'REMOTE_PORT' => '49402'
    'REDIRECT_URL' => '/auth/login'
    'GATEWAY_INTERFACE' => 'CGI/1.1'
    'SERVER_PROTOCOL' => 'HTTP/1.1'
    'REQUEST_METHOD' => 'POST'
    'QUERY_STRING' => ''
    'REQUEST_URI' => '/auth/login'
    'SCRIPT_NAME' => '/index.php'
    'PHP_SELF' => '/index.php'
    'REQUEST_TIME_FLOAT' => 1764146911.7267
    'REQUEST_TIME' => 1764146911
    'argv' => []
    'argc' => 0
]
2025-11-26 08:48:32 [172.21.0.1][-][-][error][yii\base\InvalidArgumentException] yii\base\InvalidArgumentException: Hash is invalid. in /var/www/html/vendor/yiisoft/yii2/base/Security.php:583
Stack trace:
#0 /var/www/html/common/models/User.php(77): yii\base\Security->validatePassword('admin123', '')
#1 /var/www/html/api/controllers/AuthController.php(53): common\models\User->validatePassword('admin123')
#2 [internal function]: api\controllers\AuthController->actionLogin()
#3 /var/www/html/vendor/yiisoft/yii2/base/InlineAction.php(60): call_user_func_array(Array, Array)
#4 /var/www/html/vendor/yiisoft/yii2/base/Controller.php(184): yii\base\InlineAction->runWithParams(Array)
#5 /var/www/html/vendor/yiisoft/yii2/base/Module.php(555): yii\base\Controller->runAction('login', Array)
#6 /var/www/html/vendor/yiisoft/yii2/web/Application.php(103): yii\base\Module->runAction('auth/login', Array)
#7 /var/www/html/vendor/yiisoft/yii2/base/Application.php(387): yii\web\Application->handleRequest(Object(yii\web\Request))
#8 /var/www/html/api/web/index.php(15): yii\base\Application->run()
#9 {main}
2025-11-26 08:48:31 [172.21.0.1][-][-][info][application] $_GET = []

$_POST = []

$_FILES = []

$_COOKIE = []

$_SERVER = [
    'REDIRECT_STATUS' => '200'
    'HTTP_USER_AGENT' => 'Mozilla/5.0 (Windows NT; Windows NT 10.0; en-US) WindowsPowerShell/5.1.26100.7019'
    'CONTENT_TYPE' => 'application/json'
    'HTTP_HOST' => 'localhost:8080'
    'CONTENT_LENGTH' => '42'
    'PATH' => '/usr/local/sbin:/usr/local/bin:/usr/sbin:/usr/bin:/sbin:/bin'
    'SERVER_SIGNATURE' => '<address>Apache/2.4.65 (Debian) Server at localhost Port 8080</address>
'
    'SERVER_SOFTWARE' => 'Apache/2.4.65 (Debian)'
    'SERVER_NAME' => 'localhost'
    'SERVER_ADDR' => '172.21.0.4'
    'SERVER_PORT' => '8080'
    'REMOTE_ADDR' => '172.21.0.1'
    'DOCUMENT_ROOT' => '/var/www/html/api/web'
    'REQUEST_SCHEME' => 'http'
    'CONTEXT_PREFIX' => ''
    'CONTEXT_DOCUMENT_ROOT' => '/var/www/html/api/web'
    'SERVER_ADMIN' => '[no address given]'
    'SCRIPT_FILENAME' => '/var/www/html/api/web/index.php'
    'REMOTE_PORT' => '49402'
    'REDIRECT_URL' => '/auth/login'
    'GATEWAY_INTERFACE' => 'CGI/1.1'
    'SERVER_PROTOCOL' => 'HTTP/1.1'
    'REQUEST_METHOD' => 'POST'
    'QUERY_STRING' => ''
    'REQUEST_URI' => '/auth/login'
    'SCRIPT_NAME' => '/index.php'
    'PHP_SELF' => '/index.php'
    'REQUEST_TIME_FLOAT' => 1764146911.7267
    'REQUEST_TIME' => 1764146911
    'argv' => []
    'argc' => 0
]
2025-11-26 08:49:30 [172.21.0.1][-][-][error][yii\web\HttpException:401] yii\web\UnauthorizedHttpException: Your request was made with invalid credentials. in /var/www/html/vendor/yiisoft/yii2/filters/auth/AuthMethod.php:93
Stack trace:
#0 /var/www/html/vendor/yiisoft/yii2/filters/auth/AuthMethod.php(76): yii\filters\auth\AuthMethod->handleFailure(Object(yii\web\Response))
#1 /var/www/html/vendor/yiisoft/yii2/base/ActionFilter.php(77): yii\filters\auth\AuthMethod->beforeAction(Object(yii\rest\IndexAction))
#2 [internal function]: yii\base\ActionFilter->beforeFilter(Object(yii\base\ActionEvent))
#3 /var/www/html/vendor/yiisoft/yii2/base/Component.php(648): call_user_func(Array, Object(yii\base\ActionEvent))
#4 /var/www/html/vendor/yiisoft/yii2/base/Controller.php(303): yii\base\Component->trigger('beforeAction', Object(yii\base\ActionEvent))
#5 /var/www/html/vendor/yiisoft/yii2/web/Controller.php(318): yii\base\Controller->beforeAction(Object(yii\rest\IndexAction))
#6 /var/www/html/vendor/yiisoft/yii2/base/Controller.php(182): yii\web\Controller->beforeAction(Object(yii\rest\IndexAction))
#7 /var/www/html/vendor/yiisoft/yii2/base/Module.php(555): yii\base\Controller->runAction('index', Array)
#8 /var/www/html/vendor/yiisoft/yii2/web/Application.php(103): yii\base\Module->runAction('staff/index', Array)
#9 /var/www/html/vendor/yiisoft/yii2/base/Application.php(387): yii\web\Application->handleRequest(Object(yii\web\Request))
#10 /var/www/html/api/web/index.php(15): yii\base\Application->run()
#11 {main}
2025-11-26 08:49:30 [172.21.0.1][-][-][info][application] $_GET = []

$_POST = []

$_FILES = []

$_COOKIE = []

$_SERVER = [
    'REDIRECT_STATUS' => '200'
    'HTTP_USER_AGENT' => 'Mozilla/5.0 (Windows NT; Windows NT 10.0; en-US) WindowsPowerShell/5.1.26100.7019'
    'HTTP_HOST' => 'localhost:8080'
    'PATH' => '/usr/local/sbin:/usr/local/bin:/usr/sbin:/usr/bin:/sbin:/bin'
    'SERVER_SIGNATURE' => '<address>Apache/2.4.65 (Debian) Server at localhost Port 8080</address>
'
    'SERVER_SOFTWARE' => 'Apache/2.4.65 (Debian)'
    'SERVER_NAME' => 'localhost'
    'SERVER_ADDR' => '172.21.0.4'
    'SERVER_PORT' => '8080'
    'REMOTE_ADDR' => '172.21.0.1'
    'DOCUMENT_ROOT' => '/var/www/html/api/web'
    'REQUEST_SCHEME' => 'http'
    'CONTEXT_PREFIX' => ''
    'CONTEXT_DOCUMENT_ROOT' => '/var/www/html/api/web'
    'SERVER_ADMIN' => '[no address given]'
    'SCRIPT_FILENAME' => '/var/www/html/api/web/index.php'
    'REMOTE_PORT' => '49352'
    'REDIRECT_URL' => '/staff'
    'GATEWAY_INTERFACE' => 'CGI/1.1'
    'SERVER_PROTOCOL' => 'HTTP/1.1'
    'REQUEST_METHOD' => 'GET'
    'QUERY_STRING' => ''
    'REQUEST_URI' => '/staff'
    'SCRIPT_NAME' => '/index.php'
    'PHP_SELF' => '/index.php'
    'REQUEST_TIME_FLOAT' => 1764146970.8452
    'REQUEST_TIME' => 1764146970
    'argv' => []
    'argc' => 0
]
2025-11-26 08:49:30 [172.21.0.1][-][-][error][yii\web\HttpException:401] yii\web\UnauthorizedHttpException: Your request was made with invalid credentials. in /var/www/html/vendor/yiisoft/yii2/filters/auth/AuthMethod.php:93
Stack trace:
#0 /var/www/html/vendor/yiisoft/yii2/filters/auth/AuthMethod.php(76): yii\filters\auth\AuthMethod->handleFailure(Object(yii\web\Response))
#1 /var/www/html/vendor/yiisoft/yii2/base/ActionFilter.php(77): yii\filters\auth\AuthMethod->beforeAction(Object(yii\rest\IndexAction))
#2 [internal function]: yii\base\ActionFilter->beforeFilter(Object(yii\base\ActionEvent))
#3 /var/www/html/vendor/yiisoft/yii2/base/Component.php(648): call_user_func(Array, Object(yii\base\ActionEvent))
#4 /var/www/html/vendor/yiisoft/yii2/base/Controller.php(303): yii\base\Component->trigger('beforeAction', Object(yii\base\ActionEvent))
#5 /var/www/html/vendor/yiisoft/yii2/web/Controller.php(318): yii\base\Controller->beforeAction(Object(yii\rest\IndexAction))
#6 /var/www/html/vendor/yiisoft/yii2/base/Controller.php(182): yii\web\Controller->beforeAction(Object(yii\rest\IndexAction))
#7 /var/www/html/vendor/yiisoft/yii2/base/Module.php(555): yii\base\Controller->runAction('index', Array)
#8 /var/www/html/vendor/yiisoft/yii2/web/Application.php(103): yii\base\Module->runAction('staff/index', Array)
#9 /var/www/html/vendor/yiisoft/yii2/base/Application.php(387): yii\web\Application->handleRequest(Object(yii\web\Request))
#10 /var/www/html/api/web/index.php(15): yii\base\Application->run()
#11 {main}
2025-11-26 08:49:30 [172.21.0.1][-][-][info][application] $_GET = []

$_POST = []

$_FILES = []

$_COOKIE = []

$_SERVER = [
    'REDIRECT_STATUS' => '200'
    'HTTP_USER_AGENT' => 'Mozilla/5.0 (Windows NT; Windows NT 10.0; en-US) WindowsPowerShell/5.1.26100.7019'
    'HTTP_HOST' => 'localhost:8080'
    'PATH' => '/usr/local/sbin:/usr/local/bin:/usr/sbin:/usr/bin:/sbin:/bin'
    'SERVER_SIGNATURE' => '<address>Apache/2.4.65 (Debian) Server at localhost Port 8080</address>
'
    'SERVER_SOFTWARE' => 'Apache/2.4.65 (Debian)'
    'SERVER_NAME' => 'localhost'
    'SERVER_ADDR' => '172.21.0.4'
    'SERVER_PORT' => '8080'
    'REMOTE_ADDR' => '172.21.0.1'
    'DOCUMENT_ROOT' => '/var/www/html/api/web'
    'REQUEST_SCHEME' => 'http'
    'CONTEXT_PREFIX' => ''
    'CONTEXT_DOCUMENT_ROOT' => '/var/www/html/api/web'
    'SERVER_ADMIN' => '[no address given]'
    'SCRIPT_FILENAME' => '/var/www/html/api/web/index.php'
    'REMOTE_PORT' => '49352'
    'REDIRECT_URL' => '/staff'
    'GATEWAY_INTERFACE' => 'CGI/1.1'
    'SERVER_PROTOCOL' => 'HTTP/1.1'
    'REQUEST_METHOD' => 'GET'
    'QUERY_STRING' => ''
    'REQUEST_URI' => '/staff'
    'SCRIPT_NAME' => '/index.php'
    'PHP_SELF' => '/index.php'
    'REQUEST_TIME_FLOAT' => 1764146970.8452
    'REQUEST_TIME' => 1764146970
    'argv' => []
    'argc' => 0
]
2025-11-26 08:51:56 [172.21.0.1][-][-][error][yii\web\HttpException:401] yii\web\UnauthorizedHttpException: Your request was made with invalid credentials. in /var/www/html/vendor/yiisoft/yii2/filters/auth/AuthMethod.php:93
Stack trace:
#0 /var/www/html/vendor/yiisoft/yii2/filters/auth/HttpHeaderAuth.php(65): yii\filters\auth\AuthMethod->handleFailure(Object(yii\web\Response))
#1 /var/www/html/vendor/yiisoft/yii2/filters/auth/AuthMethod.php(58): yii\filters\auth\HttpHeaderAuth->authenticate(Object(yii\web\User), Object(yii\web\Request), Object(yii\web\Response))
#2 /var/www/html/vendor/yiisoft/yii2/base/ActionFilter.php(77): yii\filters\auth\AuthMethod->beforeAction(Object(yii\rest\IndexAction))
#3 [internal function]: yii\base\ActionFilter->beforeFilter(Object(yii\base\ActionEvent))
#4 /var/www/html/vendor/yiisoft/yii2/base/Component.php(648): call_user_func(Array, Object(yii\base\ActionEvent))
#5 /var/www/html/vendor/yiisoft/yii2/base/Controller.php(303): yii\base\Component->trigger('beforeAction', Object(yii\base\ActionEvent))
#6 /var/www/html/vendor/yiisoft/yii2/web/Controller.php(318): yii\base\Controller->beforeAction(Object(yii\rest\IndexAction))
#7 /var/www/html/vendor/yiisoft/yii2/base/Controller.php(182): yii\web\Controller->beforeAction(Object(yii\rest\IndexAction))
#8 /var/www/html/vendor/yiisoft/yii2/base/Module.php(555): yii\base\Controller->runAction('index', Array)
#9 /var/www/html/vendor/yiisoft/yii2/web/Application.php(103): yii\base\Module->runAction('staff/index', Array)
#10 /var/www/html/vendor/yiisoft/yii2/base/Application.php(387): yii\web\Application->handleRequest(Object(yii\web\Request))
#11 /var/www/html/api/web/index.php(15): yii\base\Application->run()
#12 {main}
2025-11-26 08:51:56 [172.21.0.1][-][-][info][application] $_GET = []

$_POST = []

$_FILES = []

$_COOKIE = []

$_SERVER = [
    'REDIRECT_STATUS' => '200'
    'HTTP_HOST' => 'localhost:8080'
    'HTTP_CONNECTION' => 'keep-alive'
    'HTTP_SEC_CH_UA_PLATFORM' => '\"Windows\"'
    'HTTP_USER_AGENT' => 'Mozilla/5.0 (Windows NT 10.0; Win64; x64) AppleWebKit/537.36 (KHTML, like Gecko) Chrome/142.0.0.0 Safari/537.36'
    'HTTP_SEC_CH_UA' => '\"Chromium\";v=\"142\", \"Google Chrome\";v=\"142\", \"Not_A Brand\";v=\"99\"'
    'CONTENT_TYPE' => 'application/json'
    'HTTP_SEC_CH_UA_MOBILE' => '?0'
    'HTTP_ACCEPT' => '*/*'
    'HTTP_ORIGIN' => 'http://localhost:3000'
    'HTTP_SEC_FETCH_SITE' => 'same-site'
    'HTTP_SEC_FETCH_MODE' => 'cors'
    'HTTP_SEC_FETCH_DEST' => 'empty'
    'HTTP_REFERER' => 'http://localhost:3000/'
    'HTTP_ACCEPT_ENCODING' => 'gzip, deflate, br, zstd'
    'HTTP_ACCEPT_LANGUAGE' => 'en-US,en;q=0.9'
    'PATH' => '/usr/local/sbin:/usr/local/bin:/usr/sbin:/usr/bin:/sbin:/bin'
    'SERVER_SIGNATURE' => '<address>Apache/2.4.65 (Debian) Server at localhost Port 8080</address>
'
    'SERVER_SOFTWARE' => 'Apache/2.4.65 (Debian)'
    'SERVER_NAME' => 'localhost'
    'SERVER_ADDR' => '172.21.0.4'
    'SERVER_PORT' => '8080'
    'REMOTE_ADDR' => '172.21.0.1'
    'DOCUMENT_ROOT' => '/var/www/html/api/web'
    'REQUEST_SCHEME' => 'http'
    'CONTEXT_PREFIX' => ''
    'CONTEXT_DOCUMENT_ROOT' => '/var/www/html/api/web'
    'SERVER_ADMIN' => '[no address given]'
    'SCRIPT_FILENAME' => '/var/www/html/api/web/index.php'
    'REMOTE_PORT' => '60204'
    'REDIRECT_URL' => '/staff'
    'GATEWAY_INTERFACE' => 'CGI/1.1'
    'SERVER_PROTOCOL' => 'HTTP/1.1'
    'REQUEST_METHOD' => 'GET'
    'QUERY_STRING' => ''
    'REQUEST_URI' => '/staff'
    'SCRIPT_NAME' => '/index.php'
    'PHP_SELF' => '/index.php'
    'REQUEST_TIME_FLOAT' => 1764147115.9198
    'REQUEST_TIME' => 1764147115
    'argv' => []
    'argc' => 0
]
2025-11-26 08:51:56 [172.21.0.1][-][-][error][yii\web\HttpException:401] yii\web\UnauthorizedHttpException: Your request was made with invalid credentials. in /var/www/html/vendor/yiisoft/yii2/filters/auth/AuthMethod.php:93
Stack trace:
#0 /var/www/html/vendor/yiisoft/yii2/filters/auth/HttpHeaderAuth.php(65): yii\filters\auth\AuthMethod->handleFailure(Object(yii\web\Response))
#1 /var/www/html/vendor/yiisoft/yii2/filters/auth/AuthMethod.php(58): yii\filters\auth\HttpHeaderAuth->authenticate(Object(yii\web\User), Object(yii\web\Request), Object(yii\web\Response))
#2 /var/www/html/vendor/yiisoft/yii2/base/ActionFilter.php(77): yii\filters\auth\AuthMethod->beforeAction(Object(yii\rest\IndexAction))
#3 [internal function]: yii\base\ActionFilter->beforeFilter(Object(yii\base\ActionEvent))
#4 /var/www/html/vendor/yiisoft/yii2/base/Component.php(648): call_user_func(Array, Object(yii\base\ActionEvent))
#5 /var/www/html/vendor/yiisoft/yii2/base/Controller.php(303): yii\base\Component->trigger('beforeAction', Object(yii\base\ActionEvent))
#6 /var/www/html/vendor/yiisoft/yii2/web/Controller.php(318): yii\base\Controller->beforeAction(Object(yii\rest\IndexAction))
#7 /var/www/html/vendor/yiisoft/yii2/base/Controller.php(182): yii\web\Controller->beforeAction(Object(yii\rest\IndexAction))
#8 /var/www/html/vendor/yiisoft/yii2/base/Module.php(555): yii\base\Controller->runAction('index', Array)
#9 /var/www/html/vendor/yiisoft/yii2/web/Application.php(103): yii\base\Module->runAction('vendor/index', Array)
#10 /var/www/html/vendor/yiisoft/yii2/base/Application.php(387): yii\web\Application->handleRequest(Object(yii\web\Request))
#11 /var/www/html/api/web/index.php(15): yii\base\Application->run()
#12 {main}
2025-11-26 08:51:56 [172.21.0.1][-][-][info][application] $_GET = []

$_POST = []

$_FILES = []

$_COOKIE = []

$_SERVER = [
    'REDIRECT_STATUS' => '200'
    'HTTP_HOST' => 'localhost:8080'
    'HTTP_CONNECTION' => 'keep-alive'
    'HTTP_SEC_CH_UA_PLATFORM' => '\"Windows\"'
    'HTTP_USER_AGENT' => 'Mozilla/5.0 (Windows NT 10.0; Win64; x64) AppleWebKit/537.36 (KHTML, like Gecko) Chrome/142.0.0.0 Safari/537.36'
    'HTTP_SEC_CH_UA' => '\"Chromium\";v=\"142\", \"Google Chrome\";v=\"142\", \"Not_A Brand\";v=\"99\"'
    'CONTENT_TYPE' => 'application/json'
    'HTTP_SEC_CH_UA_MOBILE' => '?0'
    'HTTP_ACCEPT' => '*/*'
    'HTTP_ORIGIN' => 'http://localhost:3000'
    'HTTP_SEC_FETCH_SITE' => 'same-site'
    'HTTP_SEC_FETCH_MODE' => 'cors'
    'HTTP_SEC_FETCH_DEST' => 'empty'
    'HTTP_REFERER' => 'http://localhost:3000/'
    'HTTP_ACCEPT_ENCODING' => 'gzip, deflate, br, zstd'
    'HTTP_ACCEPT_LANGUAGE' => 'en-US,en;q=0.9'
    'PATH' => '/usr/local/sbin:/usr/local/bin:/usr/sbin:/usr/bin:/sbin:/bin'
    'SERVER_SIGNATURE' => '<address>Apache/2.4.65 (Debian) Server at localhost Port 8080</address>
'
    'SERVER_SOFTWARE' => 'Apache/2.4.65 (Debian)'
    'SERVER_NAME' => 'localhost'
    'SERVER_ADDR' => '172.21.0.4'
    'SERVER_PORT' => '8080'
    'REMOTE_ADDR' => '172.21.0.1'
    'DOCUMENT_ROOT' => '/var/www/html/api/web'
    'REQUEST_SCHEME' => 'http'
    'CONTEXT_PREFIX' => ''
    'CONTEXT_DOCUMENT_ROOT' => '/var/www/html/api/web'
    'SERVER_ADMIN' => '[no address given]'
    'SCRIPT_FILENAME' => '/var/www/html/api/web/index.php'
    'REMOTE_PORT' => '60194'
    'REDIRECT_URL' => '/vendors'
    'GATEWAY_INTERFACE' => 'CGI/1.1'
    'SERVER_PROTOCOL' => 'HTTP/1.1'
    'REQUEST_METHOD' => 'GET'
    'QUERY_STRING' => ''
    'REQUEST_URI' => '/vendors'
    'SCRIPT_NAME' => '/index.php'
    'PHP_SELF' => '/index.php'
    'REQUEST_TIME_FLOAT' => 1764147115.9193
    'REQUEST_TIME' => 1764147115
    'argv' => []
    'argc' => 0
]
2025-11-26 08:51:56 [172.21.0.1][-][-][error][yii\web\HttpException:401] yii\web\UnauthorizedHttpException: Your request was made with invalid credentials. in /var/www/html/vendor/yiisoft/yii2/filters/auth/AuthMethod.php:93
Stack trace:
#0 /var/www/html/vendor/yiisoft/yii2/filters/auth/HttpHeaderAuth.php(65): yii\filters\auth\AuthMethod->handleFailure(Object(yii\web\Response))
#1 /var/www/html/vendor/yiisoft/yii2/filters/auth/AuthMethod.php(58): yii\filters\auth\HttpHeaderAuth->authenticate(Object(yii\web\User), Object(yii\web\Request), Object(yii\web\Response))
#2 /var/www/html/vendor/yiisoft/yii2/base/ActionFilter.php(77): yii\filters\auth\AuthMethod->beforeAction(Object(yii\rest\IndexAction))
#3 [internal function]: yii\base\ActionFilter->beforeFilter(Object(yii\base\ActionEvent))
#4 /var/www/html/vendor/yiisoft/yii2/base/Component.php(648): call_user_func(Array, Object(yii\base\ActionEvent))
#5 /var/www/html/vendor/yiisoft/yii2/base/Controller.php(303): yii\base\Component->trigger('beforeAction', Object(yii\base\ActionEvent))
#6 /var/www/html/vendor/yiisoft/yii2/web/Controller.php(318): yii\base\Controller->beforeAction(Object(yii\rest\IndexAction))
#7 /var/www/html/vendor/yiisoft/yii2/base/Controller.php(182): yii\web\Controller->beforeAction(Object(yii\rest\IndexAction))
#8 /var/www/html/vendor/yiisoft/yii2/base/Module.php(555): yii\base\Controller->runAction('index', Array)
#9 /var/www/html/vendor/yiisoft/yii2/web/Application.php(103): yii\base\Module->runAction('assignment/inde...', Array)
#10 /var/www/html/vendor/yiisoft/yii2/base/Application.php(387): yii\web\Application->handleRequest(Object(yii\web\Request))
#11 /var/www/html/api/web/index.php(15): yii\base\Application->run()
#12 {main}
2025-11-26 08:51:56 [172.21.0.1][-][-][info][application] $_GET = []

$_POST = []

$_FILES = []

$_COOKIE = []

$_SERVER = [
    'REDIRECT_STATUS' => '200'
    'HTTP_HOST' => 'localhost:8080'
    'HTTP_CONNECTION' => 'keep-alive'
    'HTTP_SEC_CH_UA_PLATFORM' => '\"Windows\"'
    'HTTP_USER_AGENT' => 'Mozilla/5.0 (Windows NT 10.0; Win64; x64) AppleWebKit/537.36 (KHTML, like Gecko) Chrome/142.0.0.0 Safari/537.36'
    'HTTP_SEC_CH_UA' => '\"Chromium\";v=\"142\", \"Google Chrome\";v=\"142\", \"Not_A Brand\";v=\"99\"'
    'CONTENT_TYPE' => 'application/json'
    'HTTP_SEC_CH_UA_MOBILE' => '?0'
    'HTTP_ACCEPT' => '*/*'
    'HTTP_ORIGIN' => 'http://localhost:3000'
    'HTTP_SEC_FETCH_SITE' => 'same-site'
    'HTTP_SEC_FETCH_MODE' => 'cors'
    'HTTP_SEC_FETCH_DEST' => 'empty'
    'HTTP_REFERER' => 'http://localhost:3000/'
    'HTTP_ACCEPT_ENCODING' => 'gzip, deflate, br, zstd'
    'HTTP_ACCEPT_LANGUAGE' => 'en-US,en;q=0.9'
    'PATH' => '/usr/local/sbin:/usr/local/bin:/usr/sbin:/usr/bin:/sbin:/bin'
    'SERVER_SIGNATURE' => '<address>Apache/2.4.65 (Debian) Server at localhost Port 8080</address>
'
    'SERVER_SOFTWARE' => 'Apache/2.4.65 (Debian)'
    'SERVER_NAME' => 'localhost'
    'SERVER_ADDR' => '172.21.0.4'
    'SERVER_PORT' => '8080'
    'REMOTE_ADDR' => '172.21.0.1'
    'DOCUMENT_ROOT' => '/var/www/html/api/web'
    'REQUEST_SCHEME' => 'http'
    'CONTEXT_PREFIX' => ''
    'CONTEXT_DOCUMENT_ROOT' => '/var/www/html/api/web'
    'SERVER_ADMIN' => '[no address given]'
    'SCRIPT_FILENAME' => '/var/www/html/api/web/index.php'
    'REMOTE_PORT' => '60208'
    'REDIRECT_URL' => '/assignments'
    'GATEWAY_INTERFACE' => 'CGI/1.1'
    'SERVER_PROTOCOL' => 'HTTP/1.1'
    'REQUEST_METHOD' => 'GET'
    'QUERY_STRING' => ''
    'REQUEST_URI' => '/assignments'
    'SCRIPT_NAME' => '/index.php'
    'PHP_SELF' => '/index.php'
    'REQUEST_TIME_FLOAT' => 1764147115.9216
    'REQUEST_TIME' => 1764147115
    'argv' => []
    'argc' => 0
]
2025-11-26 08:51:56 [172.21.0.1][-][-][error][yii\web\HttpException:401] yii\web\UnauthorizedHttpException: Your request was made with invalid credentials. in /var/www/html/vendor/yiisoft/yii2/filters/auth/AuthMethod.php:93
Stack trace:
#0 /var/www/html/vendor/yiisoft/yii2/filters/auth/HttpHeaderAuth.php(65): yii\filters\auth\AuthMethod->handleFailure(Object(yii\web\Response))
#1 /var/www/html/vendor/yiisoft/yii2/filters/auth/AuthMethod.php(58): yii\filters\auth\HttpHeaderAuth->authenticate(Object(yii\web\User), Object(yii\web\Request), Object(yii\web\Response))
#2 /var/www/html/vendor/yiisoft/yii2/base/ActionFilter.php(77): yii\filters\auth\AuthMethod->beforeAction(Object(yii\rest\IndexAction))
#3 [internal function]: yii\base\ActionFilter->beforeFilter(Object(yii\base\ActionEvent))
#4 /var/www/html/vendor/yiisoft/yii2/base/Component.php(648): call_user_func(Array, Object(yii\base\ActionEvent))
#5 /var/www/html/vendor/yiisoft/yii2/base/Controller.php(303): yii\base\Component->trigger('beforeAction', Object(yii\base\ActionEvent))
#6 /var/www/html/vendor/yiisoft/yii2/web/Controller.php(318): yii\base\Controller->beforeAction(Object(yii\rest\IndexAction))
#7 /var/www/html/vendor/yiisoft/yii2/base/Controller.php(182): yii\web\Controller->beforeAction(Object(yii\rest\IndexAction))
#8 /var/www/html/vendor/yiisoft/yii2/base/Module.php(555): yii\base\Controller->runAction('index', Array)
#9 /var/www/html/vendor/yiisoft/yii2/web/Application.php(103): yii\base\Module->runAction('vendor/index', Array)
#10 /var/www/html/vendor/yiisoft/yii2/base/Application.php(387): yii\web\Application->handleRequest(Object(yii\web\Request))
#11 /var/www/html/api/web/index.php(15): yii\base\Application->run()
#12 {main}
2025-11-26 08:51:56 [172.21.0.1][-][-][info][application] $_GET = []

$_POST = []

$_FILES = []

$_COOKIE = []

$_SERVER = [
    'REDIRECT_STATUS' => '200'
    'HTTP_HOST' => 'localhost:8080'
    'HTTP_CONNECTION' => 'keep-alive'
    'HTTP_SEC_CH_UA_PLATFORM' => '\"Windows\"'
    'HTTP_USER_AGENT' => 'Mozilla/5.0 (Windows NT 10.0; Win64; x64) AppleWebKit/537.36 (KHTML, like Gecko) Chrome/142.0.0.0 Safari/537.36'
    'HTTP_SEC_CH_UA' => '\"Chromium\";v=\"142\", \"Google Chrome\";v=\"142\", \"Not_A Brand\";v=\"99\"'
    'CONTENT_TYPE' => 'application/json'
    'HTTP_SEC_CH_UA_MOBILE' => '?0'
    'HTTP_ACCEPT' => '*/*'
    'HTTP_ORIGIN' => 'http://localhost:3000'
    'HTTP_SEC_FETCH_SITE' => 'same-site'
    'HTTP_SEC_FETCH_MODE' => 'cors'
    'HTTP_SEC_FETCH_DEST' => 'empty'
    'HTTP_REFERER' => 'http://localhost:3000/'
    'HTTP_ACCEPT_ENCODING' => 'gzip, deflate, br, zstd'
    'HTTP_ACCEPT_LANGUAGE' => 'en-US,en;q=0.9'
    'PATH' => '/usr/local/sbin:/usr/local/bin:/usr/sbin:/usr/bin:/sbin:/bin'
    'SERVER_SIGNATURE' => '<address>Apache/2.4.65 (Debian) Server at localhost Port 8080</address>
'
    'SERVER_SOFTWARE' => 'Apache/2.4.65 (Debian)'
    'SERVER_NAME' => 'localhost'
    'SERVER_ADDR' => '172.21.0.4'
    'SERVER_PORT' => '8080'
    'REMOTE_ADDR' => '172.21.0.1'
    'DOCUMENT_ROOT' => '/var/www/html/api/web'
    'REQUEST_SCHEME' => 'http'
    'CONTEXT_PREFIX' => ''
    'CONTEXT_DOCUMENT_ROOT' => '/var/www/html/api/web'
    'SERVER_ADMIN' => '[no address given]'
    'SCRIPT_FILENAME' => '/var/www/html/api/web/index.php'
    'REMOTE_PORT' => '60194'
    'REDIRECT_URL' => '/vendors'
    'GATEWAY_INTERFACE' => 'CGI/1.1'
    'SERVER_PROTOCOL' => 'HTTP/1.1'
    'REQUEST_METHOD' => 'GET'
    'QUERY_STRING' => ''
    'REQUEST_URI' => '/vendors'
    'SCRIPT_NAME' => '/index.php'
    'PHP_SELF' => '/index.php'
    'REQUEST_TIME_FLOAT' => 1764147115.9193
    'REQUEST_TIME' => 1764147115
    'argv' => []
    'argc' => 0
]
2025-11-26 08:51:56 [172.21.0.1][-][-][error][yii\web\HttpException:401] yii\web\UnauthorizedHttpException: Your request was made with invalid credentials. in /var/www/html/vendor/yiisoft/yii2/filters/auth/AuthMethod.php:93
Stack trace:
#0 /var/www/html/vendor/yiisoft/yii2/filters/auth/HttpHeaderAuth.php(65): yii\filters\auth\AuthMethod->handleFailure(Object(yii\web\Response))
#1 /var/www/html/vendor/yiisoft/yii2/filters/auth/AuthMethod.php(58): yii\filters\auth\HttpHeaderAuth->authenticate(Object(yii\web\User), Object(yii\web\Request), Object(yii\web\Response))
#2 /var/www/html/vendor/yiisoft/yii2/base/ActionFilter.php(77): yii\filters\auth\AuthMethod->beforeAction(Object(yii\rest\IndexAction))
#3 [internal function]: yii\base\ActionFilter->beforeFilter(Object(yii\base\ActionEvent))
#4 /var/www/html/vendor/yiisoft/yii2/base/Component.php(648): call_user_func(Array, Object(yii\base\ActionEvent))
#5 /var/www/html/vendor/yiisoft/yii2/base/Controller.php(303): yii\base\Component->trigger('beforeAction', Object(yii\base\ActionEvent))
#6 /var/www/html/vendor/yiisoft/yii2/web/Controller.php(318): yii\base\Controller->beforeAction(Object(yii\rest\IndexAction))
#7 /var/www/html/vendor/yiisoft/yii2/base/Controller.php(182): yii\web\Controller->beforeAction(Object(yii\rest\IndexAction))
#8 /var/www/html/vendor/yiisoft/yii2/base/Module.php(555): yii\base\Controller->runAction('index', Array)
#9 /var/www/html/vendor/yiisoft/yii2/web/Application.php(103): yii\base\Module->runAction('staff/index', Array)
#10 /var/www/html/vendor/yiisoft/yii2/base/Application.php(387): yii\web\Application->handleRequest(Object(yii\web\Request))
#11 /var/www/html/api/web/index.php(15): yii\base\Application->run()
#12 {main}
2025-11-26 08:51:56 [172.21.0.1][-][-][info][application] $_GET = []

$_POST = []

$_FILES = []

$_COOKIE = []

$_SERVER = [
    'REDIRECT_STATUS' => '200'
    'HTTP_HOST' => 'localhost:8080'
    'HTTP_CONNECTION' => 'keep-alive'
    'HTTP_SEC_CH_UA_PLATFORM' => '\"Windows\"'
    'HTTP_USER_AGENT' => 'Mozilla/5.0 (Windows NT 10.0; Win64; x64) AppleWebKit/537.36 (KHTML, like Gecko) Chrome/142.0.0.0 Safari/537.36'
    'HTTP_SEC_CH_UA' => '\"Chromium\";v=\"142\", \"Google Chrome\";v=\"142\", \"Not_A Brand\";v=\"99\"'
    'CONTENT_TYPE' => 'application/json'
    'HTTP_SEC_CH_UA_MOBILE' => '?0'
    'HTTP_ACCEPT' => '*/*'
    'HTTP_ORIGIN' => 'http://localhost:3000'
    'HTTP_SEC_FETCH_SITE' => 'same-site'
    'HTTP_SEC_FETCH_MODE' => 'cors'
    'HTTP_SEC_FETCH_DEST' => 'empty'
    'HTTP_REFERER' => 'http://localhost:3000/'
    'HTTP_ACCEPT_ENCODING' => 'gzip, deflate, br, zstd'
    'HTTP_ACCEPT_LANGUAGE' => 'en-US,en;q=0.9'
    'PATH' => '/usr/local/sbin:/usr/local/bin:/usr/sbin:/usr/bin:/sbin:/bin'
    'SERVER_SIGNATURE' => '<address>Apache/2.4.65 (Debian) Server at localhost Port 8080</address>
'
    'SERVER_SOFTWARE' => 'Apache/2.4.65 (Debian)'
    'SERVER_NAME' => 'localhost'
    'SERVER_ADDR' => '172.21.0.4'
    'SERVER_PORT' => '8080'
    'REMOTE_ADDR' => '172.21.0.1'
    'DOCUMENT_ROOT' => '/var/www/html/api/web'
    'REQUEST_SCHEME' => 'http'
    'CONTEXT_PREFIX' => ''
    'CONTEXT_DOCUMENT_ROOT' => '/var/www/html/api/web'
    'SERVER_ADMIN' => '[no address given]'
    'SCRIPT_FILENAME' => '/var/www/html/api/web/index.php'
    'REMOTE_PORT' => '60204'
    'REDIRECT_URL' => '/staff'
    'GATEWAY_INTERFACE' => 'CGI/1.1'
    'SERVER_PROTOCOL' => 'HTTP/1.1'
    'REQUEST_METHOD' => 'GET'
    'QUERY_STRING' => ''
    'REQUEST_URI' => '/staff'
    'SCRIPT_NAME' => '/index.php'
    'PHP_SELF' => '/index.php'
    'REQUEST_TIME_FLOAT' => 1764147115.9198
    'REQUEST_TIME' => 1764147115
    'argv' => []
    'argc' => 0
]
2025-11-26 08:51:56 [172.21.0.1][-][-][error][yii\web\HttpException:401] yii\web\UnauthorizedHttpException: Your request was made with invalid credentials. in /var/www/html/vendor/yiisoft/yii2/filters/auth/AuthMethod.php:93
Stack trace:
#0 /var/www/html/vendor/yiisoft/yii2/filters/auth/HttpHeaderAuth.php(65): yii\filters\auth\AuthMethod->handleFailure(Object(yii\web\Response))
#1 /var/www/html/vendor/yiisoft/yii2/filters/auth/AuthMethod.php(58): yii\filters\auth\HttpHeaderAuth->authenticate(Object(yii\web\User), Object(yii\web\Request), Object(yii\web\Response))
#2 /var/www/html/vendor/yiisoft/yii2/base/ActionFilter.php(77): yii\filters\auth\AuthMethod->beforeAction(Object(yii\rest\IndexAction))
#3 [internal function]: yii\base\ActionFilter->beforeFilter(Object(yii\base\ActionEvent))
#4 /var/www/html/vendor/yiisoft/yii2/base/Component.php(648): call_user_func(Array, Object(yii\base\ActionEvent))
#5 /var/www/html/vendor/yiisoft/yii2/base/Controller.php(303): yii\base\Component->trigger('beforeAction', Object(yii\base\ActionEvent))
#6 /var/www/html/vendor/yiisoft/yii2/web/Controller.php(318): yii\base\Controller->beforeAction(Object(yii\rest\IndexAction))
#7 /var/www/html/vendor/yiisoft/yii2/base/Controller.php(182): yii\web\Controller->beforeAction(Object(yii\rest\IndexAction))
#8 /var/www/html/vendor/yiisoft/yii2/base/Module.php(555): yii\base\Controller->runAction('index', Array)
#9 /var/www/html/vendor/yiisoft/yii2/web/Application.php(103): yii\base\Module->runAction('assignment/inde...', Array)
#10 /var/www/html/vendor/yiisoft/yii2/base/Application.php(387): yii\web\Application->handleRequest(Object(yii\web\Request))
#11 /var/www/html/api/web/index.php(15): yii\base\Application->run()
#12 {main}
2025-11-26 08:51:56 [172.21.0.1][-][-][info][application] $_GET = []

$_POST = []

$_FILES = []

$_COOKIE = []

$_SERVER = [
    'REDIRECT_STATUS' => '200'
    'HTTP_HOST' => 'localhost:8080'
    'HTTP_CONNECTION' => 'keep-alive'
    'HTTP_SEC_CH_UA_PLATFORM' => '\"Windows\"'
    'HTTP_USER_AGENT' => 'Mozilla/5.0 (Windows NT 10.0; Win64; x64) AppleWebKit/537.36 (KHTML, like Gecko) Chrome/142.0.0.0 Safari/537.36'
    'HTTP_SEC_CH_UA' => '\"Chromium\";v=\"142\", \"Google Chrome\";v=\"142\", \"Not_A Brand\";v=\"99\"'
    'CONTENT_TYPE' => 'application/json'
    'HTTP_SEC_CH_UA_MOBILE' => '?0'
    'HTTP_ACCEPT' => '*/*'
    'HTTP_ORIGIN' => 'http://localhost:3000'
    'HTTP_SEC_FETCH_SITE' => 'same-site'
    'HTTP_SEC_FETCH_MODE' => 'cors'
    'HTTP_SEC_FETCH_DEST' => 'empty'
    'HTTP_REFERER' => 'http://localhost:3000/'
    'HTTP_ACCEPT_ENCODING' => 'gzip, deflate, br, zstd'
    'HTTP_ACCEPT_LANGUAGE' => 'en-US,en;q=0.9'
    'PATH' => '/usr/local/sbin:/usr/local/bin:/usr/sbin:/usr/bin:/sbin:/bin'
    'SERVER_SIGNATURE' => '<address>Apache/2.4.65 (Debian) Server at localhost Port 8080</address>
'
    'SERVER_SOFTWARE' => 'Apache/2.4.65 (Debian)'
    'SERVER_NAME' => 'localhost'
    'SERVER_ADDR' => '172.21.0.4'
    'SERVER_PORT' => '8080'
    'REMOTE_ADDR' => '172.21.0.1'
    'DOCUMENT_ROOT' => '/var/www/html/api/web'
    'REQUEST_SCHEME' => 'http'
    'CONTEXT_PREFIX' => ''
    'CONTEXT_DOCUMENT_ROOT' => '/var/www/html/api/web'
    'SERVER_ADMIN' => '[no address given]'
    'SCRIPT_FILENAME' => '/var/www/html/api/web/index.php'
    'REMOTE_PORT' => '60208'
    'REDIRECT_URL' => '/assignments'
    'GATEWAY_INTERFACE' => 'CGI/1.1'
    'SERVER_PROTOCOL' => 'HTTP/1.1'
    'REQUEST_METHOD' => 'GET'
    'QUERY_STRING' => ''
    'REQUEST_URI' => '/assignments'
    'SCRIPT_NAME' => '/index.php'
    'PHP_SELF' => '/index.php'
    'REQUEST_TIME_FLOAT' => 1764147115.9216
    'REQUEST_TIME' => 1764147115
    'argv' => []
    'argc' => 0
]
2025-11-26 08:51:56 [172.21.0.1][-][-][error][yii\web\HttpException:401] yii\web\UnauthorizedHttpException: Your request was made with invalid credentials. in /var/www/html/vendor/yiisoft/yii2/filters/auth/AuthMethod.php:93
Stack trace:
#0 /var/www/html/vendor/yiisoft/yii2/filters/auth/HttpHeaderAuth.php(65): yii\filters\auth\AuthMethod->handleFailure(Object(yii\web\Response))
#1 /var/www/html/vendor/yiisoft/yii2/filters/auth/AuthMethod.php(58): yii\filters\auth\HttpHeaderAuth->authenticate(Object(yii\web\User), Object(yii\web\Request), Object(yii\web\Response))
#2 /var/www/html/vendor/yiisoft/yii2/base/ActionFilter.php(77): yii\filters\auth\AuthMethod->beforeAction(Object(yii\rest\IndexAction))
#3 [internal function]: yii\base\ActionFilter->beforeFilter(Object(yii\base\ActionEvent))
#4 /var/www/html/vendor/yiisoft/yii2/base/Component.php(648): call_user_func(Array, Object(yii\base\ActionEvent))
#5 /var/www/html/vendor/yiisoft/yii2/base/Controller.php(303): yii\base\Component->trigger('beforeAction', Object(yii\base\ActionEvent))
#6 /var/www/html/vendor/yiisoft/yii2/web/Controller.php(318): yii\base\Controller->beforeAction(Object(yii\rest\IndexAction))
#7 /var/www/html/vendor/yiisoft/yii2/base/Controller.php(182): yii\web\Controller->beforeAction(Object(yii\rest\IndexAction))
#8 /var/www/html/vendor/yiisoft/yii2/base/Module.php(555): yii\base\Controller->runAction('index', Array)
#9 /var/www/html/vendor/yiisoft/yii2/web/Application.php(103): yii\base\Module->runAction('vendor/index', Array)
#10 /var/www/html/vendor/yiisoft/yii2/base/Application.php(387): yii\web\Application->handleRequest(Object(yii\web\Request))
#11 /var/www/html/api/web/index.php(15): yii\base\Application->run()
#12 {main}
2025-11-26 08:51:56 [172.21.0.1][-][-][info][application] $_GET = []

$_POST = []

$_FILES = []

$_COOKIE = []

$_SERVER = [
    'REDIRECT_STATUS' => '200'
    'HTTP_HOST' => 'localhost:8080'
    'HTTP_CONNECTION' => 'keep-alive'
    'HTTP_SEC_CH_UA_PLATFORM' => '\"Windows\"'
    'HTTP_USER_AGENT' => 'Mozilla/5.0 (Windows NT 10.0; Win64; x64) AppleWebKit/537.36 (KHTML, like Gecko) Chrome/142.0.0.0 Safari/537.36'
    'HTTP_SEC_CH_UA' => '\"Chromium\";v=\"142\", \"Google Chrome\";v=\"142\", \"Not_A Brand\";v=\"99\"'
    'CONTENT_TYPE' => 'application/json'
    'HTTP_SEC_CH_UA_MOBILE' => '?0'
    'HTTP_ACCEPT' => '*/*'
    'HTTP_ORIGIN' => 'http://localhost:3000'
    'HTTP_SEC_FETCH_SITE' => 'same-site'
    'HTTP_SEC_FETCH_MODE' => 'cors'
    'HTTP_SEC_FETCH_DEST' => 'empty'
    'HTTP_REFERER' => 'http://localhost:3000/'
    'HTTP_ACCEPT_ENCODING' => 'gzip, deflate, br, zstd'
    'HTTP_ACCEPT_LANGUAGE' => 'en-US,en;q=0.9'
    'PATH' => '/usr/local/sbin:/usr/local/bin:/usr/sbin:/usr/bin:/sbin:/bin'
    'SERVER_SIGNATURE' => '<address>Apache/2.4.65 (Debian) Server at localhost Port 8080</address>
'
    'SERVER_SOFTWARE' => 'Apache/2.4.65 (Debian)'
    'SERVER_NAME' => 'localhost'
    'SERVER_ADDR' => '172.21.0.4'
    'SERVER_PORT' => '8080'
    'REMOTE_ADDR' => '172.21.0.1'
    'DOCUMENT_ROOT' => '/var/www/html/api/web'
    'REQUEST_SCHEME' => 'http'
    'CONTEXT_PREFIX' => ''
    'CONTEXT_DOCUMENT_ROOT' => '/var/www/html/api/web'
    'SERVER_ADMIN' => '[no address given]'
    'SCRIPT_FILENAME' => '/var/www/html/api/web/index.php'
    'REMOTE_PORT' => '60194'
    'REDIRECT_URL' => '/vendors'
    'GATEWAY_INTERFACE' => 'CGI/1.1'
    'SERVER_PROTOCOL' => 'HTTP/1.1'
    'REQUEST_METHOD' => 'GET'
    'QUERY_STRING' => ''
    'REQUEST_URI' => '/vendors'
    'SCRIPT_NAME' => '/index.php'
    'PHP_SELF' => '/index.php'
    'REQUEST_TIME_FLOAT' => 1764147116.2739
    'REQUEST_TIME' => 1764147116
    'argv' => []
    'argc' => 0
]
2025-11-26 08:51:56 [172.21.0.1][-][-][error][yii\web\HttpException:401] yii\web\UnauthorizedHttpException: Your request was made with invalid credentials. in /var/www/html/vendor/yiisoft/yii2/filters/auth/AuthMethod.php:93
Stack trace:
#0 /var/www/html/vendor/yiisoft/yii2/filters/auth/HttpHeaderAuth.php(65): yii\filters\auth\AuthMethod->handleFailure(Object(yii\web\Response))
#1 /var/www/html/vendor/yiisoft/yii2/filters/auth/AuthMethod.php(58): yii\filters\auth\HttpHeaderAuth->authenticate(Object(yii\web\User), Object(yii\web\Request), Object(yii\web\Response))
#2 /var/www/html/vendor/yiisoft/yii2/base/ActionFilter.php(77): yii\filters\auth\AuthMethod->beforeAction(Object(yii\rest\IndexAction))
#3 [internal function]: yii\base\ActionFilter->beforeFilter(Object(yii\base\ActionEvent))
#4 /var/www/html/vendor/yiisoft/yii2/base/Component.php(648): call_user_func(Array, Object(yii\base\ActionEvent))
#5 /var/www/html/vendor/yiisoft/yii2/base/Controller.php(303): yii\base\Component->trigger('beforeAction', Object(yii\base\ActionEvent))
#6 /var/www/html/vendor/yiisoft/yii2/web/Controller.php(318): yii\base\Controller->beforeAction(Object(yii\rest\IndexAction))
#7 /var/www/html/vendor/yiisoft/yii2/base/Controller.php(182): yii\web\Controller->beforeAction(Object(yii\rest\IndexAction))
#8 /var/www/html/vendor/yiisoft/yii2/base/Module.php(555): yii\base\Controller->runAction('index', Array)
#9 /var/www/html/vendor/yiisoft/yii2/web/Application.php(103): yii\base\Module->runAction('staff/index', Array)
#10 /var/www/html/vendor/yiisoft/yii2/base/Application.php(387): yii\web\Application->handleRequest(Object(yii\web\Request))
#11 /var/www/html/api/web/index.php(15): yii\base\Application->run()
#12 {main}
2025-11-26 08:51:56 [172.21.0.1][-][-][info][application] $_GET = []

$_POST = []

$_FILES = []

$_COOKIE = []

$_SERVER = [
    'REDIRECT_STATUS' => '200'
    'HTTP_HOST' => 'localhost:8080'
    'HTTP_CONNECTION' => 'keep-alive'
    'HTTP_SEC_CH_UA_PLATFORM' => '\"Windows\"'
    'HTTP_USER_AGENT' => 'Mozilla/5.0 (Windows NT 10.0; Win64; x64) AppleWebKit/537.36 (KHTML, like Gecko) Chrome/142.0.0.0 Safari/537.36'
    'HTTP_SEC_CH_UA' => '\"Chromium\";v=\"142\", \"Google Chrome\";v=\"142\", \"Not_A Brand\";v=\"99\"'
    'CONTENT_TYPE' => 'application/json'
    'HTTP_SEC_CH_UA_MOBILE' => '?0'
    'HTTP_ACCEPT' => '*/*'
    'HTTP_ORIGIN' => 'http://localhost:3000'
    'HTTP_SEC_FETCH_SITE' => 'same-site'
    'HTTP_SEC_FETCH_MODE' => 'cors'
    'HTTP_SEC_FETCH_DEST' => 'empty'
    'HTTP_REFERER' => 'http://localhost:3000/'
    'HTTP_ACCEPT_ENCODING' => 'gzip, deflate, br, zstd'
    'HTTP_ACCEPT_LANGUAGE' => 'en-US,en;q=0.9'
    'PATH' => '/usr/local/sbin:/usr/local/bin:/usr/sbin:/usr/bin:/sbin:/bin'
    'SERVER_SIGNATURE' => '<address>Apache/2.4.65 (Debian) Server at localhost Port 8080</address>
'
    'SERVER_SOFTWARE' => 'Apache/2.4.65 (Debian)'
    'SERVER_NAME' => 'localhost'
    'SERVER_ADDR' => '172.21.0.4'
    'SERVER_PORT' => '8080'
    'REMOTE_ADDR' => '172.21.0.1'
    'DOCUMENT_ROOT' => '/var/www/html/api/web'
    'REQUEST_SCHEME' => 'http'
    'CONTEXT_PREFIX' => ''
    'CONTEXT_DOCUMENT_ROOT' => '/var/www/html/api/web'
    'SERVER_ADMIN' => '[no address given]'
    'SCRIPT_FILENAME' => '/var/www/html/api/web/index.php'
    'REMOTE_PORT' => '60204'
    'REDIRECT_URL' => '/staff'
    'GATEWAY_INTERFACE' => 'CGI/1.1'
    'SERVER_PROTOCOL' => 'HTTP/1.1'
    'REQUEST_METHOD' => 'GET'
    'QUERY_STRING' => ''
    'REQUEST_URI' => '/staff'
    'SCRIPT_NAME' => '/index.php'
    'PHP_SELF' => '/index.php'
    'REQUEST_TIME_FLOAT' => 1764147116.2739
    'REQUEST_TIME' => 1764147116
    'argv' => []
    'argc' => 0
]
2025-11-26 08:51:56 [172.21.0.1][-][-][error][yii\web\HttpException:401] yii\web\UnauthorizedHttpException: Your request was made with invalid credentials. in /var/www/html/vendor/yiisoft/yii2/filters/auth/AuthMethod.php:93
Stack trace:
#0 /var/www/html/vendor/yiisoft/yii2/filters/auth/HttpHeaderAuth.php(65): yii\filters\auth\AuthMethod->handleFailure(Object(yii\web\Response))
#1 /var/www/html/vendor/yiisoft/yii2/filters/auth/AuthMethod.php(58): yii\filters\auth\HttpHeaderAuth->authenticate(Object(yii\web\User), Object(yii\web\Request), Object(yii\web\Response))
#2 /var/www/html/vendor/yiisoft/yii2/base/ActionFilter.php(77): yii\filters\auth\AuthMethod->beforeAction(Object(yii\rest\IndexAction))
#3 [internal function]: yii\base\ActionFilter->beforeFilter(Object(yii\base\ActionEvent))
#4 /var/www/html/vendor/yiisoft/yii2/base/Component.php(648): call_user_func(Array, Object(yii\base\ActionEvent))
#5 /var/www/html/vendor/yiisoft/yii2/base/Controller.php(303): yii\base\Component->trigger('beforeAction', Object(yii\base\ActionEvent))
#6 /var/www/html/vendor/yiisoft/yii2/web/Controller.php(318): yii\base\Controller->beforeAction(Object(yii\rest\IndexAction))
#7 /var/www/html/vendor/yiisoft/yii2/base/Controller.php(182): yii\web\Controller->beforeAction(Object(yii\rest\IndexAction))
#8 /var/www/html/vendor/yiisoft/yii2/base/Module.php(555): yii\base\Controller->runAction('index', Array)
#9 /var/www/html/vendor/yiisoft/yii2/web/Application.php(103): yii\base\Module->runAction('assignment/inde...', Array)
#10 /var/www/html/vendor/yiisoft/yii2/base/Application.php(387): yii\web\Application->handleRequest(Object(yii\web\Request))
#11 /var/www/html/api/web/index.php(15): yii\base\Application->run()
#12 {main}
2025-11-26 08:51:56 [172.21.0.1][-][-][info][application] $_GET = []

$_POST = []

$_FILES = []

$_COOKIE = []

$_SERVER = [
    'REDIRECT_STATUS' => '200'
    'HTTP_HOST' => 'localhost:8080'
    'HTTP_CONNECTION' => 'keep-alive'
    'HTTP_SEC_CH_UA_PLATFORM' => '\"Windows\"'
    'HTTP_USER_AGENT' => 'Mozilla/5.0 (Windows NT 10.0; Win64; x64) AppleWebKit/537.36 (KHTML, like Gecko) Chrome/142.0.0.0 Safari/537.36'
    'HTTP_SEC_CH_UA' => '\"Chromium\";v=\"142\", \"Google Chrome\";v=\"142\", \"Not_A Brand\";v=\"99\"'
    'CONTENT_TYPE' => 'application/json'
    'HTTP_SEC_CH_UA_MOBILE' => '?0'
    'HTTP_ACCEPT' => '*/*'
    'HTTP_ORIGIN' => 'http://localhost:3000'
    'HTTP_SEC_FETCH_SITE' => 'same-site'
    'HTTP_SEC_FETCH_MODE' => 'cors'
    'HTTP_SEC_FETCH_DEST' => 'empty'
    'HTTP_REFERER' => 'http://localhost:3000/'
    'HTTP_ACCEPT_ENCODING' => 'gzip, deflate, br, zstd'
    'HTTP_ACCEPT_LANGUAGE' => 'en-US,en;q=0.9'
    'PATH' => '/usr/local/sbin:/usr/local/bin:/usr/sbin:/usr/bin:/sbin:/bin'
    'SERVER_SIGNATURE' => '<address>Apache/2.4.65 (Debian) Server at localhost Port 8080</address>
'
    'SERVER_SOFTWARE' => 'Apache/2.4.65 (Debian)'
    'SERVER_NAME' => 'localhost'
    'SERVER_ADDR' => '172.21.0.4'
    'SERVER_PORT' => '8080'
    'REMOTE_ADDR' => '172.21.0.1'
    'DOCUMENT_ROOT' => '/var/www/html/api/web'
    'REQUEST_SCHEME' => 'http'
    'CONTEXT_PREFIX' => ''
    'CONTEXT_DOCUMENT_ROOT' => '/var/www/html/api/web'
    'SERVER_ADMIN' => '[no address given]'
    'SCRIPT_FILENAME' => '/var/www/html/api/web/index.php'
    'REMOTE_PORT' => '60208'
    'REDIRECT_URL' => '/assignments'
    'GATEWAY_INTERFACE' => 'CGI/1.1'
    'SERVER_PROTOCOL' => 'HTTP/1.1'
    'REQUEST_METHOD' => 'GET'
    'QUERY_STRING' => ''
    'REQUEST_URI' => '/assignments'
    'SCRIPT_NAME' => '/index.php'
    'PHP_SELF' => '/index.php'
    'REQUEST_TIME_FLOAT' => 1764147116.2744
    'REQUEST_TIME' => 1764147116
    'argv' => []
    'argc' => 0
]
2025-11-26 08:51:56 [172.21.0.1][-][-][error][yii\web\HttpException:401] yii\web\UnauthorizedHttpException: Your request was made with invalid credentials. in /var/www/html/vendor/yiisoft/yii2/filters/auth/AuthMethod.php:93
Stack trace:
#0 /var/www/html/vendor/yiisoft/yii2/filters/auth/HttpHeaderAuth.php(65): yii\filters\auth\AuthMethod->handleFailure(Object(yii\web\Response))
#1 /var/www/html/vendor/yiisoft/yii2/filters/auth/AuthMethod.php(58): yii\filters\auth\HttpHeaderAuth->authenticate(Object(yii\web\User), Object(yii\web\Request), Object(yii\web\Response))
#2 /var/www/html/vendor/yiisoft/yii2/base/ActionFilter.php(77): yii\filters\auth\AuthMethod->beforeAction(Object(yii\rest\IndexAction))
#3 [internal function]: yii\base\ActionFilter->beforeFilter(Object(yii\base\ActionEvent))
#4 /var/www/html/vendor/yiisoft/yii2/base/Component.php(648): call_user_func(Array, Object(yii\base\ActionEvent))
#5 /var/www/html/vendor/yiisoft/yii2/base/Controller.php(303): yii\base\Component->trigger('beforeAction', Object(yii\base\ActionEvent))
#6 /var/www/html/vendor/yiisoft/yii2/web/Controller.php(318): yii\base\Controller->beforeAction(Object(yii\rest\IndexAction))
#7 /var/www/html/vendor/yiisoft/yii2/base/Controller.php(182): yii\web\Controller->beforeAction(Object(yii\rest\IndexAction))
#8 /var/www/html/vendor/yiisoft/yii2/base/Module.php(555): yii\base\Controller->runAction('index', Array)
#9 /var/www/html/vendor/yiisoft/yii2/web/Application.php(103): yii\base\Module->runAction('assignment/inde...', Array)
#10 /var/www/html/vendor/yiisoft/yii2/base/Application.php(387): yii\web\Application->handleRequest(Object(yii\web\Request))
#11 /var/www/html/api/web/index.php(15): yii\base\Application->run()
#12 {main}
2025-11-26 08:51:56 [172.21.0.1][-][-][info][application] $_GET = []

$_POST = []

$_FILES = []

$_COOKIE = []

$_SERVER = [
    'REDIRECT_STATUS' => '200'
    'HTTP_HOST' => 'localhost:8080'
    'HTTP_CONNECTION' => 'keep-alive'
    'HTTP_SEC_CH_UA_PLATFORM' => '\"Windows\"'
    'HTTP_USER_AGENT' => 'Mozilla/5.0 (Windows NT 10.0; Win64; x64) AppleWebKit/537.36 (KHTML, like Gecko) Chrome/142.0.0.0 Safari/537.36'
    'HTTP_SEC_CH_UA' => '\"Chromium\";v=\"142\", \"Google Chrome\";v=\"142\", \"Not_A Brand\";v=\"99\"'
    'CONTENT_TYPE' => 'application/json'
    'HTTP_SEC_CH_UA_MOBILE' => '?0'
    'HTTP_ACCEPT' => '*/*'
    'HTTP_ORIGIN' => 'http://localhost:3000'
    'HTTP_SEC_FETCH_SITE' => 'same-site'
    'HTTP_SEC_FETCH_MODE' => 'cors'
    'HTTP_SEC_FETCH_DEST' => 'empty'
    'HTTP_REFERER' => 'http://localhost:3000/'
    'HTTP_ACCEPT_ENCODING' => 'gzip, deflate, br, zstd'
    'HTTP_ACCEPT_LANGUAGE' => 'en-US,en;q=0.9'
    'PATH' => '/usr/local/sbin:/usr/local/bin:/usr/sbin:/usr/bin:/sbin:/bin'
    'SERVER_SIGNATURE' => '<address>Apache/2.4.65 (Debian) Server at localhost Port 8080</address>
'
    'SERVER_SOFTWARE' => 'Apache/2.4.65 (Debian)'
    'SERVER_NAME' => 'localhost'
    'SERVER_ADDR' => '172.21.0.4'
    'SERVER_PORT' => '8080'
    'REMOTE_ADDR' => '172.21.0.1'
    'DOCUMENT_ROOT' => '/var/www/html/api/web'
    'REQUEST_SCHEME' => 'http'
    'CONTEXT_PREFIX' => ''
    'CONTEXT_DOCUMENT_ROOT' => '/var/www/html/api/web'
    'SERVER_ADMIN' => '[no address given]'
    'SCRIPT_FILENAME' => '/var/www/html/api/web/index.php'
    'REMOTE_PORT' => '60208'
    'REDIRECT_URL' => '/assignments'
    'GATEWAY_INTERFACE' => 'CGI/1.1'
    'SERVER_PROTOCOL' => 'HTTP/1.1'
    'REQUEST_METHOD' => 'GET'
    'QUERY_STRING' => ''
    'REQUEST_URI' => '/assignments'
    'SCRIPT_NAME' => '/index.php'
    'PHP_SELF' => '/index.php'
    'REQUEST_TIME_FLOAT' => 1764147116.2744
    'REQUEST_TIME' => 1764147116
    'argv' => []
    'argc' => 0
]
2025-11-26 08:51:56 [172.21.0.1][-][-][error][yii\web\HttpException:401] yii\web\UnauthorizedHttpException: Your request was made with invalid credentials. in /var/www/html/vendor/yiisoft/yii2/filters/auth/AuthMethod.php:93
Stack trace:
#0 /var/www/html/vendor/yiisoft/yii2/filters/auth/HttpHeaderAuth.php(65): yii\filters\auth\AuthMethod->handleFailure(Object(yii\web\Response))
#1 /var/www/html/vendor/yiisoft/yii2/filters/auth/AuthMethod.php(58): yii\filters\auth\HttpHeaderAuth->authenticate(Object(yii\web\User), Object(yii\web\Request), Object(yii\web\Response))
#2 /var/www/html/vendor/yiisoft/yii2/base/ActionFilter.php(77): yii\filters\auth\AuthMethod->beforeAction(Object(yii\rest\IndexAction))
#3 [internal function]: yii\base\ActionFilter->beforeFilter(Object(yii\base\ActionEvent))
#4 /var/www/html/vendor/yiisoft/yii2/base/Component.php(648): call_user_func(Array, Object(yii\base\ActionEvent))
#5 /var/www/html/vendor/yiisoft/yii2/base/Controller.php(303): yii\base\Component->trigger('beforeAction', Object(yii\base\ActionEvent))
#6 /var/www/html/vendor/yiisoft/yii2/web/Controller.php(318): yii\base\Controller->beforeAction(Object(yii\rest\IndexAction))
#7 /var/www/html/vendor/yiisoft/yii2/base/Controller.php(182): yii\web\Controller->beforeAction(Object(yii\rest\IndexAction))
#8 /var/www/html/vendor/yiisoft/yii2/base/Module.php(555): yii\base\Controller->runAction('index', Array)
#9 /var/www/html/vendor/yiisoft/yii2/web/Application.php(103): yii\base\Module->runAction('staff/index', Array)
#10 /var/www/html/vendor/yiisoft/yii2/base/Application.php(387): yii\web\Application->handleRequest(Object(yii\web\Request))
#11 /var/www/html/api/web/index.php(15): yii\base\Application->run()
#12 {main}
2025-11-26 08:51:56 [172.21.0.1][-][-][info][application] $_GET = []

$_POST = []

$_FILES = []

$_COOKIE = []

$_SERVER = [
    'REDIRECT_STATUS' => '200'
    'HTTP_HOST' => 'localhost:8080'
    'HTTP_CONNECTION' => 'keep-alive'
    'HTTP_SEC_CH_UA_PLATFORM' => '\"Windows\"'
    'HTTP_USER_AGENT' => 'Mozilla/5.0 (Windows NT 10.0; Win64; x64) AppleWebKit/537.36 (KHTML, like Gecko) Chrome/142.0.0.0 Safari/537.36'
    'HTTP_SEC_CH_UA' => '\"Chromium\";v=\"142\", \"Google Chrome\";v=\"142\", \"Not_A Brand\";v=\"99\"'
    'CONTENT_TYPE' => 'application/json'
    'HTTP_SEC_CH_UA_MOBILE' => '?0'
    'HTTP_ACCEPT' => '*/*'
    'HTTP_ORIGIN' => 'http://localhost:3000'
    'HTTP_SEC_FETCH_SITE' => 'same-site'
    'HTTP_SEC_FETCH_MODE' => 'cors'
    'HTTP_SEC_FETCH_DEST' => 'empty'
    'HTTP_REFERER' => 'http://localhost:3000/'
    'HTTP_ACCEPT_ENCODING' => 'gzip, deflate, br, zstd'
    'HTTP_ACCEPT_LANGUAGE' => 'en-US,en;q=0.9'
    'PATH' => '/usr/local/sbin:/usr/local/bin:/usr/sbin:/usr/bin:/sbin:/bin'
    'SERVER_SIGNATURE' => '<address>Apache/2.4.65 (Debian) Server at localhost Port 8080</address>
'
    'SERVER_SOFTWARE' => 'Apache/2.4.65 (Debian)'
    'SERVER_NAME' => 'localhost'
    'SERVER_ADDR' => '172.21.0.4'
    'SERVER_PORT' => '8080'
    'REMOTE_ADDR' => '172.21.0.1'
    'DOCUMENT_ROOT' => '/var/www/html/api/web'
    'REQUEST_SCHEME' => 'http'
    'CONTEXT_PREFIX' => ''
    'CONTEXT_DOCUMENT_ROOT' => '/var/www/html/api/web'
    'SERVER_ADMIN' => '[no address given]'
    'SCRIPT_FILENAME' => '/var/www/html/api/web/index.php'
    'REMOTE_PORT' => '60204'
    'REDIRECT_URL' => '/staff'
    'GATEWAY_INTERFACE' => 'CGI/1.1'
    'SERVER_PROTOCOL' => 'HTTP/1.1'
    'REQUEST_METHOD' => 'GET'
    'QUERY_STRING' => ''
    'REQUEST_URI' => '/staff'
    'SCRIPT_NAME' => '/index.php'
    'PHP_SELF' => '/index.php'
    'REQUEST_TIME_FLOAT' => 1764147116.2739
    'REQUEST_TIME' => 1764147116
    'argv' => []
    'argc' => 0
]
2025-11-26 08:51:56 [172.21.0.1][-][-][error][yii\web\HttpException:401] yii\web\UnauthorizedHttpException: Your request was made with invalid credentials. in /var/www/html/vendor/yiisoft/yii2/filters/auth/AuthMethod.php:93
Stack trace:
#0 /var/www/html/vendor/yiisoft/yii2/filters/auth/HttpHeaderAuth.php(65): yii\filters\auth\AuthMethod->handleFailure(Object(yii\web\Response))
#1 /var/www/html/vendor/yiisoft/yii2/filters/auth/AuthMethod.php(58): yii\filters\auth\HttpHeaderAuth->authenticate(Object(yii\web\User), Object(yii\web\Request), Object(yii\web\Response))
#2 /var/www/html/vendor/yiisoft/yii2/base/ActionFilter.php(77): yii\filters\auth\AuthMethod->beforeAction(Object(yii\rest\IndexAction))
#3 [internal function]: yii\base\ActionFilter->beforeFilter(Object(yii\base\ActionEvent))
#4 /var/www/html/vendor/yiisoft/yii2/base/Component.php(648): call_user_func(Array, Object(yii\base\ActionEvent))
#5 /var/www/html/vendor/yiisoft/yii2/base/Controller.php(303): yii\base\Component->trigger('beforeAction', Object(yii\base\ActionEvent))
#6 /var/www/html/vendor/yiisoft/yii2/web/Controller.php(318): yii\base\Controller->beforeAction(Object(yii\rest\IndexAction))
#7 /var/www/html/vendor/yiisoft/yii2/base/Controller.php(182): yii\web\Controller->beforeAction(Object(yii\rest\IndexAction))
#8 /var/www/html/vendor/yiisoft/yii2/base/Module.php(555): yii\base\Controller->runAction('index', Array)
#9 /var/www/html/vendor/yiisoft/yii2/web/Application.php(103): yii\base\Module->runAction('vendor/index', Array)
#10 /var/www/html/vendor/yiisoft/yii2/base/Application.php(387): yii\web\Application->handleRequest(Object(yii\web\Request))
#11 /var/www/html/api/web/index.php(15): yii\base\Application->run()
#12 {main}
2025-11-26 08:51:56 [172.21.0.1][-][-][info][application] $_GET = []

$_POST = []

$_FILES = []

$_COOKIE = []

$_SERVER = [
    'REDIRECT_STATUS' => '200'
    'HTTP_HOST' => 'localhost:8080'
    'HTTP_CONNECTION' => 'keep-alive'
    'HTTP_SEC_CH_UA_PLATFORM' => '\"Windows\"'
    'HTTP_USER_AGENT' => 'Mozilla/5.0 (Windows NT 10.0; Win64; x64) AppleWebKit/537.36 (KHTML, like Gecko) Chrome/142.0.0.0 Safari/537.36'
    'HTTP_SEC_CH_UA' => '\"Chromium\";v=\"142\", \"Google Chrome\";v=\"142\", \"Not_A Brand\";v=\"99\"'
    'CONTENT_TYPE' => 'application/json'
    'HTTP_SEC_CH_UA_MOBILE' => '?0'
    'HTTP_ACCEPT' => '*/*'
    'HTTP_ORIGIN' => 'http://localhost:3000'
    'HTTP_SEC_FETCH_SITE' => 'same-site'
    'HTTP_SEC_FETCH_MODE' => 'cors'
    'HTTP_SEC_FETCH_DEST' => 'empty'
    'HTTP_REFERER' => 'http://localhost:3000/'
    'HTTP_ACCEPT_ENCODING' => 'gzip, deflate, br, zstd'
    'HTTP_ACCEPT_LANGUAGE' => 'en-US,en;q=0.9'
    'PATH' => '/usr/local/sbin:/usr/local/bin:/usr/sbin:/usr/bin:/sbin:/bin'
    'SERVER_SIGNATURE' => '<address>Apache/2.4.65 (Debian) Server at localhost Port 8080</address>
'
    'SERVER_SOFTWARE' => 'Apache/2.4.65 (Debian)'
    'SERVER_NAME' => 'localhost'
    'SERVER_ADDR' => '172.21.0.4'
    'SERVER_PORT' => '8080'
    'REMOTE_ADDR' => '172.21.0.1'
    'DOCUMENT_ROOT' => '/var/www/html/api/web'
    'REQUEST_SCHEME' => 'http'
    'CONTEXT_PREFIX' => ''
    'CONTEXT_DOCUMENT_ROOT' => '/var/www/html/api/web'
    'SERVER_ADMIN' => '[no address given]'
    'SCRIPT_FILENAME' => '/var/www/html/api/web/index.php'
    'REMOTE_PORT' => '60194'
    'REDIRECT_URL' => '/vendors'
    'GATEWAY_INTERFACE' => 'CGI/1.1'
    'SERVER_PROTOCOL' => 'HTTP/1.1'
    'REQUEST_METHOD' => 'GET'
    'QUERY_STRING' => ''
    'REQUEST_URI' => '/vendors'
    'SCRIPT_NAME' => '/index.php'
    'PHP_SELF' => '/index.php'
    'REQUEST_TIME_FLOAT' => 1764147116.2739
    'REQUEST_TIME' => 1764147116
    'argv' => []
    'argc' => 0
]
2025-11-26 09:51:18 [172.21.0.1][-][-][error][yii\web\HttpException:404] yii\base\InvalidRouteException: Unable to resolve the request: site/ in /var/www/html/vendor/yiisoft/yii2/base/Controller.php:155
Stack trace:
#0 /var/www/html/vendor/yiisoft/yii2/base/Module.php(555): yii\base\Controller->runAction('', Array)
#1 /var/www/html/vendor/yiisoft/yii2/web/Application.php(103): yii\base\Module->runAction('', Array)
#2 /var/www/html/vendor/yiisoft/yii2/base/Application.php(387): yii\web\Application->handleRequest(Object(yii\web\Request))
#3 /var/www/html/api/web/index.php(15): yii\base\Application->run()
#4 {main}

Next yii\web\NotFoundHttpException: Page not found. in /var/www/html/vendor/yiisoft/yii2/web/Application.php:115
Stack trace:
#0 /var/www/html/vendor/yiisoft/yii2/base/Application.php(387): yii\web\Application->handleRequest(Object(yii\web\Request))
#1 /var/www/html/api/web/index.php(15): yii\base\Application->run()
#2 {main}
2025-11-26 09:51:18 [172.21.0.1][-][-][info][application] $_GET = []

$_POST = []

$_FILES = []

$_COOKIE = [
    '_identity' => 'c9d587cb0271a088ea197add5e42d86406c7b25fbdd162324ebf2087c39fba2ea:2:{i:0;s:9:\"_identity\";i:1;s:46:\"[1,\"ZTvuKPCaORTycV__A6yDLz26H2TIxu2t\",2592000]\";}'
    'pma_lang' => 'en'
    'phpMyAdmin' => '110d539339a2258037bef088aab1fe26'
]

$_SERVER = [
    'HTTP_HOST' => 'localhost:8080'
    'HTTP_CONNECTION' => 'keep-alive'
    'HTTP_CACHE_CONTROL' => 'max-age=0'
    'HTTP_SEC_CH_UA' => '\"Chromium\";v=\"142\", \"Google Chrome\";v=\"142\", \"Not_A Brand\";v=\"99\"'
    'HTTP_SEC_CH_UA_MOBILE' => '?0'
    'HTTP_SEC_CH_UA_PLATFORM' => '\"Windows\"'
    'HTTP_UPGRADE_INSECURE_REQUESTS' => '1'
    'HTTP_USER_AGENT' => 'Mozilla/5.0 (Windows NT 10.0; Win64; x64) AppleWebKit/537.36 (KHTML, like Gecko) Chrome/142.0.0.0 Safari/537.36'
    'HTTP_ACCEPT' => 'text/html,application/xhtml+xml,application/xml;q=0.9,image/avif,image/webp,image/apng,*/*;q=0.8,application/signed-exchange;v=b3;q=0.7'
    'HTTP_SEC_FETCH_SITE' => 'none'
    'HTTP_SEC_FETCH_MODE' => 'navigate'
    'HTTP_SEC_FETCH_USER' => '?1'
    'HTTP_SEC_FETCH_DEST' => 'document'
    'HTTP_ACCEPT_ENCODING' => 'gzip, deflate, br, zstd'
    'HTTP_ACCEPT_LANGUAGE' => 'en-US,en;q=0.9'
    'HTTP_COOKIE' => '_identity=c9d587cb0271a088ea197add5e42d86406c7b25fbdd162324ebf2087c39fba2ea%3A2%3A%7Bi%3A0%3Bs%3A9%3A%22_identity%22%3Bi%3A1%3Bs%3A46%3A%22%5B1%2C%22ZTvuKPCaORTycV__A6yDLz26H2TIxu2t%22%2C2592000%5D%22%3B%7D; pma_lang=en; phpMyAdmin=110d539339a2258037bef088aab1fe26'
    'PATH' => '/usr/local/sbin:/usr/local/bin:/usr/sbin:/usr/bin:/sbin:/bin'
    'SERVER_SIGNATURE' => '<address>Apache/2.4.65 (Debian) Server at localhost Port 8080</address>
'
    'SERVER_SOFTWARE' => 'Apache/2.4.65 (Debian)'
    'SERVER_NAME' => 'localhost'
    'SERVER_ADDR' => '172.21.0.4'
    'SERVER_PORT' => '8080'
    'REMOTE_ADDR' => '172.21.0.1'
    'DOCUMENT_ROOT' => '/var/www/html/api/web'
    'REQUEST_SCHEME' => 'http'
    'CONTEXT_PREFIX' => ''
    'CONTEXT_DOCUMENT_ROOT' => '/var/www/html/api/web'
    'SERVER_ADMIN' => '[no address given]'
    'SCRIPT_FILENAME' => '/var/www/html/api/web/index.php'
    'REMOTE_PORT' => '56160'
    'GATEWAY_INTERFACE' => 'CGI/1.1'
    'SERVER_PROTOCOL' => 'HTTP/1.1'
    'REQUEST_METHOD' => 'GET'
    'QUERY_STRING' => ''
    'REQUEST_URI' => '/'
    'SCRIPT_NAME' => '/index.php'
    'PHP_SELF' => '/index.php'
    'REQUEST_TIME_FLOAT' => 1764150677.8748
    'REQUEST_TIME' => 1764150677
    'argv' => []
    'argc' => 0
]
2025-11-26 09:51:18 [172.21.0.1][-][-][error][yii\web\HttpException:404] yii\base\InvalidRouteException: Unable to resolve the request: site/ in /var/www/html/vendor/yiisoft/yii2/base/Controller.php:155
Stack trace:
#0 /var/www/html/vendor/yiisoft/yii2/base/Module.php(555): yii\base\Controller->runAction('', Array)
#1 /var/www/html/vendor/yiisoft/yii2/web/Application.php(103): yii\base\Module->runAction('', Array)
#2 /var/www/html/vendor/yiisoft/yii2/base/Application.php(387): yii\web\Application->handleRequest(Object(yii\web\Request))
#3 /var/www/html/api/web/index.php(15): yii\base\Application->run()
#4 {main}

Next yii\web\NotFoundHttpException: Page not found. in /var/www/html/vendor/yiisoft/yii2/web/Application.php:115
Stack trace:
#0 /var/www/html/vendor/yiisoft/yii2/base/Application.php(387): yii\web\Application->handleRequest(Object(yii\web\Request))
#1 /var/www/html/api/web/index.php(15): yii\base\Application->run()
#2 {main}
2025-11-26 09:51:18 [172.21.0.1][-][-][info][application] $_GET = []

$_POST = []

$_FILES = []

$_COOKIE = [
    '_identity' => 'c9d587cb0271a088ea197add5e42d86406c7b25fbdd162324ebf2087c39fba2ea:2:{i:0;s:9:\"_identity\";i:1;s:46:\"[1,\"ZTvuKPCaORTycV__A6yDLz26H2TIxu2t\",2592000]\";}'
    'pma_lang' => 'en'
    'phpMyAdmin' => '110d539339a2258037bef088aab1fe26'
]

$_SERVER = [
    'HTTP_HOST' => 'localhost:8080'
    'HTTP_CONNECTION' => 'keep-alive'
    'HTTP_CACHE_CONTROL' => 'max-age=0'
    'HTTP_SEC_CH_UA' => '\"Chromium\";v=\"142\", \"Google Chrome\";v=\"142\", \"Not_A Brand\";v=\"99\"'
    'HTTP_SEC_CH_UA_MOBILE' => '?0'
    'HTTP_SEC_CH_UA_PLATFORM' => '\"Windows\"'
    'HTTP_UPGRADE_INSECURE_REQUESTS' => '1'
    'HTTP_USER_AGENT' => 'Mozilla/5.0 (Windows NT 10.0; Win64; x64) AppleWebKit/537.36 (KHTML, like Gecko) Chrome/142.0.0.0 Safari/537.36'
    'HTTP_ACCEPT' => 'text/html,application/xhtml+xml,application/xml;q=0.9,image/avif,image/webp,image/apng,*/*;q=0.8,application/signed-exchange;v=b3;q=0.7'
    'HTTP_SEC_FETCH_SITE' => 'none'
    'HTTP_SEC_FETCH_MODE' => 'navigate'
    'HTTP_SEC_FETCH_USER' => '?1'
    'HTTP_SEC_FETCH_DEST' => 'document'
    'HTTP_ACCEPT_ENCODING' => 'gzip, deflate, br, zstd'
    'HTTP_ACCEPT_LANGUAGE' => 'en-US,en;q=0.9'
    'HTTP_COOKIE' => '_identity=c9d587cb0271a088ea197add5e42d86406c7b25fbdd162324ebf2087c39fba2ea%3A2%3A%7Bi%3A0%3Bs%3A9%3A%22_identity%22%3Bi%3A1%3Bs%3A46%3A%22%5B1%2C%22ZTvuKPCaORTycV__A6yDLz26H2TIxu2t%22%2C2592000%5D%22%3B%7D; pma_lang=en; phpMyAdmin=110d539339a2258037bef088aab1fe26'
    'PATH' => '/usr/local/sbin:/usr/local/bin:/usr/sbin:/usr/bin:/sbin:/bin'
    'SERVER_SIGNATURE' => '<address>Apache/2.4.65 (Debian) Server at localhost Port 8080</address>
'
    'SERVER_SOFTWARE' => 'Apache/2.4.65 (Debian)'
    'SERVER_NAME' => 'localhost'
    'SERVER_ADDR' => '172.21.0.4'
    'SERVER_PORT' => '8080'
    'REMOTE_ADDR' => '172.21.0.1'
    'DOCUMENT_ROOT' => '/var/www/html/api/web'
    'REQUEST_SCHEME' => 'http'
    'CONTEXT_PREFIX' => ''
    'CONTEXT_DOCUMENT_ROOT' => '/var/www/html/api/web'
    'SERVER_ADMIN' => '[no address given]'
    'SCRIPT_FILENAME' => '/var/www/html/api/web/index.php'
    'REMOTE_PORT' => '56160'
    'GATEWAY_INTERFACE' => 'CGI/1.1'
    'SERVER_PROTOCOL' => 'HTTP/1.1'
    'REQUEST_METHOD' => 'GET'
    'QUERY_STRING' => ''
    'REQUEST_URI' => '/'
    'SCRIPT_NAME' => '/index.php'
    'PHP_SELF' => '/index.php'
    'REQUEST_TIME_FLOAT' => 1764150677.8748
    'REQUEST_TIME' => 1764150677
    'argv' => []
    'argc' => 0
]
2025-11-26 09:58:22 [172.21.0.1][1][-][error][yii\base\UnknownPropertyException] yii\base\UnknownPropertyException: Getting unknown property: common\models\Assignment::staff_id in /var/www/html/vendor/yiisoft/yii2/base/Component.php:154
Stack trace:
#0 /var/www/html/vendor/yiisoft/yii2/db/BaseActiveRecord.php(296): yii\base\Component->__get('staff_id')
#1 /var/www/html/vendor/yiisoft/yii2/validators/Validator.php(257): yii\db\BaseActiveRecord->__get('staff_id')
#2 /var/www/html/vendor/yiisoft/yii2/base/Model.php(389): yii\validators\Validator->validateAttributes(Object(common\models\Assignment), Array)
#3 /var/www/html/vendor/yiisoft/yii2/db/ActiveRecord.php(570): yii\base\Model->validate(Array)
#4 /var/www/html/vendor/yiisoft/yii2/db/BaseActiveRecord.php(688): yii\db\ActiveRecord->insert(true, NULL)
#5 /var/www/html/vendor/yiisoft/yii2/rest/CreateAction.php(52): yii\db\BaseActiveRecord->save()
#6 [internal function]: yii\rest\CreateAction->run()
#7 /var/www/html/vendor/yiisoft/yii2/base/Action.php(102): call_user_func_array(Array, Array)
#8 /var/www/html/vendor/yiisoft/yii2/base/Controller.php(184): yii\base\Action->runWithParams(Array)
#9 /var/www/html/vendor/yiisoft/yii2/base/Module.php(555): yii\base\Controller->runAction('create', Array)
#10 /var/www/html/vendor/yiisoft/yii2/web/Application.php(103): yii\base\Module->runAction('assignment/crea...', Array)
#11 /var/www/html/vendor/yiisoft/yii2/base/Application.php(387): yii\web\Application->handleRequest(Object(yii\web\Request))
#12 /var/www/html/api/web/index.php(15): yii\base\Application->run()
#13 {main}
2025-11-26 09:58:21 [172.21.0.1][1][-][info][application] $_GET = []

$_POST = []

$_FILES = []

$_COOKIE = []

$_SERVER = [
    'REDIRECT_STATUS' => '200'
    'HTTP_HOST' => 'localhost:8080'
    'HTTP_CONNECTION' => 'keep-alive'
    'CONTENT_LENGTH' => '130'
    'HTTP_SEC_CH_UA_PLATFORM' => '\"Windows\"'
    'HTTP_USER_AGENT' => 'Mozilla/5.0 (Windows NT 10.0; Win64; x64) AppleWebKit/537.36 (KHTML, like Gecko) Chrome/142.0.0.0 Safari/537.36'
    'HTTP_SEC_CH_UA' => '\"Chromium\";v=\"142\", \"Google Chrome\";v=\"142\", \"Not_A Brand\";v=\"99\"'
    'CONTENT_TYPE' => 'application/json'
    'HTTP_SEC_CH_UA_MOBILE' => '?0'
    'HTTP_ACCEPT' => '*/*'
    'HTTP_ORIGIN' => 'http://localhost:3000'
    'HTTP_SEC_FETCH_SITE' => 'same-site'
    'HTTP_SEC_FETCH_MODE' => 'cors'
    'HTTP_SEC_FETCH_DEST' => 'empty'
    'HTTP_REFERER' => 'http://localhost:3000/'
    'HTTP_ACCEPT_ENCODING' => 'gzip, deflate, br, zstd'
    'HTTP_ACCEPT_LANGUAGE' => 'en-US,en;q=0.9'
    'PATH' => '/usr/local/sbin:/usr/local/bin:/usr/sbin:/usr/bin:/sbin:/bin'
    'SERVER_SIGNATURE' => '<address>Apache/2.4.65 (Debian) Server at localhost Port 8080</address>
'
    'SERVER_SOFTWARE' => 'Apache/2.4.65 (Debian)'
    'SERVER_NAME' => 'localhost'
    'SERVER_ADDR' => '172.21.0.4'
    'SERVER_PORT' => '8080'
    'REMOTE_ADDR' => '172.21.0.1'
    'DOCUMENT_ROOT' => '/var/www/html/api/web'
    'REQUEST_SCHEME' => 'http'
    'CONTEXT_PREFIX' => ''
    'CONTEXT_DOCUMENT_ROOT' => '/var/www/html/api/web'
    'SERVER_ADMIN' => '[no address given]'
    'SCRIPT_FILENAME' => '/var/www/html/api/web/index.php'
    'REMOTE_PORT' => '42136'
    'REDIRECT_URL' => '/assignments'
    'GATEWAY_INTERFACE' => 'CGI/1.1'
    'SERVER_PROTOCOL' => 'HTTP/1.1'
    'REQUEST_METHOD' => 'POST'
    'QUERY_STRING' => ''
    'REQUEST_URI' => '/assignments'
    'SCRIPT_NAME' => '/index.php'
    'PHP_SELF' => '/index.php'
    'REQUEST_TIME_FLOAT' => 1764151101.7037
    'REQUEST_TIME' => 1764151101
    'argv' => []
    'argc' => 0
]
2025-11-26 09:58:22 [172.21.0.1][1][-][error][yii\base\UnknownPropertyException] yii\base\UnknownPropertyException: Getting unknown property: common\models\Assignment::staff_id in /var/www/html/vendor/yiisoft/yii2/base/Component.php:154
Stack trace:
#0 /var/www/html/vendor/yiisoft/yii2/db/BaseActiveRecord.php(296): yii\base\Component->__get('staff_id')
#1 /var/www/html/vendor/yiisoft/yii2/validators/Validator.php(257): yii\db\BaseActiveRecord->__get('staff_id')
#2 /var/www/html/vendor/yiisoft/yii2/base/Model.php(389): yii\validators\Validator->validateAttributes(Object(common\models\Assignment), Array)
#3 /var/www/html/vendor/yiisoft/yii2/db/ActiveRecord.php(570): yii\base\Model->validate(Array)
#4 /var/www/html/vendor/yiisoft/yii2/db/BaseActiveRecord.php(688): yii\db\ActiveRecord->insert(true, NULL)
#5 /var/www/html/vendor/yiisoft/yii2/rest/CreateAction.php(52): yii\db\BaseActiveRecord->save()
#6 [internal function]: yii\rest\CreateAction->run()
#7 /var/www/html/vendor/yiisoft/yii2/base/Action.php(102): call_user_func_array(Array, Array)
#8 /var/www/html/vendor/yiisoft/yii2/base/Controller.php(184): yii\base\Action->runWithParams(Array)
#9 /var/www/html/vendor/yiisoft/yii2/base/Module.php(555): yii\base\Controller->runAction('create', Array)
#10 /var/www/html/vendor/yiisoft/yii2/web/Application.php(103): yii\base\Module->runAction('assignment/crea...', Array)
#11 /var/www/html/vendor/yiisoft/yii2/base/Application.php(387): yii\web\Application->handleRequest(Object(yii\web\Request))
#12 /var/www/html/api/web/index.php(15): yii\base\Application->run()
#13 {main}
2025-11-26 09:58:21 [172.21.0.1][1][-][info][application] $_GET = []

$_POST = []

$_FILES = []

$_COOKIE = []

$_SERVER = [
    'REDIRECT_STATUS' => '200'
    'HTTP_HOST' => 'localhost:8080'
    'HTTP_CONNECTION' => 'keep-alive'
    'CONTENT_LENGTH' => '130'
    'HTTP_SEC_CH_UA_PLATFORM' => '\"Windows\"'
    'HTTP_USER_AGENT' => 'Mozilla/5.0 (Windows NT 10.0; Win64; x64) AppleWebKit/537.36 (KHTML, like Gecko) Chrome/142.0.0.0 Safari/537.36'
    'HTTP_SEC_CH_UA' => '\"Chromium\";v=\"142\", \"Google Chrome\";v=\"142\", \"Not_A Brand\";v=\"99\"'
    'CONTENT_TYPE' => 'application/json'
    'HTTP_SEC_CH_UA_MOBILE' => '?0'
    'HTTP_ACCEPT' => '*/*'
    'HTTP_ORIGIN' => 'http://localhost:3000'
    'HTTP_SEC_FETCH_SITE' => 'same-site'
    'HTTP_SEC_FETCH_MODE' => 'cors'
    'HTTP_SEC_FETCH_DEST' => 'empty'
    'HTTP_REFERER' => 'http://localhost:3000/'
    'HTTP_ACCEPT_ENCODING' => 'gzip, deflate, br, zstd'
    'HTTP_ACCEPT_LANGUAGE' => 'en-US,en;q=0.9'
    'PATH' => '/usr/local/sbin:/usr/local/bin:/usr/sbin:/usr/bin:/sbin:/bin'
    'SERVER_SIGNATURE' => '<address>Apache/2.4.65 (Debian) Server at localhost Port 8080</address>
'
    'SERVER_SOFTWARE' => 'Apache/2.4.65 (Debian)'
    'SERVER_NAME' => 'localhost'
    'SERVER_ADDR' => '172.21.0.4'
    'SERVER_PORT' => '8080'
    'REMOTE_ADDR' => '172.21.0.1'
    'DOCUMENT_ROOT' => '/var/www/html/api/web'
    'REQUEST_SCHEME' => 'http'
    'CONTEXT_PREFIX' => ''
    'CONTEXT_DOCUMENT_ROOT' => '/var/www/html/api/web'
    'SERVER_ADMIN' => '[no address given]'
    'SCRIPT_FILENAME' => '/var/www/html/api/web/index.php'
    'REMOTE_PORT' => '42136'
    'REDIRECT_URL' => '/assignments'
    'GATEWAY_INTERFACE' => 'CGI/1.1'
    'SERVER_PROTOCOL' => 'HTTP/1.1'
    'REQUEST_METHOD' => 'POST'
    'QUERY_STRING' => ''
    'REQUEST_URI' => '/assignments'
    'SCRIPT_NAME' => '/index.php'
    'PHP_SELF' => '/index.php'
    'REQUEST_TIME_FLOAT' => 1764151101.7037
    'REQUEST_TIME' => 1764151101
    'argv' => []
    'argc' => 0
]
2025-11-26 10:01:47 [172.21.0.1][1][-][error][yii\base\UnknownPropertyException] yii\base\UnknownPropertyException: Getting unknown property: common\models\Assignment::staff_id in /var/www/html/vendor/yiisoft/yii2/base/Component.php:154
Stack trace:
#0 /var/www/html/vendor/yiisoft/yii2/db/BaseActiveRecord.php(296): yii\base\Component->__get('staff_id')
#1 /var/www/html/vendor/yiisoft/yii2/validators/Validator.php(257): yii\db\BaseActiveRecord->__get('staff_id')
#2 /var/www/html/vendor/yiisoft/yii2/base/Model.php(389): yii\validators\Validator->validateAttributes(Object(common\models\Assignment), Array)
#3 /var/www/html/vendor/yiisoft/yii2/db/ActiveRecord.php(570): yii\base\Model->validate(Array)
#4 /var/www/html/vendor/yiisoft/yii2/db/BaseActiveRecord.php(688): yii\db\ActiveRecord->insert(true, NULL)
#5 /var/www/html/vendor/yiisoft/yii2/rest/CreateAction.php(52): yii\db\BaseActiveRecord->save()
#6 [internal function]: yii\rest\CreateAction->run()
#7 /var/www/html/vendor/yiisoft/yii2/base/Action.php(102): call_user_func_array(Array, Array)
#8 /var/www/html/vendor/yiisoft/yii2/base/Controller.php(184): yii\base\Action->runWithParams(Array)
#9 /var/www/html/vendor/yiisoft/yii2/base/Module.php(555): yii\base\Controller->runAction('create', Array)
#10 /var/www/html/vendor/yiisoft/yii2/web/Application.php(103): yii\base\Module->runAction('assignment/crea...', Array)
#11 /var/www/html/vendor/yiisoft/yii2/base/Application.php(387): yii\web\Application->handleRequest(Object(yii\web\Request))
#12 /var/www/html/api/web/index.php(15): yii\base\Application->run()
#13 {main}
2025-11-26 10:01:46 [172.21.0.1][1][-][info][application] $_GET = []

$_POST = []

$_FILES = []

$_COOKIE = []

$_SERVER = [
    'REDIRECT_STATUS' => '200'
    'HTTP_HOST' => 'localhost:8080'
    'HTTP_CONNECTION' => 'keep-alive'
    'CONTENT_LENGTH' => '130'
    'HTTP_SEC_CH_UA_PLATFORM' => '\"Windows\"'
    'HTTP_USER_AGENT' => 'Mozilla/5.0 (Windows NT 10.0; Win64; x64) AppleWebKit/537.36 (KHTML, like Gecko) Chrome/142.0.0.0 Safari/537.36'
    'HTTP_SEC_CH_UA' => '\"Chromium\";v=\"142\", \"Google Chrome\";v=\"142\", \"Not_A Brand\";v=\"99\"'
    'CONTENT_TYPE' => 'application/json'
    'HTTP_SEC_CH_UA_MOBILE' => '?0'
    'HTTP_ACCEPT' => '*/*'
    'HTTP_ORIGIN' => 'http://localhost:3000'
    'HTTP_SEC_FETCH_SITE' => 'same-site'
    'HTTP_SEC_FETCH_MODE' => 'cors'
    'HTTP_SEC_FETCH_DEST' => 'empty'
    'HTTP_REFERER' => 'http://localhost:3000/'
    'HTTP_ACCEPT_ENCODING' => 'gzip, deflate, br, zstd'
    'HTTP_ACCEPT_LANGUAGE' => 'en-US,en;q=0.9'
    'PATH' => '/usr/local/sbin:/usr/local/bin:/usr/sbin:/usr/bin:/sbin:/bin'
    'SERVER_SIGNATURE' => '<address>Apache/2.4.65 (Debian) Server at localhost Port 8080</address>
'
    'SERVER_SOFTWARE' => 'Apache/2.4.65 (Debian)'
    'SERVER_NAME' => 'localhost'
    'SERVER_ADDR' => '172.21.0.4'
    'SERVER_PORT' => '8080'
    'REMOTE_ADDR' => '172.21.0.1'
    'DOCUMENT_ROOT' => '/var/www/html/api/web'
    'REQUEST_SCHEME' => 'http'
    'CONTEXT_PREFIX' => ''
    'CONTEXT_DOCUMENT_ROOT' => '/var/www/html/api/web'
    'SERVER_ADMIN' => '[no address given]'
    'SCRIPT_FILENAME' => '/var/www/html/api/web/index.php'
    'REMOTE_PORT' => '43178'
    'REDIRECT_URL' => '/assignments'
    'GATEWAY_INTERFACE' => 'CGI/1.1'
    'SERVER_PROTOCOL' => 'HTTP/1.1'
    'REQUEST_METHOD' => 'POST'
    'QUERY_STRING' => ''
    'REQUEST_URI' => '/assignments'
    'SCRIPT_NAME' => '/index.php'
    'PHP_SELF' => '/index.php'
    'REQUEST_TIME_FLOAT' => 1764151306.661
    'REQUEST_TIME' => 1764151306
    'argv' => []
    'argc' => 0
]
2025-11-26 10:01:47 [172.21.0.1][1][-][error][yii\base\UnknownPropertyException] yii\base\UnknownPropertyException: Getting unknown property: common\models\Assignment::staff_id in /var/www/html/vendor/yiisoft/yii2/base/Component.php:154
Stack trace:
#0 /var/www/html/vendor/yiisoft/yii2/db/BaseActiveRecord.php(296): yii\base\Component->__get('staff_id')
#1 /var/www/html/vendor/yiisoft/yii2/validators/Validator.php(257): yii\db\BaseActiveRecord->__get('staff_id')
#2 /var/www/html/vendor/yiisoft/yii2/base/Model.php(389): yii\validators\Validator->validateAttributes(Object(common\models\Assignment), Array)
#3 /var/www/html/vendor/yiisoft/yii2/db/ActiveRecord.php(570): yii\base\Model->validate(Array)
#4 /var/www/html/vendor/yiisoft/yii2/db/BaseActiveRecord.php(688): yii\db\ActiveRecord->insert(true, NULL)
#5 /var/www/html/vendor/yiisoft/yii2/rest/CreateAction.php(52): yii\db\BaseActiveRecord->save()
#6 [internal function]: yii\rest\CreateAction->run()
#7 /var/www/html/vendor/yiisoft/yii2/base/Action.php(102): call_user_func_array(Array, Array)
#8 /var/www/html/vendor/yiisoft/yii2/base/Controller.php(184): yii\base\Action->runWithParams(Array)
#9 /var/www/html/vendor/yiisoft/yii2/base/Module.php(555): yii\base\Controller->runAction('create', Array)
#10 /var/www/html/vendor/yiisoft/yii2/web/Application.php(103): yii\base\Module->runAction('assignment/crea...', Array)
#11 /var/www/html/vendor/yiisoft/yii2/base/Application.php(387): yii\web\Application->handleRequest(Object(yii\web\Request))
#12 /var/www/html/api/web/index.php(15): yii\base\Application->run()
#13 {main}
2025-11-26 10:01:46 [172.21.0.1][1][-][info][application] $_GET = []

$_POST = []

$_FILES = []

$_COOKIE = []

$_SERVER = [
    'REDIRECT_STATUS' => '200'
    'HTTP_HOST' => 'localhost:8080'
    'HTTP_CONNECTION' => 'keep-alive'
    'CONTENT_LENGTH' => '130'
    'HTTP_SEC_CH_UA_PLATFORM' => '\"Windows\"'
    'HTTP_USER_AGENT' => 'Mozilla/5.0 (Windows NT 10.0; Win64; x64) AppleWebKit/537.36 (KHTML, like Gecko) Chrome/142.0.0.0 Safari/537.36'
    'HTTP_SEC_CH_UA' => '\"Chromium\";v=\"142\", \"Google Chrome\";v=\"142\", \"Not_A Brand\";v=\"99\"'
    'CONTENT_TYPE' => 'application/json'
    'HTTP_SEC_CH_UA_MOBILE' => '?0'
    'HTTP_ACCEPT' => '*/*'
    'HTTP_ORIGIN' => 'http://localhost:3000'
    'HTTP_SEC_FETCH_SITE' => 'same-site'
    'HTTP_SEC_FETCH_MODE' => 'cors'
    'HTTP_SEC_FETCH_DEST' => 'empty'
    'HTTP_REFERER' => 'http://localhost:3000/'
    'HTTP_ACCEPT_ENCODING' => 'gzip, deflate, br, zstd'
    'HTTP_ACCEPT_LANGUAGE' => 'en-US,en;q=0.9'
    'PATH' => '/usr/local/sbin:/usr/local/bin:/usr/sbin:/usr/bin:/sbin:/bin'
    'SERVER_SIGNATURE' => '<address>Apache/2.4.65 (Debian) Server at localhost Port 8080</address>
'
    'SERVER_SOFTWARE' => 'Apache/2.4.65 (Debian)'
    'SERVER_NAME' => 'localhost'
    'SERVER_ADDR' => '172.21.0.4'
    'SERVER_PORT' => '8080'
    'REMOTE_ADDR' => '172.21.0.1'
    'DOCUMENT_ROOT' => '/var/www/html/api/web'
    'REQUEST_SCHEME' => 'http'
    'CONTEXT_PREFIX' => ''
    'CONTEXT_DOCUMENT_ROOT' => '/var/www/html/api/web'
    'SERVER_ADMIN' => '[no address given]'
    'SCRIPT_FILENAME' => '/var/www/html/api/web/index.php'
    'REMOTE_PORT' => '43178'
    'REDIRECT_URL' => '/assignments'
    'GATEWAY_INTERFACE' => 'CGI/1.1'
    'SERVER_PROTOCOL' => 'HTTP/1.1'
    'REQUEST_METHOD' => 'POST'
    'QUERY_STRING' => ''
    'REQUEST_URI' => '/assignments'
    'SCRIPT_NAME' => '/index.php'
    'PHP_SELF' => '/index.php'
    'REQUEST_TIME_FLOAT' => 1764151306.661
    'REQUEST_TIME' => 1764151306
    'argv' => []
    'argc' => 0
]
2025-11-26 10:01:55 [172.21.0.1][1][-][error][yii\base\UnknownPropertyException] yii\base\UnknownPropertyException: Getting unknown property: common\models\Assignment::staff_id in /var/www/html/vendor/yiisoft/yii2/base/Component.php:154
Stack trace:
#0 /var/www/html/vendor/yiisoft/yii2/db/BaseActiveRecord.php(296): yii\base\Component->__get('staff_id')
#1 /var/www/html/vendor/yiisoft/yii2/validators/Validator.php(257): yii\db\BaseActiveRecord->__get('staff_id')
#2 /var/www/html/vendor/yiisoft/yii2/base/Model.php(389): yii\validators\Validator->validateAttributes(Object(common\models\Assignment), Array)
#3 /var/www/html/vendor/yiisoft/yii2/db/ActiveRecord.php(570): yii\base\Model->validate(Array)
#4 /var/www/html/vendor/yiisoft/yii2/db/BaseActiveRecord.php(688): yii\db\ActiveRecord->insert(true, NULL)
#5 /var/www/html/vendor/yiisoft/yii2/rest/CreateAction.php(52): yii\db\BaseActiveRecord->save()
#6 [internal function]: yii\rest\CreateAction->run()
#7 /var/www/html/vendor/yiisoft/yii2/base/Action.php(102): call_user_func_array(Array, Array)
#8 /var/www/html/vendor/yiisoft/yii2/base/Controller.php(184): yii\base\Action->runWithParams(Array)
#9 /var/www/html/vendor/yiisoft/yii2/base/Module.php(555): yii\base\Controller->runAction('create', Array)
#10 /var/www/html/vendor/yiisoft/yii2/web/Application.php(103): yii\base\Module->runAction('assignment/crea...', Array)
#11 /var/www/html/vendor/yiisoft/yii2/base/Application.php(387): yii\web\Application->handleRequest(Object(yii\web\Request))
#12 /var/www/html/api/web/index.php(15): yii\base\Application->run()
#13 {main}
2025-11-26 10:01:54 [172.21.0.1][1][-][info][application] $_GET = []

$_POST = []

$_FILES = []

$_COOKIE = []

$_SERVER = [
    'REDIRECT_STATUS' => '200'
    'HTTP_HOST' => 'localhost:8080'
    'HTTP_CONNECTION' => 'keep-alive'
    'CONTENT_LENGTH' => '130'
    'HTTP_SEC_CH_UA_PLATFORM' => '\"Windows\"'
    'HTTP_USER_AGENT' => 'Mozilla/5.0 (Windows NT 10.0; Win64; x64) AppleWebKit/537.36 (KHTML, like Gecko) Chrome/142.0.0.0 Safari/537.36'
    'HTTP_SEC_CH_UA' => '\"Chromium\";v=\"142\", \"Google Chrome\";v=\"142\", \"Not_A Brand\";v=\"99\"'
    'CONTENT_TYPE' => 'application/json'
    'HTTP_SEC_CH_UA_MOBILE' => '?0'
    'HTTP_ACCEPT' => '*/*'
    'HTTP_ORIGIN' => 'http://localhost:3000'
    'HTTP_SEC_FETCH_SITE' => 'same-site'
    'HTTP_SEC_FETCH_MODE' => 'cors'
    'HTTP_SEC_FETCH_DEST' => 'empty'
    'HTTP_REFERER' => 'http://localhost:3000/'
    'HTTP_ACCEPT_ENCODING' => 'gzip, deflate, br, zstd'
    'HTTP_ACCEPT_LANGUAGE' => 'en-US,en;q=0.9'
    'PATH' => '/usr/local/sbin:/usr/local/bin:/usr/sbin:/usr/bin:/sbin:/bin'
    'SERVER_SIGNATURE' => '<address>Apache/2.4.65 (Debian) Server at localhost Port 8080</address>
'
    'SERVER_SOFTWARE' => 'Apache/2.4.65 (Debian)'
    'SERVER_NAME' => 'localhost'
    'SERVER_ADDR' => '172.21.0.4'
    'SERVER_PORT' => '8080'
    'REMOTE_ADDR' => '172.21.0.1'
    'DOCUMENT_ROOT' => '/var/www/html/api/web'
    'REQUEST_SCHEME' => 'http'
    'CONTEXT_PREFIX' => ''
    'CONTEXT_DOCUMENT_ROOT' => '/var/www/html/api/web'
    'SERVER_ADMIN' => '[no address given]'
    'SCRIPT_FILENAME' => '/var/www/html/api/web/index.php'
    'REMOTE_PORT' => '34838'
    'REDIRECT_URL' => '/assignments'
    'GATEWAY_INTERFACE' => 'CGI/1.1'
    'SERVER_PROTOCOL' => 'HTTP/1.1'
    'REQUEST_METHOD' => 'POST'
    'QUERY_STRING' => ''
    'REQUEST_URI' => '/assignments'
    'SCRIPT_NAME' => '/index.php'
    'PHP_SELF' => '/index.php'
    'REQUEST_TIME_FLOAT' => 1764151314.5251
    'REQUEST_TIME' => 1764151314
    'argv' => []
    'argc' => 0
]
2025-11-26 10:01:55 [172.21.0.1][1][-][error][yii\base\UnknownPropertyException] yii\base\UnknownPropertyException: Getting unknown property: common\models\Assignment::staff_id in /var/www/html/vendor/yiisoft/yii2/base/Component.php:154
Stack trace:
#0 /var/www/html/vendor/yiisoft/yii2/db/BaseActiveRecord.php(296): yii\base\Component->__get('staff_id')
#1 /var/www/html/vendor/yiisoft/yii2/validators/Validator.php(257): yii\db\BaseActiveRecord->__get('staff_id')
#2 /var/www/html/vendor/yiisoft/yii2/base/Model.php(389): yii\validators\Validator->validateAttributes(Object(common\models\Assignment), Array)
#3 /var/www/html/vendor/yiisoft/yii2/db/ActiveRecord.php(570): yii\base\Model->validate(Array)
#4 /var/www/html/vendor/yiisoft/yii2/db/BaseActiveRecord.php(688): yii\db\ActiveRecord->insert(true, NULL)
#5 /var/www/html/vendor/yiisoft/yii2/rest/CreateAction.php(52): yii\db\BaseActiveRecord->save()
#6 [internal function]: yii\rest\CreateAction->run()
#7 /var/www/html/vendor/yiisoft/yii2/base/Action.php(102): call_user_func_array(Array, Array)
#8 /var/www/html/vendor/yiisoft/yii2/base/Controller.php(184): yii\base\Action->runWithParams(Array)
#9 /var/www/html/vendor/yiisoft/yii2/base/Module.php(555): yii\base\Controller->runAction('create', Array)
#10 /var/www/html/vendor/yiisoft/yii2/web/Application.php(103): yii\base\Module->runAction('assignment/crea...', Array)
#11 /var/www/html/vendor/yiisoft/yii2/base/Application.php(387): yii\web\Application->handleRequest(Object(yii\web\Request))
#12 /var/www/html/api/web/index.php(15): yii\base\Application->run()
#13 {main}
2025-11-26 10:01:54 [172.21.0.1][1][-][info][application] $_GET = []

$_POST = []

$_FILES = []

$_COOKIE = []

$_SERVER = [
    'REDIRECT_STATUS' => '200'
    'HTTP_HOST' => 'localhost:8080'
    'HTTP_CONNECTION' => 'keep-alive'
    'CONTENT_LENGTH' => '130'
    'HTTP_SEC_CH_UA_PLATFORM' => '\"Windows\"'
    'HTTP_USER_AGENT' => 'Mozilla/5.0 (Windows NT 10.0; Win64; x64) AppleWebKit/537.36 (KHTML, like Gecko) Chrome/142.0.0.0 Safari/537.36'
    'HTTP_SEC_CH_UA' => '\"Chromium\";v=\"142\", \"Google Chrome\";v=\"142\", \"Not_A Brand\";v=\"99\"'
    'CONTENT_TYPE' => 'application/json'
    'HTTP_SEC_CH_UA_MOBILE' => '?0'
    'HTTP_ACCEPT' => '*/*'
    'HTTP_ORIGIN' => 'http://localhost:3000'
    'HTTP_SEC_FETCH_SITE' => 'same-site'
    'HTTP_SEC_FETCH_MODE' => 'cors'
    'HTTP_SEC_FETCH_DEST' => 'empty'
    'HTTP_REFERER' => 'http://localhost:3000/'
    'HTTP_ACCEPT_ENCODING' => 'gzip, deflate, br, zstd'
    'HTTP_ACCEPT_LANGUAGE' => 'en-US,en;q=0.9'
    'PATH' => '/usr/local/sbin:/usr/local/bin:/usr/sbin:/usr/bin:/sbin:/bin'
    'SERVER_SIGNATURE' => '<address>Apache/2.4.65 (Debian) Server at localhost Port 8080</address>
'
    'SERVER_SOFTWARE' => 'Apache/2.4.65 (Debian)'
    'SERVER_NAME' => 'localhost'
    'SERVER_ADDR' => '172.21.0.4'
    'SERVER_PORT' => '8080'
    'REMOTE_ADDR' => '172.21.0.1'
    'DOCUMENT_ROOT' => '/var/www/html/api/web'
    'REQUEST_SCHEME' => 'http'
    'CONTEXT_PREFIX' => ''
    'CONTEXT_DOCUMENT_ROOT' => '/var/www/html/api/web'
    'SERVER_ADMIN' => '[no address given]'
    'SCRIPT_FILENAME' => '/var/www/html/api/web/index.php'
    'REMOTE_PORT' => '34838'
    'REDIRECT_URL' => '/assignments'
    'GATEWAY_INTERFACE' => 'CGI/1.1'
    'SERVER_PROTOCOL' => 'HTTP/1.1'
    'REQUEST_METHOD' => 'POST'
    'QUERY_STRING' => ''
    'REQUEST_URI' => '/assignments'
    'SCRIPT_NAME' => '/index.php'
    'PHP_SELF' => '/index.php'
    'REQUEST_TIME_FLOAT' => 1764151314.5251
    'REQUEST_TIME' => 1764151314
    'argv' => []
    'argc' => 0
]
2025-11-26 10:02:30 [172.21.0.1][1][-][error][yii\base\UnknownPropertyException] yii\base\UnknownPropertyException: Getting unknown property: common\models\Assignment::staff_id in /var/www/html/vendor/yiisoft/yii2/base/Component.php:154
Stack trace:
#0 /var/www/html/vendor/yiisoft/yii2/db/BaseActiveRecord.php(296): yii\base\Component->__get('staff_id')
#1 /var/www/html/vendor/yiisoft/yii2/validators/Validator.php(257): yii\db\BaseActiveRecord->__get('staff_id')
#2 /var/www/html/vendor/yiisoft/yii2/base/Model.php(389): yii\validators\Validator->validateAttributes(Object(common\models\Assignment), Array)
#3 /var/www/html/vendor/yiisoft/yii2/db/ActiveRecord.php(570): yii\base\Model->validate(Array)
#4 /var/www/html/vendor/yiisoft/yii2/db/BaseActiveRecord.php(688): yii\db\ActiveRecord->insert(true, NULL)
#5 /var/www/html/vendor/yiisoft/yii2/rest/CreateAction.php(52): yii\db\BaseActiveRecord->save()
#6 [internal function]: yii\rest\CreateAction->run()
#7 /var/www/html/vendor/yiisoft/yii2/base/Action.php(102): call_user_func_array(Array, Array)
#8 /var/www/html/vendor/yiisoft/yii2/base/Controller.php(184): yii\base\Action->runWithParams(Array)
#9 /var/www/html/vendor/yiisoft/yii2/base/Module.php(555): yii\base\Controller->runAction('create', Array)
#10 /var/www/html/vendor/yiisoft/yii2/web/Application.php(103): yii\base\Module->runAction('assignment/crea...', Array)
#11 /var/www/html/vendor/yiisoft/yii2/base/Application.php(387): yii\web\Application->handleRequest(Object(yii\web\Request))
#12 /var/www/html/api/web/index.php(15): yii\base\Application->run()
#13 {main}
2025-11-26 10:02:30 [172.21.0.1][1][-][info][application] $_GET = []

$_POST = []

$_FILES = []

$_COOKIE = []

$_SERVER = [
    'REDIRECT_STATUS' => '200'
    'HTTP_HOST' => 'localhost:8080'
    'HTTP_CONNECTION' => 'keep-alive'
    'CONTENT_LENGTH' => '130'
    'HTTP_SEC_CH_UA_PLATFORM' => '\"Windows\"'
    'HTTP_USER_AGENT' => 'Mozilla/5.0 (Windows NT 10.0; Win64; x64) AppleWebKit/537.36 (KHTML, like Gecko) Chrome/142.0.0.0 Safari/537.36'
    'HTTP_SEC_CH_UA' => '\"Chromium\";v=\"142\", \"Google Chrome\";v=\"142\", \"Not_A Brand\";v=\"99\"'
    'CONTENT_TYPE' => 'application/json'
    'HTTP_SEC_CH_UA_MOBILE' => '?0'
    'HTTP_ACCEPT' => '*/*'
    'HTTP_ORIGIN' => 'http://localhost:3000'
    'HTTP_SEC_FETCH_SITE' => 'same-site'
    'HTTP_SEC_FETCH_MODE' => 'cors'
    'HTTP_SEC_FETCH_DEST' => 'empty'
    'HTTP_REFERER' => 'http://localhost:3000/'
    'HTTP_ACCEPT_ENCODING' => 'gzip, deflate, br, zstd'
    'HTTP_ACCEPT_LANGUAGE' => 'en-US,en;q=0.9'
    'PATH' => '/usr/local/sbin:/usr/local/bin:/usr/sbin:/usr/bin:/sbin:/bin'
    'SERVER_SIGNATURE' => '<address>Apache/2.4.65 (Debian) Server at localhost Port 8080</address>
'
    'SERVER_SOFTWARE' => 'Apache/2.4.65 (Debian)'
    'SERVER_NAME' => 'localhost'
    'SERVER_ADDR' => '172.21.0.4'
    'SERVER_PORT' => '8080'
    'REMOTE_ADDR' => '172.21.0.1'
    'DOCUMENT_ROOT' => '/var/www/html/api/web'
    'REQUEST_SCHEME' => 'http'
    'CONTEXT_PREFIX' => ''
    'CONTEXT_DOCUMENT_ROOT' => '/var/www/html/api/web'
    'SERVER_ADMIN' => '[no address given]'
    'SCRIPT_FILENAME' => '/var/www/html/api/web/index.php'
    'REMOTE_PORT' => '57000'
    'REDIRECT_URL' => '/assignments'
    'GATEWAY_INTERFACE' => 'CGI/1.1'
    'SERVER_PROTOCOL' => 'HTTP/1.1'
    'REQUEST_METHOD' => 'POST'
    'QUERY_STRING' => ''
    'REQUEST_URI' => '/assignments'
    'SCRIPT_NAME' => '/index.php'
    'PHP_SELF' => '/index.php'
    'REQUEST_TIME_FLOAT' => 1764151349.7902
    'REQUEST_TIME' => 1764151349
    'argv' => []
    'argc' => 0
]
2025-11-26 10:02:30 [172.21.0.1][1][-][error][yii\base\UnknownPropertyException] yii\base\UnknownPropertyException: Getting unknown property: common\models\Assignment::staff_id in /var/www/html/vendor/yiisoft/yii2/base/Component.php:154
Stack trace:
#0 /var/www/html/vendor/yiisoft/yii2/db/BaseActiveRecord.php(296): yii\base\Component->__get('staff_id')
#1 /var/www/html/vendor/yiisoft/yii2/validators/Validator.php(257): yii\db\BaseActiveRecord->__get('staff_id')
#2 /var/www/html/vendor/yiisoft/yii2/base/Model.php(389): yii\validators\Validator->validateAttributes(Object(common\models\Assignment), Array)
#3 /var/www/html/vendor/yiisoft/yii2/db/ActiveRecord.php(570): yii\base\Model->validate(Array)
#4 /var/www/html/vendor/yiisoft/yii2/db/BaseActiveRecord.php(688): yii\db\ActiveRecord->insert(true, NULL)
#5 /var/www/html/vendor/yiisoft/yii2/rest/CreateAction.php(52): yii\db\BaseActiveRecord->save()
#6 [internal function]: yii\rest\CreateAction->run()
#7 /var/www/html/vendor/yiisoft/yii2/base/Action.php(102): call_user_func_array(Array, Array)
#8 /var/www/html/vendor/yiisoft/yii2/base/Controller.php(184): yii\base\Action->runWithParams(Array)
#9 /var/www/html/vendor/yiisoft/yii2/base/Module.php(555): yii\base\Controller->runAction('create', Array)
#10 /var/www/html/vendor/yiisoft/yii2/web/Application.php(103): yii\base\Module->runAction('assignment/crea...', Array)
#11 /var/www/html/vendor/yiisoft/yii2/base/Application.php(387): yii\web\Application->handleRequest(Object(yii\web\Request))
#12 /var/www/html/api/web/index.php(15): yii\base\Application->run()
#13 {main}
2025-11-26 10:02:30 [172.21.0.1][1][-][info][application] $_GET = []

$_POST = []

$_FILES = []

$_COOKIE = []

$_SERVER = [
    'REDIRECT_STATUS' => '200'
    'HTTP_HOST' => 'localhost:8080'
    'HTTP_CONNECTION' => 'keep-alive'
    'CONTENT_LENGTH' => '130'
    'HTTP_SEC_CH_UA_PLATFORM' => '\"Windows\"'
    'HTTP_USER_AGENT' => 'Mozilla/5.0 (Windows NT 10.0; Win64; x64) AppleWebKit/537.36 (KHTML, like Gecko) Chrome/142.0.0.0 Safari/537.36'
    'HTTP_SEC_CH_UA' => '\"Chromium\";v=\"142\", \"Google Chrome\";v=\"142\", \"Not_A Brand\";v=\"99\"'
    'CONTENT_TYPE' => 'application/json'
    'HTTP_SEC_CH_UA_MOBILE' => '?0'
    'HTTP_ACCEPT' => '*/*'
    'HTTP_ORIGIN' => 'http://localhost:3000'
    'HTTP_SEC_FETCH_SITE' => 'same-site'
    'HTTP_SEC_FETCH_MODE' => 'cors'
    'HTTP_SEC_FETCH_DEST' => 'empty'
    'HTTP_REFERER' => 'http://localhost:3000/'
    'HTTP_ACCEPT_ENCODING' => 'gzip, deflate, br, zstd'
    'HTTP_ACCEPT_LANGUAGE' => 'en-US,en;q=0.9'
    'PATH' => '/usr/local/sbin:/usr/local/bin:/usr/sbin:/usr/bin:/sbin:/bin'
    'SERVER_SIGNATURE' => '<address>Apache/2.4.65 (Debian) Server at localhost Port 8080</address>
'
    'SERVER_SOFTWARE' => 'Apache/2.4.65 (Debian)'
    'SERVER_NAME' => 'localhost'
    'SERVER_ADDR' => '172.21.0.4'
    'SERVER_PORT' => '8080'
    'REMOTE_ADDR' => '172.21.0.1'
    'DOCUMENT_ROOT' => '/var/www/html/api/web'
    'REQUEST_SCHEME' => 'http'
    'CONTEXT_PREFIX' => ''
    'CONTEXT_DOCUMENT_ROOT' => '/var/www/html/api/web'
    'SERVER_ADMIN' => '[no address given]'
    'SCRIPT_FILENAME' => '/var/www/html/api/web/index.php'
    'REMOTE_PORT' => '57000'
    'REDIRECT_URL' => '/assignments'
    'GATEWAY_INTERFACE' => 'CGI/1.1'
    'SERVER_PROTOCOL' => 'HTTP/1.1'
    'REQUEST_METHOD' => 'POST'
    'QUERY_STRING' => ''
    'REQUEST_URI' => '/assignments'
    'SCRIPT_NAME' => '/index.php'
    'PHP_SELF' => '/index.php'
    'REQUEST_TIME_FLOAT' => 1764151349.7902
    'REQUEST_TIME' => 1764151349
    'argv' => []
    'argc' => 0
]
2025-11-26 10:06:32 [172.21.0.1][1][-][error][yii\base\UnknownPropertyException] yii\base\UnknownPropertyException: Getting unknown property: common\models\Assignment::staff_id in /var/www/html/vendor/yiisoft/yii2/base/Component.php:154
Stack trace:
#0 /var/www/html/vendor/yiisoft/yii2/db/BaseActiveRecord.php(296): yii\base\Component->__get('staff_id')
#1 /var/www/html/vendor/yiisoft/yii2/validators/Validator.php(257): yii\db\BaseActiveRecord->__get('staff_id')
#2 /var/www/html/vendor/yiisoft/yii2/base/Model.php(389): yii\validators\Validator->validateAttributes(Object(common\models\Assignment), Array)
#3 /var/www/html/vendor/yiisoft/yii2/db/ActiveRecord.php(570): yii\base\Model->validate(Array)
#4 /var/www/html/vendor/yiisoft/yii2/db/BaseActiveRecord.php(688): yii\db\ActiveRecord->insert(true, NULL)
#5 /var/www/html/vendor/yiisoft/yii2/rest/CreateAction.php(52): yii\db\BaseActiveRecord->save()
#6 [internal function]: yii\rest\CreateAction->run()
#7 /var/www/html/vendor/yiisoft/yii2/base/Action.php(102): call_user_func_array(Array, Array)
#8 /var/www/html/vendor/yiisoft/yii2/base/Controller.php(184): yii\base\Action->runWithParams(Array)
#9 /var/www/html/vendor/yiisoft/yii2/base/Module.php(555): yii\base\Controller->runAction('create', Array)
#10 /var/www/html/vendor/yiisoft/yii2/web/Application.php(103): yii\base\Module->runAction('assignment/crea...', Array)
#11 /var/www/html/vendor/yiisoft/yii2/base/Application.php(387): yii\web\Application->handleRequest(Object(yii\web\Request))
#12 /var/www/html/api/web/index.php(15): yii\base\Application->run()
#13 {main}
2025-11-26 10:06:31 [172.21.0.1][1][-][info][application] $_GET = []

$_POST = []

$_FILES = []

$_COOKIE = []

$_SERVER = [
    'REDIRECT_STATUS' => '200'
    'HTTP_HOST' => 'localhost:8080'
    'HTTP_CONNECTION' => 'keep-alive'
    'CONTENT_LENGTH' => '130'
    'HTTP_SEC_CH_UA_PLATFORM' => '\"Windows\"'
    'HTTP_USER_AGENT' => 'Mozilla/5.0 (Windows NT 10.0; Win64; x64) AppleWebKit/537.36 (KHTML, like Gecko) Chrome/142.0.0.0 Safari/537.36'
    'HTTP_SEC_CH_UA' => '\"Chromium\";v=\"142\", \"Google Chrome\";v=\"142\", \"Not_A Brand\";v=\"99\"'
    'CONTENT_TYPE' => 'application/json'
    'HTTP_SEC_CH_UA_MOBILE' => '?0'
    'HTTP_ACCEPT' => '*/*'
    'HTTP_ORIGIN' => 'http://localhost:3000'
    'HTTP_SEC_FETCH_SITE' => 'same-site'
    'HTTP_SEC_FETCH_MODE' => 'cors'
    'HTTP_SEC_FETCH_DEST' => 'empty'
    'HTTP_REFERER' => 'http://localhost:3000/'
    'HTTP_ACCEPT_ENCODING' => 'gzip, deflate, br, zstd'
    'HTTP_ACCEPT_LANGUAGE' => 'en-US,en;q=0.9'
    'PATH' => '/usr/local/sbin:/usr/local/bin:/usr/sbin:/usr/bin:/sbin:/bin'
    'SERVER_SIGNATURE' => '<address>Apache/2.4.65 (Debian) Server at localhost Port 8080</address>
'
    'SERVER_SOFTWARE' => 'Apache/2.4.65 (Debian)'
    'SERVER_NAME' => 'localhost'
    'SERVER_ADDR' => '172.21.0.4'
    'SERVER_PORT' => '8080'
    'REMOTE_ADDR' => '172.21.0.1'
    'DOCUMENT_ROOT' => '/var/www/html/api/web'
    'REQUEST_SCHEME' => 'http'
    'CONTEXT_PREFIX' => ''
    'CONTEXT_DOCUMENT_ROOT' => '/var/www/html/api/web'
    'SERVER_ADMIN' => '[no address given]'
    'SCRIPT_FILENAME' => '/var/www/html/api/web/index.php'
    'REMOTE_PORT' => '53792'
    'REDIRECT_URL' => '/assignments'
    'GATEWAY_INTERFACE' => 'CGI/1.1'
    'SERVER_PROTOCOL' => 'HTTP/1.1'
    'REQUEST_METHOD' => 'POST'
    'QUERY_STRING' => ''
    'REQUEST_URI' => '/assignments'
    'SCRIPT_NAME' => '/index.php'
    'PHP_SELF' => '/index.php'
    'REQUEST_TIME_FLOAT' => 1764151591.5161
    'REQUEST_TIME' => 1764151591
    'argv' => []
    'argc' => 0
]
2025-11-26 10:06:32 [172.21.0.1][1][-][error][yii\base\UnknownPropertyException] yii\base\UnknownPropertyException: Getting unknown property: common\models\Assignment::staff_id in /var/www/html/vendor/yiisoft/yii2/base/Component.php:154
Stack trace:
#0 /var/www/html/vendor/yiisoft/yii2/db/BaseActiveRecord.php(296): yii\base\Component->__get('staff_id')
#1 /var/www/html/vendor/yiisoft/yii2/validators/Validator.php(257): yii\db\BaseActiveRecord->__get('staff_id')
#2 /var/www/html/vendor/yiisoft/yii2/base/Model.php(389): yii\validators\Validator->validateAttributes(Object(common\models\Assignment), Array)
#3 /var/www/html/vendor/yiisoft/yii2/db/ActiveRecord.php(570): yii\base\Model->validate(Array)
#4 /var/www/html/vendor/yiisoft/yii2/db/BaseActiveRecord.php(688): yii\db\ActiveRecord->insert(true, NULL)
#5 /var/www/html/vendor/yiisoft/yii2/rest/CreateAction.php(52): yii\db\BaseActiveRecord->save()
#6 [internal function]: yii\rest\CreateAction->run()
#7 /var/www/html/vendor/yiisoft/yii2/base/Action.php(102): call_user_func_array(Array, Array)
#8 /var/www/html/vendor/yiisoft/yii2/base/Controller.php(184): yii\base\Action->runWithParams(Array)
#9 /var/www/html/vendor/yiisoft/yii2/base/Module.php(555): yii\base\Controller->runAction('create', Array)
#10 /var/www/html/vendor/yiisoft/yii2/web/Application.php(103): yii\base\Module->runAction('assignment/crea...', Array)
#11 /var/www/html/vendor/yiisoft/yii2/base/Application.php(387): yii\web\Application->handleRequest(Object(yii\web\Request))
#12 /var/www/html/api/web/index.php(15): yii\base\Application->run()
#13 {main}
2025-11-26 10:06:31 [172.21.0.1][1][-][info][application] $_GET = []

$_POST = []

$_FILES = []

$_COOKIE = []

$_SERVER = [
    'REDIRECT_STATUS' => '200'
    'HTTP_HOST' => 'localhost:8080'
    'HTTP_CONNECTION' => 'keep-alive'
    'CONTENT_LENGTH' => '130'
    'HTTP_SEC_CH_UA_PLATFORM' => '\"Windows\"'
    'HTTP_USER_AGENT' => 'Mozilla/5.0 (Windows NT 10.0; Win64; x64) AppleWebKit/537.36 (KHTML, like Gecko) Chrome/142.0.0.0 Safari/537.36'
    'HTTP_SEC_CH_UA' => '\"Chromium\";v=\"142\", \"Google Chrome\";v=\"142\", \"Not_A Brand\";v=\"99\"'
    'CONTENT_TYPE' => 'application/json'
    'HTTP_SEC_CH_UA_MOBILE' => '?0'
    'HTTP_ACCEPT' => '*/*'
    'HTTP_ORIGIN' => 'http://localhost:3000'
    'HTTP_SEC_FETCH_SITE' => 'same-site'
    'HTTP_SEC_FETCH_MODE' => 'cors'
    'HTTP_SEC_FETCH_DEST' => 'empty'
    'HTTP_REFERER' => 'http://localhost:3000/'
    'HTTP_ACCEPT_ENCODING' => 'gzip, deflate, br, zstd'
    'HTTP_ACCEPT_LANGUAGE' => 'en-US,en;q=0.9'
    'PATH' => '/usr/local/sbin:/usr/local/bin:/usr/sbin:/usr/bin:/sbin:/bin'
    'SERVER_SIGNATURE' => '<address>Apache/2.4.65 (Debian) Server at localhost Port 8080</address>
'
    'SERVER_SOFTWARE' => 'Apache/2.4.65 (Debian)'
    'SERVER_NAME' => 'localhost'
    'SERVER_ADDR' => '172.21.0.4'
    'SERVER_PORT' => '8080'
    'REMOTE_ADDR' => '172.21.0.1'
    'DOCUMENT_ROOT' => '/var/www/html/api/web'
    'REQUEST_SCHEME' => 'http'
    'CONTEXT_PREFIX' => ''
    'CONTEXT_DOCUMENT_ROOT' => '/var/www/html/api/web'
    'SERVER_ADMIN' => '[no address given]'
    'SCRIPT_FILENAME' => '/var/www/html/api/web/index.php'
    'REMOTE_PORT' => '53792'
    'REDIRECT_URL' => '/assignments'
    'GATEWAY_INTERFACE' => 'CGI/1.1'
    'SERVER_PROTOCOL' => 'HTTP/1.1'
    'REQUEST_METHOD' => 'POST'
    'QUERY_STRING' => ''
    'REQUEST_URI' => '/assignments'
    'SCRIPT_NAME' => '/index.php'
    'PHP_SELF' => '/index.php'
    'REQUEST_TIME_FLOAT' => 1764151591.5161
    'REQUEST_TIME' => 1764151591
    'argv' => []
    'argc' => 0
]
2025-11-26 10:07:11 [172.21.0.1][1][-][error][yii\base\UnknownPropertyException] yii\base\UnknownPropertyException: Getting unknown property: common\models\Assignment::staff_id in /var/www/html/vendor/yiisoft/yii2/base/Component.php:154
Stack trace:
#0 /var/www/html/vendor/yiisoft/yii2/db/BaseActiveRecord.php(296): yii\base\Component->__get('staff_id')
#1 /var/www/html/vendor/yiisoft/yii2/validators/Validator.php(257): yii\db\BaseActiveRecord->__get('staff_id')
#2 /var/www/html/vendor/yiisoft/yii2/base/Model.php(389): yii\validators\Validator->validateAttributes(Object(common\models\Assignment), Array)
#3 /var/www/html/vendor/yiisoft/yii2/db/ActiveRecord.php(570): yii\base\Model->validate(Array)
#4 /var/www/html/vendor/yiisoft/yii2/db/BaseActiveRecord.php(688): yii\db\ActiveRecord->insert(true, NULL)
#5 /var/www/html/vendor/yiisoft/yii2/rest/CreateAction.php(52): yii\db\BaseActiveRecord->save()
#6 [internal function]: yii\rest\CreateAction->run()
#7 /var/www/html/vendor/yiisoft/yii2/base/Action.php(102): call_user_func_array(Array, Array)
#8 /var/www/html/vendor/yiisoft/yii2/base/Controller.php(184): yii\base\Action->runWithParams(Array)
#9 /var/www/html/vendor/yiisoft/yii2/base/Module.php(555): yii\base\Controller->runAction('create', Array)
#10 /var/www/html/vendor/yiisoft/yii2/web/Application.php(103): yii\base\Module->runAction('assignment/crea...', Array)
#11 /var/www/html/vendor/yiisoft/yii2/base/Application.php(387): yii\web\Application->handleRequest(Object(yii\web\Request))
#12 /var/www/html/api/web/index.php(15): yii\base\Application->run()
#13 {main}
2025-11-26 10:07:10 [172.21.0.1][1][-][info][application] $_GET = []

$_POST = []

$_FILES = []

$_COOKIE = []

$_SERVER = [
    'REDIRECT_STATUS' => '200'
    'HTTP_HOST' => 'localhost:8080'
    'HTTP_CONNECTION' => 'keep-alive'
    'CONTENT_LENGTH' => '130'
    'HTTP_SEC_CH_UA_PLATFORM' => '\"Windows\"'
    'HTTP_USER_AGENT' => 'Mozilla/5.0 (Windows NT 10.0; Win64; x64) AppleWebKit/537.36 (KHTML, like Gecko) Chrome/142.0.0.0 Safari/537.36'
    'HTTP_SEC_CH_UA' => '\"Chromium\";v=\"142\", \"Google Chrome\";v=\"142\", \"Not_A Brand\";v=\"99\"'
    'CONTENT_TYPE' => 'application/json'
    'HTTP_SEC_CH_UA_MOBILE' => '?0'
    'HTTP_ACCEPT' => '*/*'
    'HTTP_ORIGIN' => 'http://localhost:3000'
    'HTTP_SEC_FETCH_SITE' => 'same-site'
    'HTTP_SEC_FETCH_MODE' => 'cors'
    'HTTP_SEC_FETCH_DEST' => 'empty'
    'HTTP_REFERER' => 'http://localhost:3000/'
    'HTTP_ACCEPT_ENCODING' => 'gzip, deflate, br, zstd'
    'HTTP_ACCEPT_LANGUAGE' => 'en-US,en;q=0.9'
    'PATH' => '/usr/local/sbin:/usr/local/bin:/usr/sbin:/usr/bin:/sbin:/bin'
    'SERVER_SIGNATURE' => '<address>Apache/2.4.65 (Debian) Server at localhost Port 8080</address>
'
    'SERVER_SOFTWARE' => 'Apache/2.4.65 (Debian)'
    'SERVER_NAME' => 'localhost'
    'SERVER_ADDR' => '172.21.0.4'
    'SERVER_PORT' => '8080'
    'REMOTE_ADDR' => '172.21.0.1'
    'DOCUMENT_ROOT' => '/var/www/html/api/web'
    'REQUEST_SCHEME' => 'http'
    'CONTEXT_PREFIX' => ''
    'CONTEXT_DOCUMENT_ROOT' => '/var/www/html/api/web'
    'SERVER_ADMIN' => '[no address given]'
    'SCRIPT_FILENAME' => '/var/www/html/api/web/index.php'
    'REMOTE_PORT' => '51168'
    'REDIRECT_URL' => '/assignments'
    'GATEWAY_INTERFACE' => 'CGI/1.1'
    'SERVER_PROTOCOL' => 'HTTP/1.1'
    'REQUEST_METHOD' => 'POST'
    'QUERY_STRING' => ''
    'REQUEST_URI' => '/assignments'
    'SCRIPT_NAME' => '/index.php'
    'PHP_SELF' => '/index.php'
    'REQUEST_TIME_FLOAT' => 1764151630.4685
    'REQUEST_TIME' => 1764151630
    'argv' => []
    'argc' => 0
]
2025-11-26 10:07:11 [172.21.0.1][1][-][error][yii\base\UnknownPropertyException] yii\base\UnknownPropertyException: Getting unknown property: common\models\Assignment::staff_id in /var/www/html/vendor/yiisoft/yii2/base/Component.php:154
Stack trace:
#0 /var/www/html/vendor/yiisoft/yii2/db/BaseActiveRecord.php(296): yii\base\Component->__get('staff_id')
#1 /var/www/html/vendor/yiisoft/yii2/validators/Validator.php(257): yii\db\BaseActiveRecord->__get('staff_id')
#2 /var/www/html/vendor/yiisoft/yii2/base/Model.php(389): yii\validators\Validator->validateAttributes(Object(common\models\Assignment), Array)
#3 /var/www/html/vendor/yiisoft/yii2/db/ActiveRecord.php(570): yii\base\Model->validate(Array)
#4 /var/www/html/vendor/yiisoft/yii2/db/BaseActiveRecord.php(688): yii\db\ActiveRecord->insert(true, NULL)
#5 /var/www/html/vendor/yiisoft/yii2/rest/CreateAction.php(52): yii\db\BaseActiveRecord->save()
#6 [internal function]: yii\rest\CreateAction->run()
#7 /var/www/html/vendor/yiisoft/yii2/base/Action.php(102): call_user_func_array(Array, Array)
#8 /var/www/html/vendor/yiisoft/yii2/base/Controller.php(184): yii\base\Action->runWithParams(Array)
#9 /var/www/html/vendor/yiisoft/yii2/base/Module.php(555): yii\base\Controller->runAction('create', Array)
#10 /var/www/html/vendor/yiisoft/yii2/web/Application.php(103): yii\base\Module->runAction('assignment/crea...', Array)
#11 /var/www/html/vendor/yiisoft/yii2/base/Application.php(387): yii\web\Application->handleRequest(Object(yii\web\Request))
#12 /var/www/html/api/web/index.php(15): yii\base\Application->run()
#13 {main}
2025-11-26 10:07:10 [172.21.0.1][1][-][info][application] $_GET = []

$_POST = []

$_FILES = []

$_COOKIE = []

$_SERVER = [
    'REDIRECT_STATUS' => '200'
    'HTTP_HOST' => 'localhost:8080'
    'HTTP_CONNECTION' => 'keep-alive'
    'CONTENT_LENGTH' => '130'
    'HTTP_SEC_CH_UA_PLATFORM' => '\"Windows\"'
    'HTTP_USER_AGENT' => 'Mozilla/5.0 (Windows NT 10.0; Win64; x64) AppleWebKit/537.36 (KHTML, like Gecko) Chrome/142.0.0.0 Safari/537.36'
    'HTTP_SEC_CH_UA' => '\"Chromium\";v=\"142\", \"Google Chrome\";v=\"142\", \"Not_A Brand\";v=\"99\"'
    'CONTENT_TYPE' => 'application/json'
    'HTTP_SEC_CH_UA_MOBILE' => '?0'
    'HTTP_ACCEPT' => '*/*'
    'HTTP_ORIGIN' => 'http://localhost:3000'
    'HTTP_SEC_FETCH_SITE' => 'same-site'
    'HTTP_SEC_FETCH_MODE' => 'cors'
    'HTTP_SEC_FETCH_DEST' => 'empty'
    'HTTP_REFERER' => 'http://localhost:3000/'
    'HTTP_ACCEPT_ENCODING' => 'gzip, deflate, br, zstd'
    'HTTP_ACCEPT_LANGUAGE' => 'en-US,en;q=0.9'
    'PATH' => '/usr/local/sbin:/usr/local/bin:/usr/sbin:/usr/bin:/sbin:/bin'
    'SERVER_SIGNATURE' => '<address>Apache/2.4.65 (Debian) Server at localhost Port 8080</address>
'
    'SERVER_SOFTWARE' => 'Apache/2.4.65 (Debian)'
    'SERVER_NAME' => 'localhost'
    'SERVER_ADDR' => '172.21.0.4'
    'SERVER_PORT' => '8080'
    'REMOTE_ADDR' => '172.21.0.1'
    'DOCUMENT_ROOT' => '/var/www/html/api/web'
    'REQUEST_SCHEME' => 'http'
    'CONTEXT_PREFIX' => ''
    'CONTEXT_DOCUMENT_ROOT' => '/var/www/html/api/web'
    'SERVER_ADMIN' => '[no address given]'
    'SCRIPT_FILENAME' => '/var/www/html/api/web/index.php'
    'REMOTE_PORT' => '51168'
    'REDIRECT_URL' => '/assignments'
    'GATEWAY_INTERFACE' => 'CGI/1.1'
    'SERVER_PROTOCOL' => 'HTTP/1.1'
    'REQUEST_METHOD' => 'POST'
    'QUERY_STRING' => ''
    'REQUEST_URI' => '/assignments'
    'SCRIPT_NAME' => '/index.php'
    'PHP_SELF' => '/index.php'
    'REQUEST_TIME_FLOAT' => 1764151630.4685
    'REQUEST_TIME' => 1764151630
    'argv' => []
    'argc' => 0
]
2025-11-26 10:35:34 [172.21.0.1][1][-][error][yii\base\UnknownPropertyException] yii\base\UnknownPropertyException: Getting unknown property: common\models\Assignment::staff_id in /var/www/html/vendor/yiisoft/yii2/base/Component.php:154
Stack trace:
#0 /var/www/html/vendor/yiisoft/yii2/db/BaseActiveRecord.php(296): yii\base\Component->__get('staff_id')
#1 /var/www/html/vendor/yiisoft/yii2/validators/Validator.php(257): yii\db\BaseActiveRecord->__get('staff_id')
#2 /var/www/html/vendor/yiisoft/yii2/base/Model.php(389): yii\validators\Validator->validateAttributes(Object(common\models\Assignment), Array)
#3 /var/www/html/vendor/yiisoft/yii2/db/ActiveRecord.php(570): yii\base\Model->validate(Array)
#4 /var/www/html/vendor/yiisoft/yii2/db/BaseActiveRecord.php(688): yii\db\ActiveRecord->insert(true, NULL)
#5 /var/www/html/vendor/yiisoft/yii2/rest/CreateAction.php(52): yii\db\BaseActiveRecord->save()
#6 [internal function]: yii\rest\CreateAction->run()
#7 /var/www/html/vendor/yiisoft/yii2/base/Action.php(102): call_user_func_array(Array, Array)
#8 /var/www/html/vendor/yiisoft/yii2/base/Controller.php(184): yii\base\Action->runWithParams(Array)
#9 /var/www/html/vendor/yiisoft/yii2/base/Module.php(555): yii\base\Controller->runAction('create', Array)
#10 /var/www/html/vendor/yiisoft/yii2/web/Application.php(103): yii\base\Module->runAction('assignment/crea...', Array)
#11 /var/www/html/vendor/yiisoft/yii2/base/Application.php(387): yii\web\Application->handleRequest(Object(yii\web\Request))
#12 /var/www/html/api/web/index.php(15): yii\base\Application->run()
#13 {main}
2025-11-26 10:35:33 [172.21.0.1][1][-][info][application] $_GET = []

$_POST = []

$_FILES = []

$_COOKIE = []

$_SERVER = [
    'REDIRECT_STATUS' => '200'
    'HTTP_HOST' => 'localhost:8080'
    'HTTP_CONNECTION' => 'keep-alive'
    'CONTENT_LENGTH' => '130'
    'HTTP_SEC_CH_UA_PLATFORM' => '\"Windows\"'
    'HTTP_USER_AGENT' => 'Mozilla/5.0 (Windows NT 10.0; Win64; x64) AppleWebKit/537.36 (KHTML, like Gecko) Chrome/142.0.0.0 Safari/537.36'
    'HTTP_SEC_CH_UA' => '\"Chromium\";v=\"142\", \"Google Chrome\";v=\"142\", \"Not_A Brand\";v=\"99\"'
    'CONTENT_TYPE' => 'application/json'
    'HTTP_SEC_CH_UA_MOBILE' => '?0'
    'HTTP_ACCEPT' => '*/*'
    'HTTP_ORIGIN' => 'http://localhost:3000'
    'HTTP_SEC_FETCH_SITE' => 'same-site'
    'HTTP_SEC_FETCH_MODE' => 'cors'
    'HTTP_SEC_FETCH_DEST' => 'empty'
    'HTTP_REFERER' => 'http://localhost:3000/'
    'HTTP_ACCEPT_ENCODING' => 'gzip, deflate, br, zstd'
    'HTTP_ACCEPT_LANGUAGE' => 'en-US,en;q=0.9'
    'PATH' => '/usr/local/sbin:/usr/local/bin:/usr/sbin:/usr/bin:/sbin:/bin'
    'SERVER_SIGNATURE' => '<address>Apache/2.4.65 (Debian) Server at localhost Port 8080</address>
'
    'SERVER_SOFTWARE' => 'Apache/2.4.65 (Debian)'
    'SERVER_NAME' => 'localhost'
    'SERVER_ADDR' => '172.21.0.4'
    'SERVER_PORT' => '8080'
    'REMOTE_ADDR' => '172.21.0.1'
    'DOCUMENT_ROOT' => '/var/www/html/api/web'
    'REQUEST_SCHEME' => 'http'
    'CONTEXT_PREFIX' => ''
    'CONTEXT_DOCUMENT_ROOT' => '/var/www/html/api/web'
    'SERVER_ADMIN' => '[no address given]'
    'SCRIPT_FILENAME' => '/var/www/html/api/web/index.php'
    'REMOTE_PORT' => '46032'
    'REDIRECT_URL' => '/assignments'
    'GATEWAY_INTERFACE' => 'CGI/1.1'
    'SERVER_PROTOCOL' => 'HTTP/1.1'
    'REQUEST_METHOD' => 'POST'
    'QUERY_STRING' => ''
    'REQUEST_URI' => '/assignments'
    'SCRIPT_NAME' => '/index.php'
    'PHP_SELF' => '/index.php'
    'REQUEST_TIME_FLOAT' => 1764153333.55
    'REQUEST_TIME' => 1764153333
    'argv' => []
    'argc' => 0
]
2025-11-26 10:35:34 [172.21.0.1][1][-][error][yii\base\UnknownPropertyException] yii\base\UnknownPropertyException: Getting unknown property: common\models\Assignment::staff_id in /var/www/html/vendor/yiisoft/yii2/base/Component.php:154
Stack trace:
#0 /var/www/html/vendor/yiisoft/yii2/db/BaseActiveRecord.php(296): yii\base\Component->__get('staff_id')
#1 /var/www/html/vendor/yiisoft/yii2/validators/Validator.php(257): yii\db\BaseActiveRecord->__get('staff_id')
#2 /var/www/html/vendor/yiisoft/yii2/base/Model.php(389): yii\validators\Validator->validateAttributes(Object(common\models\Assignment), Array)
#3 /var/www/html/vendor/yiisoft/yii2/db/ActiveRecord.php(570): yii\base\Model->validate(Array)
#4 /var/www/html/vendor/yiisoft/yii2/db/BaseActiveRecord.php(688): yii\db\ActiveRecord->insert(true, NULL)
#5 /var/www/html/vendor/yiisoft/yii2/rest/CreateAction.php(52): yii\db\BaseActiveRecord->save()
#6 [internal function]: yii\rest\CreateAction->run()
#7 /var/www/html/vendor/yiisoft/yii2/base/Action.php(102): call_user_func_array(Array, Array)
#8 /var/www/html/vendor/yiisoft/yii2/base/Controller.php(184): yii\base\Action->runWithParams(Array)
#9 /var/www/html/vendor/yiisoft/yii2/base/Module.php(555): yii\base\Controller->runAction('create', Array)
#10 /var/www/html/vendor/yiisoft/yii2/web/Application.php(103): yii\base\Module->runAction('assignment/crea...', Array)
#11 /var/www/html/vendor/yiisoft/yii2/base/Application.php(387): yii\web\Application->handleRequest(Object(yii\web\Request))
#12 /var/www/html/api/web/index.php(15): yii\base\Application->run()
#13 {main}
2025-11-26 10:35:33 [172.21.0.1][1][-][info][application] $_GET = []

$_POST = []

$_FILES = []

$_COOKIE = []

$_SERVER = [
    'REDIRECT_STATUS' => '200'
    'HTTP_HOST' => 'localhost:8080'
    'HTTP_CONNECTION' => 'keep-alive'
    'CONTENT_LENGTH' => '130'
    'HTTP_SEC_CH_UA_PLATFORM' => '\"Windows\"'
    'HTTP_USER_AGENT' => 'Mozilla/5.0 (Windows NT 10.0; Win64; x64) AppleWebKit/537.36 (KHTML, like Gecko) Chrome/142.0.0.0 Safari/537.36'
    'HTTP_SEC_CH_UA' => '\"Chromium\";v=\"142\", \"Google Chrome\";v=\"142\", \"Not_A Brand\";v=\"99\"'
    'CONTENT_TYPE' => 'application/json'
    'HTTP_SEC_CH_UA_MOBILE' => '?0'
    'HTTP_ACCEPT' => '*/*'
    'HTTP_ORIGIN' => 'http://localhost:3000'
    'HTTP_SEC_FETCH_SITE' => 'same-site'
    'HTTP_SEC_FETCH_MODE' => 'cors'
    'HTTP_SEC_FETCH_DEST' => 'empty'
    'HTTP_REFERER' => 'http://localhost:3000/'
    'HTTP_ACCEPT_ENCODING' => 'gzip, deflate, br, zstd'
    'HTTP_ACCEPT_LANGUAGE' => 'en-US,en;q=0.9'
    'PATH' => '/usr/local/sbin:/usr/local/bin:/usr/sbin:/usr/bin:/sbin:/bin'
    'SERVER_SIGNATURE' => '<address>Apache/2.4.65 (Debian) Server at localhost Port 8080</address>
'
    'SERVER_SOFTWARE' => 'Apache/2.4.65 (Debian)'
    'SERVER_NAME' => 'localhost'
    'SERVER_ADDR' => '172.21.0.4'
    'SERVER_PORT' => '8080'
    'REMOTE_ADDR' => '172.21.0.1'
    'DOCUMENT_ROOT' => '/var/www/html/api/web'
    'REQUEST_SCHEME' => 'http'
    'CONTEXT_PREFIX' => ''
    'CONTEXT_DOCUMENT_ROOT' => '/var/www/html/api/web'
    'SERVER_ADMIN' => '[no address given]'
    'SCRIPT_FILENAME' => '/var/www/html/api/web/index.php'
    'REMOTE_PORT' => '46032'
    'REDIRECT_URL' => '/assignments'
    'GATEWAY_INTERFACE' => 'CGI/1.1'
    'SERVER_PROTOCOL' => 'HTTP/1.1'
    'REQUEST_METHOD' => 'POST'
    'QUERY_STRING' => ''
    'REQUEST_URI' => '/assignments'
    'SCRIPT_NAME' => '/index.php'
    'PHP_SELF' => '/index.php'
    'REQUEST_TIME_FLOAT' => 1764153333.55
    'REQUEST_TIME' => 1764153333
    'argv' => []
    'argc' => 0
]
2025-11-26 10:36:03 [172.21.0.1][1][-][error][yii\base\UnknownPropertyException] yii\base\UnknownPropertyException: Getting unknown property: common\models\Assignment::staff_id in /var/www/html/vendor/yiisoft/yii2/base/Component.php:154
Stack trace:
#0 /var/www/html/vendor/yiisoft/yii2/db/BaseActiveRecord.php(296): yii\base\Component->__get('staff_id')
#1 /var/www/html/vendor/yiisoft/yii2/validators/Validator.php(257): yii\db\BaseActiveRecord->__get('staff_id')
#2 /var/www/html/vendor/yiisoft/yii2/base/Model.php(389): yii\validators\Validator->validateAttributes(Object(common\models\Assignment), Array)
#3 /var/www/html/vendor/yiisoft/yii2/db/ActiveRecord.php(570): yii\base\Model->validate(Array)
#4 /var/www/html/vendor/yiisoft/yii2/db/BaseActiveRecord.php(688): yii\db\ActiveRecord->insert(true, NULL)
#5 /var/www/html/vendor/yiisoft/yii2/rest/CreateAction.php(52): yii\db\BaseActiveRecord->save()
#6 [internal function]: yii\rest\CreateAction->run()
#7 /var/www/html/vendor/yiisoft/yii2/base/Action.php(102): call_user_func_array(Array, Array)
#8 /var/www/html/vendor/yiisoft/yii2/base/Controller.php(184): yii\base\Action->runWithParams(Array)
#9 /var/www/html/vendor/yiisoft/yii2/base/Module.php(555): yii\base\Controller->runAction('create', Array)
#10 /var/www/html/vendor/yiisoft/yii2/web/Application.php(103): yii\base\Module->runAction('assignment/crea...', Array)
#11 /var/www/html/vendor/yiisoft/yii2/base/Application.php(387): yii\web\Application->handleRequest(Object(yii\web\Request))
#12 /var/www/html/api/web/index.php(15): yii\base\Application->run()
#13 {main}
2025-11-26 10:36:02 [172.21.0.1][1][-][info][application] $_GET = []

$_POST = []

$_FILES = []

$_COOKIE = []

$_SERVER = [
    'REDIRECT_STATUS' => '200'
    'HTTP_HOST' => 'localhost:8080'
    'HTTP_CONNECTION' => 'keep-alive'
    'CONTENT_LENGTH' => '130'
    'HTTP_SEC_CH_UA_PLATFORM' => '\"Windows\"'
    'HTTP_USER_AGENT' => 'Mozilla/5.0 (Windows NT 10.0; Win64; x64) AppleWebKit/537.36 (KHTML, like Gecko) Chrome/142.0.0.0 Safari/537.36'
    'HTTP_SEC_CH_UA' => '\"Chromium\";v=\"142\", \"Google Chrome\";v=\"142\", \"Not_A Brand\";v=\"99\"'
    'CONTENT_TYPE' => 'application/json'
    'HTTP_SEC_CH_UA_MOBILE' => '?0'
    'HTTP_ACCEPT' => '*/*'
    'HTTP_ORIGIN' => 'http://localhost:3000'
    'HTTP_SEC_FETCH_SITE' => 'same-site'
    'HTTP_SEC_FETCH_MODE' => 'cors'
    'HTTP_SEC_FETCH_DEST' => 'empty'
    'HTTP_REFERER' => 'http://localhost:3000/'
    'HTTP_ACCEPT_ENCODING' => 'gzip, deflate, br, zstd'
    'HTTP_ACCEPT_LANGUAGE' => 'en-US,en;q=0.9'
    'PATH' => '/usr/local/sbin:/usr/local/bin:/usr/sbin:/usr/bin:/sbin:/bin'
    'SERVER_SIGNATURE' => '<address>Apache/2.4.65 (Debian) Server at localhost Port 8080</address>
'
    'SERVER_SOFTWARE' => 'Apache/2.4.65 (Debian)'
    'SERVER_NAME' => 'localhost'
    'SERVER_ADDR' => '172.21.0.4'
    'SERVER_PORT' => '8080'
    'REMOTE_ADDR' => '172.21.0.1'
    'DOCUMENT_ROOT' => '/var/www/html/api/web'
    'REQUEST_SCHEME' => 'http'
    'CONTEXT_PREFIX' => ''
    'CONTEXT_DOCUMENT_ROOT' => '/var/www/html/api/web'
    'SERVER_ADMIN' => '[no address given]'
    'SCRIPT_FILENAME' => '/var/www/html/api/web/index.php'
    'REMOTE_PORT' => '41046'
    'REDIRECT_URL' => '/assignments'
    'GATEWAY_INTERFACE' => 'CGI/1.1'
    'SERVER_PROTOCOL' => 'HTTP/1.1'
    'REQUEST_METHOD' => 'POST'
    'QUERY_STRING' => ''
    'REQUEST_URI' => '/assignments'
    'SCRIPT_NAME' => '/index.php'
    'PHP_SELF' => '/index.php'
    'REQUEST_TIME_FLOAT' => 1764153362.33
    'REQUEST_TIME' => 1764153362
    'argv' => []
    'argc' => 0
]
2025-11-26 10:36:03 [172.21.0.1][1][-][error][yii\base\UnknownPropertyException] yii\base\UnknownPropertyException: Getting unknown property: common\models\Assignment::staff_id in /var/www/html/vendor/yiisoft/yii2/base/Component.php:154
Stack trace:
#0 /var/www/html/vendor/yiisoft/yii2/db/BaseActiveRecord.php(296): yii\base\Component->__get('staff_id')
#1 /var/www/html/vendor/yiisoft/yii2/validators/Validator.php(257): yii\db\BaseActiveRecord->__get('staff_id')
#2 /var/www/html/vendor/yiisoft/yii2/base/Model.php(389): yii\validators\Validator->validateAttributes(Object(common\models\Assignment), Array)
#3 /var/www/html/vendor/yiisoft/yii2/db/ActiveRecord.php(570): yii\base\Model->validate(Array)
#4 /var/www/html/vendor/yiisoft/yii2/db/BaseActiveRecord.php(688): yii\db\ActiveRecord->insert(true, NULL)
#5 /var/www/html/vendor/yiisoft/yii2/rest/CreateAction.php(52): yii\db\BaseActiveRecord->save()
#6 [internal function]: yii\rest\CreateAction->run()
#7 /var/www/html/vendor/yiisoft/yii2/base/Action.php(102): call_user_func_array(Array, Array)
#8 /var/www/html/vendor/yiisoft/yii2/base/Controller.php(184): yii\base\Action->runWithParams(Array)
#9 /var/www/html/vendor/yiisoft/yii2/base/Module.php(555): yii\base\Controller->runAction('create', Array)
#10 /var/www/html/vendor/yiisoft/yii2/web/Application.php(103): yii\base\Module->runAction('assignment/crea...', Array)
#11 /var/www/html/vendor/yiisoft/yii2/base/Application.php(387): yii\web\Application->handleRequest(Object(yii\web\Request))
#12 /var/www/html/api/web/index.php(15): yii\base\Application->run()
#13 {main}
2025-11-26 10:36:02 [172.21.0.1][1][-][info][application] $_GET = []

$_POST = []

$_FILES = []

$_COOKIE = []

$_SERVER = [
    'REDIRECT_STATUS' => '200'
    'HTTP_HOST' => 'localhost:8080'
    'HTTP_CONNECTION' => 'keep-alive'
    'CONTENT_LENGTH' => '130'
    'HTTP_SEC_CH_UA_PLATFORM' => '\"Windows\"'
    'HTTP_USER_AGENT' => 'Mozilla/5.0 (Windows NT 10.0; Win64; x64) AppleWebKit/537.36 (KHTML, like Gecko) Chrome/142.0.0.0 Safari/537.36'
    'HTTP_SEC_CH_UA' => '\"Chromium\";v=\"142\", \"Google Chrome\";v=\"142\", \"Not_A Brand\";v=\"99\"'
    'CONTENT_TYPE' => 'application/json'
    'HTTP_SEC_CH_UA_MOBILE' => '?0'
    'HTTP_ACCEPT' => '*/*'
    'HTTP_ORIGIN' => 'http://localhost:3000'
    'HTTP_SEC_FETCH_SITE' => 'same-site'
    'HTTP_SEC_FETCH_MODE' => 'cors'
    'HTTP_SEC_FETCH_DEST' => 'empty'
    'HTTP_REFERER' => 'http://localhost:3000/'
    'HTTP_ACCEPT_ENCODING' => 'gzip, deflate, br, zstd'
    'HTTP_ACCEPT_LANGUAGE' => 'en-US,en;q=0.9'
    'PATH' => '/usr/local/sbin:/usr/local/bin:/usr/sbin:/usr/bin:/sbin:/bin'
    'SERVER_SIGNATURE' => '<address>Apache/2.4.65 (Debian) Server at localhost Port 8080</address>
'
    'SERVER_SOFTWARE' => 'Apache/2.4.65 (Debian)'
    'SERVER_NAME' => 'localhost'
    'SERVER_ADDR' => '172.21.0.4'
    'SERVER_PORT' => '8080'
    'REMOTE_ADDR' => '172.21.0.1'
    'DOCUMENT_ROOT' => '/var/www/html/api/web'
    'REQUEST_SCHEME' => 'http'
    'CONTEXT_PREFIX' => ''
    'CONTEXT_DOCUMENT_ROOT' => '/var/www/html/api/web'
    'SERVER_ADMIN' => '[no address given]'
    'SCRIPT_FILENAME' => '/var/www/html/api/web/index.php'
    'REMOTE_PORT' => '41046'
    'REDIRECT_URL' => '/assignments'
    'GATEWAY_INTERFACE' => 'CGI/1.1'
    'SERVER_PROTOCOL' => 'HTTP/1.1'
    'REQUEST_METHOD' => 'POST'
    'QUERY_STRING' => ''
    'REQUEST_URI' => '/assignments'
    'SCRIPT_NAME' => '/index.php'
    'PHP_SELF' => '/index.php'
    'REQUEST_TIME_FLOAT' => 1764153362.33
    'REQUEST_TIME' => 1764153362
    'argv' => []
    'argc' => 0
]
2025-11-26 11:47:26 [172.21.0.1][-][-][error][yii\web\HttpException:404] yii\base\InvalidRouteException: Unable to resolve the request "staff-applications". in /var/www/html/vendor/yiisoft/yii2/base/Module.php:564
Stack trace:
#0 /var/www/html/vendor/yiisoft/yii2/web/Application.php(103): yii\base\Module->runAction('staff-applicati...', Array)
#1 /var/www/html/vendor/yiisoft/yii2/base/Application.php(387): yii\web\Application->handleRequest(Object(yii\web\Request))
#2 /var/www/html/api/web/index.php(15): yii\base\Application->run()
#3 {main}

Next yii\web\NotFoundHttpException: Page not found. in /var/www/html/vendor/yiisoft/yii2/web/Application.php:115
Stack trace:
#0 /var/www/html/vendor/yiisoft/yii2/base/Application.php(387): yii\web\Application->handleRequest(Object(yii\web\Request))
#1 /var/www/html/api/web/index.php(15): yii\base\Application->run()
#2 {main}
2025-11-26 11:47:25 [172.21.0.1][-][-][info][application] $_GET = []

$_POST = []

$_FILES = []

$_COOKIE = []

$_SERVER = [
    'REDIRECT_STATUS' => '200'
    'HTTP_HOST' => 'localhost:8080'
    'HTTP_CONNECTION' => 'keep-alive'
    'HTTP_SEC_CH_UA_PLATFORM' => '\"Windows\"'
    'HTTP_USER_AGENT' => 'Mozilla/5.0 (Windows NT 10.0; Win64; x64) AppleWebKit/537.36 (KHTML, like Gecko) Chrome/142.0.0.0 Safari/537.36'
    'HTTP_SEC_CH_UA' => '\"Chromium\";v=\"142\", \"Google Chrome\";v=\"142\", \"Not_A Brand\";v=\"99\"'
    'CONTENT_TYPE' => 'application/json'
    'HTTP_SEC_CH_UA_MOBILE' => '?0'
    'HTTP_ACCEPT' => '*/*'
    'HTTP_ORIGIN' => 'http://localhost:3000'
    'HTTP_SEC_FETCH_SITE' => 'same-site'
    'HTTP_SEC_FETCH_MODE' => 'cors'
    'HTTP_SEC_FETCH_DEST' => 'empty'
    'HTTP_REFERER' => 'http://localhost:3000/'
    'HTTP_ACCEPT_ENCODING' => 'gzip, deflate, br, zstd'
    'HTTP_ACCEPT_LANGUAGE' => 'en-US,en;q=0.9'
    'PATH' => '/usr/local/sbin:/usr/local/bin:/usr/sbin:/usr/bin:/sbin:/bin'
    'SERVER_SIGNATURE' => '<address>Apache/2.4.65 (Debian) Server at localhost Port 8080</address>
'
    'SERVER_SOFTWARE' => 'Apache/2.4.65 (Debian)'
    'SERVER_NAME' => 'localhost'
    'SERVER_ADDR' => '172.21.0.4'
    'SERVER_PORT' => '8080'
    'REMOTE_ADDR' => '172.21.0.1'
    'DOCUMENT_ROOT' => '/var/www/html/api/web'
    'REQUEST_SCHEME' => 'http'
    'CONTEXT_PREFIX' => ''
    'CONTEXT_DOCUMENT_ROOT' => '/var/www/html/api/web'
    'SERVER_ADMIN' => '[no address given]'
    'SCRIPT_FILENAME' => '/var/www/html/api/web/index.php'
    'REMOTE_PORT' => '49870'
    'REDIRECT_URL' => '/staff-applications'
    'GATEWAY_INTERFACE' => 'CGI/1.1'
    'SERVER_PROTOCOL' => 'HTTP/1.1'
    'REQUEST_METHOD' => 'GET'
    'QUERY_STRING' => ''
    'REQUEST_URI' => '/staff-applications'
    'SCRIPT_NAME' => '/index.php'
    'PHP_SELF' => '/index.php'
    'REQUEST_TIME_FLOAT' => 1764157645.889
    'REQUEST_TIME' => 1764157645
    'argv' => []
    'argc' => 0
]
2025-11-26 11:47:26 [172.21.0.1][-][-][error][yii\web\HttpException:404] yii\base\InvalidRouteException: Unable to resolve the request "staff-applications". in /var/www/html/vendor/yiisoft/yii2/base/Module.php:564
Stack trace:
#0 /var/www/html/vendor/yiisoft/yii2/web/Application.php(103): yii\base\Module->runAction('staff-applicati...', Array)
#1 /var/www/html/vendor/yiisoft/yii2/base/Application.php(387): yii\web\Application->handleRequest(Object(yii\web\Request))
#2 /var/www/html/api/web/index.php(15): yii\base\Application->run()
#3 {main}

Next yii\web\NotFoundHttpException: Page not found. in /var/www/html/vendor/yiisoft/yii2/web/Application.php:115
Stack trace:
#0 /var/www/html/vendor/yiisoft/yii2/base/Application.php(387): yii\web\Application->handleRequest(Object(yii\web\Request))
#1 /var/www/html/api/web/index.php(15): yii\base\Application->run()
#2 {main}
2025-11-26 11:47:25 [172.21.0.1][-][-][info][application] $_GET = []

$_POST = []

$_FILES = []

$_COOKIE = []

$_SERVER = [
    'REDIRECT_STATUS' => '200'
    'HTTP_HOST' => 'localhost:8080'
    'HTTP_CONNECTION' => 'keep-alive'
    'HTTP_SEC_CH_UA_PLATFORM' => '\"Windows\"'
    'HTTP_USER_AGENT' => 'Mozilla/5.0 (Windows NT 10.0; Win64; x64) AppleWebKit/537.36 (KHTML, like Gecko) Chrome/142.0.0.0 Safari/537.36'
    'HTTP_SEC_CH_UA' => '\"Chromium\";v=\"142\", \"Google Chrome\";v=\"142\", \"Not_A Brand\";v=\"99\"'
    'CONTENT_TYPE' => 'application/json'
    'HTTP_SEC_CH_UA_MOBILE' => '?0'
    'HTTP_ACCEPT' => '*/*'
    'HTTP_ORIGIN' => 'http://localhost:3000'
    'HTTP_SEC_FETCH_SITE' => 'same-site'
    'HTTP_SEC_FETCH_MODE' => 'cors'
    'HTTP_SEC_FETCH_DEST' => 'empty'
    'HTTP_REFERER' => 'http://localhost:3000/'
    'HTTP_ACCEPT_ENCODING' => 'gzip, deflate, br, zstd'
    'HTTP_ACCEPT_LANGUAGE' => 'en-US,en;q=0.9'
    'PATH' => '/usr/local/sbin:/usr/local/bin:/usr/sbin:/usr/bin:/sbin:/bin'
    'SERVER_SIGNATURE' => '<address>Apache/2.4.65 (Debian) Server at localhost Port 8080</address>
'
    'SERVER_SOFTWARE' => 'Apache/2.4.65 (Debian)'
    'SERVER_NAME' => 'localhost'
    'SERVER_ADDR' => '172.21.0.4'
    'SERVER_PORT' => '8080'
    'REMOTE_ADDR' => '172.21.0.1'
    'DOCUMENT_ROOT' => '/var/www/html/api/web'
    'REQUEST_SCHEME' => 'http'
    'CONTEXT_PREFIX' => ''
    'CONTEXT_DOCUMENT_ROOT' => '/var/www/html/api/web'
    'SERVER_ADMIN' => '[no address given]'
    'SCRIPT_FILENAME' => '/var/www/html/api/web/index.php'
    'REMOTE_PORT' => '49870'
    'REDIRECT_URL' => '/staff-applications'
    'GATEWAY_INTERFACE' => 'CGI/1.1'
    'SERVER_PROTOCOL' => 'HTTP/1.1'
    'REQUEST_METHOD' => 'GET'
    'QUERY_STRING' => ''
    'REQUEST_URI' => '/staff-applications'
    'SCRIPT_NAME' => '/index.php'
    'PHP_SELF' => '/index.php'
    'REQUEST_TIME_FLOAT' => 1764157645.889
    'REQUEST_TIME' => 1764157645
    'argv' => []
    'argc' => 0
]
2025-11-26 11:47:26 [172.21.0.1][-][-][error][yii\web\HttpException:404] yii\base\InvalidRouteException: Unable to resolve the request "staff-applications". in /var/www/html/vendor/yiisoft/yii2/base/Module.php:564
Stack trace:
#0 /var/www/html/vendor/yiisoft/yii2/web/Application.php(103): yii\base\Module->runAction('staff-applicati...', Array)
#1 /var/www/html/vendor/yiisoft/yii2/base/Application.php(387): yii\web\Application->handleRequest(Object(yii\web\Request))
#2 /var/www/html/api/web/index.php(15): yii\base\Application->run()
#3 {main}

Next yii\web\NotFoundHttpException: Page not found. in /var/www/html/vendor/yiisoft/yii2/web/Application.php:115
Stack trace:
#0 /var/www/html/vendor/yiisoft/yii2/base/Application.php(387): yii\web\Application->handleRequest(Object(yii\web\Request))
#1 /var/www/html/api/web/index.php(15): yii\base\Application->run()
#2 {main}
2025-11-26 11:47:26 [172.21.0.1][-][-][info][application] $_GET = []

$_POST = []

$_FILES = []

$_COOKIE = []

$_SERVER = [
    'REDIRECT_STATUS' => '200'
    'HTTP_HOST' => 'localhost:8080'
    'HTTP_CONNECTION' => 'keep-alive'
    'HTTP_SEC_CH_UA_PLATFORM' => '\"Windows\"'
    'HTTP_USER_AGENT' => 'Mozilla/5.0 (Windows NT 10.0; Win64; x64) AppleWebKit/537.36 (KHTML, like Gecko) Chrome/142.0.0.0 Safari/537.36'
    'HTTP_SEC_CH_UA' => '\"Chromium\";v=\"142\", \"Google Chrome\";v=\"142\", \"Not_A Brand\";v=\"99\"'
    'CONTENT_TYPE' => 'application/json'
    'HTTP_SEC_CH_UA_MOBILE' => '?0'
    'HTTP_ACCEPT' => '*/*'
    'HTTP_ORIGIN' => 'http://localhost:3000'
    'HTTP_SEC_FETCH_SITE' => 'same-site'
    'HTTP_SEC_FETCH_MODE' => 'cors'
    'HTTP_SEC_FETCH_DEST' => 'empty'
    'HTTP_REFERER' => 'http://localhost:3000/'
    'HTTP_ACCEPT_ENCODING' => 'gzip, deflate, br, zstd'
    'HTTP_ACCEPT_LANGUAGE' => 'en-US,en;q=0.9'
    'PATH' => '/usr/local/sbin:/usr/local/bin:/usr/sbin:/usr/bin:/sbin:/bin'
    'SERVER_SIGNATURE' => '<address>Apache/2.4.65 (Debian) Server at localhost Port 8080</address>
'
    'SERVER_SOFTWARE' => 'Apache/2.4.65 (Debian)'
    'SERVER_NAME' => 'localhost'
    'SERVER_ADDR' => '172.21.0.4'
    'SERVER_PORT' => '8080'
    'REMOTE_ADDR' => '172.21.0.1'
    'DOCUMENT_ROOT' => '/var/www/html/api/web'
    'REQUEST_SCHEME' => 'http'
    'CONTEXT_PREFIX' => ''
    'CONTEXT_DOCUMENT_ROOT' => '/var/www/html/api/web'
    'SERVER_ADMIN' => '[no address given]'
    'SCRIPT_FILENAME' => '/var/www/html/api/web/index.php'
    'REMOTE_PORT' => '49870'
    'REDIRECT_URL' => '/staff-applications'
    'GATEWAY_INTERFACE' => 'CGI/1.1'
    'SERVER_PROTOCOL' => 'HTTP/1.1'
    'REQUEST_METHOD' => 'GET'
    'QUERY_STRING' => ''
    'REQUEST_URI' => '/staff-applications'
    'SCRIPT_NAME' => '/index.php'
    'PHP_SELF' => '/index.php'
    'REQUEST_TIME_FLOAT' => 1764157646.2915
    'REQUEST_TIME' => 1764157646
    'argv' => []
    'argc' => 0
]
2025-11-26 11:47:26 [172.21.0.1][-][-][error][yii\web\HttpException:404] yii\base\InvalidRouteException: Unable to resolve the request "staff-applications". in /var/www/html/vendor/yiisoft/yii2/base/Module.php:564
Stack trace:
#0 /var/www/html/vendor/yiisoft/yii2/web/Application.php(103): yii\base\Module->runAction('staff-applicati...', Array)
#1 /var/www/html/vendor/yiisoft/yii2/base/Application.php(387): yii\web\Application->handleRequest(Object(yii\web\Request))
#2 /var/www/html/api/web/index.php(15): yii\base\Application->run()
#3 {main}

Next yii\web\NotFoundHttpException: Page not found. in /var/www/html/vendor/yiisoft/yii2/web/Application.php:115
Stack trace:
#0 /var/www/html/vendor/yiisoft/yii2/base/Application.php(387): yii\web\Application->handleRequest(Object(yii\web\Request))
#1 /var/www/html/api/web/index.php(15): yii\base\Application->run()
#2 {main}
2025-11-26 11:47:26 [172.21.0.1][-][-][info][application] $_GET = []

$_POST = []

$_FILES = []

$_COOKIE = []

$_SERVER = [
    'REDIRECT_STATUS' => '200'
    'HTTP_HOST' => 'localhost:8080'
    'HTTP_CONNECTION' => 'keep-alive'
    'HTTP_SEC_CH_UA_PLATFORM' => '\"Windows\"'
    'HTTP_USER_AGENT' => 'Mozilla/5.0 (Windows NT 10.0; Win64; x64) AppleWebKit/537.36 (KHTML, like Gecko) Chrome/142.0.0.0 Safari/537.36'
    'HTTP_SEC_CH_UA' => '\"Chromium\";v=\"142\", \"Google Chrome\";v=\"142\", \"Not_A Brand\";v=\"99\"'
    'CONTENT_TYPE' => 'application/json'
    'HTTP_SEC_CH_UA_MOBILE' => '?0'
    'HTTP_ACCEPT' => '*/*'
    'HTTP_ORIGIN' => 'http://localhost:3000'
    'HTTP_SEC_FETCH_SITE' => 'same-site'
    'HTTP_SEC_FETCH_MODE' => 'cors'
    'HTTP_SEC_FETCH_DEST' => 'empty'
    'HTTP_REFERER' => 'http://localhost:3000/'
    'HTTP_ACCEPT_ENCODING' => 'gzip, deflate, br, zstd'
    'HTTP_ACCEPT_LANGUAGE' => 'en-US,en;q=0.9'
    'PATH' => '/usr/local/sbin:/usr/local/bin:/usr/sbin:/usr/bin:/sbin:/bin'
    'SERVER_SIGNATURE' => '<address>Apache/2.4.65 (Debian) Server at localhost Port 8080</address>
'
    'SERVER_SOFTWARE' => 'Apache/2.4.65 (Debian)'
    'SERVER_NAME' => 'localhost'
    'SERVER_ADDR' => '172.21.0.4'
    'SERVER_PORT' => '8080'
    'REMOTE_ADDR' => '172.21.0.1'
    'DOCUMENT_ROOT' => '/var/www/html/api/web'
    'REQUEST_SCHEME' => 'http'
    'CONTEXT_PREFIX' => ''
    'CONTEXT_DOCUMENT_ROOT' => '/var/www/html/api/web'
    'SERVER_ADMIN' => '[no address given]'
    'SCRIPT_FILENAME' => '/var/www/html/api/web/index.php'
    'REMOTE_PORT' => '49870'
    'REDIRECT_URL' => '/staff-applications'
    'GATEWAY_INTERFACE' => 'CGI/1.1'
    'SERVER_PROTOCOL' => 'HTTP/1.1'
    'REQUEST_METHOD' => 'GET'
    'QUERY_STRING' => ''
    'REQUEST_URI' => '/staff-applications'
    'SCRIPT_NAME' => '/index.php'
    'PHP_SELF' => '/index.php'
    'REQUEST_TIME_FLOAT' => 1764157646.2915
    'REQUEST_TIME' => 1764157646
    'argv' => []
    'argc' => 0
]
2025-11-26 11:48:41 [172.21.0.1][-][-][error][yii\web\HttpException:404] yii\base\InvalidRouteException: Unable to resolve the request "staff-applications". in /var/www/html/vendor/yiisoft/yii2/base/Module.php:564
Stack trace:
#0 /var/www/html/vendor/yiisoft/yii2/web/Application.php(103): yii\base\Module->runAction('staff-applicati...', Array)
#1 /var/www/html/vendor/yiisoft/yii2/base/Application.php(387): yii\web\Application->handleRequest(Object(yii\web\Request))
#2 /var/www/html/api/web/index.php(15): yii\base\Application->run()
#3 {main}

Next yii\web\NotFoundHttpException: Page not found. in /var/www/html/vendor/yiisoft/yii2/web/Application.php:115
Stack trace:
#0 /var/www/html/vendor/yiisoft/yii2/base/Application.php(387): yii\web\Application->handleRequest(Object(yii\web\Request))
#1 /var/www/html/api/web/index.php(15): yii\base\Application->run()
#2 {main}
2025-11-26 11:48:41 [172.21.0.1][-][-][info][application] $_GET = []

$_POST = []

$_FILES = []

$_COOKIE = []

$_SERVER = [
    'REDIRECT_STATUS' => '200'
    'HTTP_USER_AGENT' => 'Mozilla/5.0 (Windows NT; Windows NT 10.0; en-US) WindowsPowerShell/5.1.26100.7019'
    'HTTP_HOST' => 'localhost:8080'
    'HTTP_CONNECTION' => 'Keep-Alive'
    'PATH' => '/usr/local/sbin:/usr/local/bin:/usr/sbin:/usr/bin:/sbin:/bin'
    'SERVER_SIGNATURE' => '<address>Apache/2.4.65 (Debian) Server at localhost Port 8080</address>
'
    'SERVER_SOFTWARE' => 'Apache/2.4.65 (Debian)'
    'SERVER_NAME' => 'localhost'
    'SERVER_ADDR' => '172.21.0.4'
    'SERVER_PORT' => '8080'
    'REMOTE_ADDR' => '172.21.0.1'
    'DOCUMENT_ROOT' => '/var/www/html/api/web'
    'REQUEST_SCHEME' => 'http'
    'CONTEXT_PREFIX' => ''
    'CONTEXT_DOCUMENT_ROOT' => '/var/www/html/api/web'
    'SERVER_ADMIN' => '[no address given]'
    'SCRIPT_FILENAME' => '/var/www/html/api/web/index.php'
    'REMOTE_PORT' => '50152'
    'REDIRECT_URL' => '/staff-applications'
    'GATEWAY_INTERFACE' => 'CGI/1.1'
    'SERVER_PROTOCOL' => 'HTTP/1.1'
    'REQUEST_METHOD' => 'GET'
    'QUERY_STRING' => ''
    'REQUEST_URI' => '/staff-applications'
    'SCRIPT_NAME' => '/index.php'
    'PHP_SELF' => '/index.php'
    'REQUEST_TIME_FLOAT' => 1764157720.8263
    'REQUEST_TIME' => 1764157720
    'argv' => []
    'argc' => 0
]
2025-11-26 11:48:41 [172.21.0.1][-][-][error][yii\web\HttpException:404] yii\base\InvalidRouteException: Unable to resolve the request "staff-applications". in /var/www/html/vendor/yiisoft/yii2/base/Module.php:564
Stack trace:
#0 /var/www/html/vendor/yiisoft/yii2/web/Application.php(103): yii\base\Module->runAction('staff-applicati...', Array)
#1 /var/www/html/vendor/yiisoft/yii2/base/Application.php(387): yii\web\Application->handleRequest(Object(yii\web\Request))
#2 /var/www/html/api/web/index.php(15): yii\base\Application->run()
#3 {main}

Next yii\web\NotFoundHttpException: Page not found. in /var/www/html/vendor/yiisoft/yii2/web/Application.php:115
Stack trace:
#0 /var/www/html/vendor/yiisoft/yii2/base/Application.php(387): yii\web\Application->handleRequest(Object(yii\web\Request))
#1 /var/www/html/api/web/index.php(15): yii\base\Application->run()
#2 {main}
2025-11-26 11:48:41 [172.21.0.1][-][-][info][application] $_GET = []

$_POST = []

$_FILES = []

$_COOKIE = []

$_SERVER = [
    'REDIRECT_STATUS' => '200'
    'HTTP_USER_AGENT' => 'Mozilla/5.0 (Windows NT; Windows NT 10.0; en-US) WindowsPowerShell/5.1.26100.7019'
    'HTTP_HOST' => 'localhost:8080'
    'HTTP_CONNECTION' => 'Keep-Alive'
    'PATH' => '/usr/local/sbin:/usr/local/bin:/usr/sbin:/usr/bin:/sbin:/bin'
    'SERVER_SIGNATURE' => '<address>Apache/2.4.65 (Debian) Server at localhost Port 8080</address>
'
    'SERVER_SOFTWARE' => 'Apache/2.4.65 (Debian)'
    'SERVER_NAME' => 'localhost'
    'SERVER_ADDR' => '172.21.0.4'
    'SERVER_PORT' => '8080'
    'REMOTE_ADDR' => '172.21.0.1'
    'DOCUMENT_ROOT' => '/var/www/html/api/web'
    'REQUEST_SCHEME' => 'http'
    'CONTEXT_PREFIX' => ''
    'CONTEXT_DOCUMENT_ROOT' => '/var/www/html/api/web'
    'SERVER_ADMIN' => '[no address given]'
    'SCRIPT_FILENAME' => '/var/www/html/api/web/index.php'
    'REMOTE_PORT' => '50152'
    'REDIRECT_URL' => '/staff-applications'
    'GATEWAY_INTERFACE' => 'CGI/1.1'
    'SERVER_PROTOCOL' => 'HTTP/1.1'
    'REQUEST_METHOD' => 'GET'
    'QUERY_STRING' => ''
    'REQUEST_URI' => '/staff-applications'
    'SCRIPT_NAME' => '/index.php'
    'PHP_SELF' => '/index.php'
    'REQUEST_TIME_FLOAT' => 1764157720.8263
    'REQUEST_TIME' => 1764157720
    'argv' => []
    'argc' => 0
]
2025-11-26 12:25:01 [172.21.0.1][1][-][error][yii\base\UnknownPropertyException] yii\base\UnknownPropertyException: Getting unknown property: common\models\Assignment::staff_id in /var/www/html/vendor/yiisoft/yii2/base/Component.php:154
Stack trace:
#0 /var/www/html/vendor/yiisoft/yii2/db/BaseActiveRecord.php(296): yii\base\Component->__get('staff_id')
#1 /var/www/html/vendor/yiisoft/yii2/validators/Validator.php(257): yii\db\BaseActiveRecord->__get('staff_id')
#2 /var/www/html/vendor/yiisoft/yii2/base/Model.php(389): yii\validators\Validator->validateAttributes(Object(common\models\Assignment), Array)
#3 /var/www/html/vendor/yiisoft/yii2/db/ActiveRecord.php(570): yii\base\Model->validate(Array)
#4 /var/www/html/vendor/yiisoft/yii2/db/BaseActiveRecord.php(688): yii\db\ActiveRecord->insert(true, NULL)
#5 /var/www/html/vendor/yiisoft/yii2/rest/CreateAction.php(52): yii\db\BaseActiveRecord->save()
#6 [internal function]: yii\rest\CreateAction->run()
#7 /var/www/html/vendor/yiisoft/yii2/base/Action.php(102): call_user_func_array(Array, Array)
#8 /var/www/html/vendor/yiisoft/yii2/base/Controller.php(184): yii\base\Action->runWithParams(Array)
#9 /var/www/html/vendor/yiisoft/yii2/base/Module.php(555): yii\base\Controller->runAction('create', Array)
#10 /var/www/html/vendor/yiisoft/yii2/web/Application.php(103): yii\base\Module->runAction('assignment/crea...', Array)
#11 /var/www/html/vendor/yiisoft/yii2/base/Application.php(387): yii\web\Application->handleRequest(Object(yii\web\Request))
#12 /var/www/html/api/web/index.php(15): yii\base\Application->run()
#13 {main}
2025-11-26 12:25:00 [172.21.0.1][1][-][info][application] $_GET = []

$_POST = []

$_FILES = []

$_COOKIE = []

$_SERVER = [
    'REDIRECT_STATUS' => '200'
    'HTTP_HOST' => 'localhost:8080'
    'HTTP_CONNECTION' => 'keep-alive'
    'CONTENT_LENGTH' => '130'
    'HTTP_SEC_CH_UA_PLATFORM' => '\"Windows\"'
    'HTTP_USER_AGENT' => 'Mozilla/5.0 (Windows NT 10.0; Win64; x64) AppleWebKit/537.36 (KHTML, like Gecko) Chrome/142.0.0.0 Safari/537.36'
    'HTTP_SEC_CH_UA' => '\"Chromium\";v=\"142\", \"Google Chrome\";v=\"142\", \"Not_A Brand\";v=\"99\"'
    'CONTENT_TYPE' => 'application/json'
    'HTTP_SEC_CH_UA_MOBILE' => '?0'
    'HTTP_ACCEPT' => '*/*'
    'HTTP_ORIGIN' => 'http://localhost:3000'
    'HTTP_SEC_FETCH_SITE' => 'same-site'
    'HTTP_SEC_FETCH_MODE' => 'cors'
    'HTTP_SEC_FETCH_DEST' => 'empty'
    'HTTP_REFERER' => 'http://localhost:3000/'
    'HTTP_ACCEPT_ENCODING' => 'gzip, deflate, br, zstd'
    'HTTP_ACCEPT_LANGUAGE' => 'en-US,en;q=0.9'
    'PATH' => '/usr/local/sbin:/usr/local/bin:/usr/sbin:/usr/bin:/sbin:/bin'
    'SERVER_SIGNATURE' => '<address>Apache/2.4.65 (Debian) Server at localhost Port 8080</address>
'
    'SERVER_SOFTWARE' => 'Apache/2.4.65 (Debian)'
    'SERVER_NAME' => 'localhost'
    'SERVER_ADDR' => '172.21.0.4'
    'SERVER_PORT' => '8080'
    'REMOTE_ADDR' => '172.21.0.1'
    'DOCUMENT_ROOT' => '/var/www/html/api/web'
    'REQUEST_SCHEME' => 'http'
    'CONTEXT_PREFIX' => ''
    'CONTEXT_DOCUMENT_ROOT' => '/var/www/html/api/web'
    'SERVER_ADMIN' => '[no address given]'
    'SCRIPT_FILENAME' => '/var/www/html/api/web/index.php'
    'REMOTE_PORT' => '57498'
    'REDIRECT_URL' => '/assignments'
    'GATEWAY_INTERFACE' => 'CGI/1.1'
    'SERVER_PROTOCOL' => 'HTTP/1.1'
    'REQUEST_METHOD' => 'POST'
    'QUERY_STRING' => ''
    'REQUEST_URI' => '/assignments'
    'SCRIPT_NAME' => '/index.php'
    'PHP_SELF' => '/index.php'
    'REQUEST_TIME_FLOAT' => 1764159900.9128
    'REQUEST_TIME' => 1764159900
    'argv' => []
    'argc' => 0
]
2025-11-26 12:25:01 [172.21.0.1][1][-][error][yii\base\UnknownPropertyException] yii\base\UnknownPropertyException: Getting unknown property: common\models\Assignment::staff_id in /var/www/html/vendor/yiisoft/yii2/base/Component.php:154
Stack trace:
#0 /var/www/html/vendor/yiisoft/yii2/db/BaseActiveRecord.php(296): yii\base\Component->__get('staff_id')
#1 /var/www/html/vendor/yiisoft/yii2/validators/Validator.php(257): yii\db\BaseActiveRecord->__get('staff_id')
#2 /var/www/html/vendor/yiisoft/yii2/base/Model.php(389): yii\validators\Validator->validateAttributes(Object(common\models\Assignment), Array)
#3 /var/www/html/vendor/yiisoft/yii2/db/ActiveRecord.php(570): yii\base\Model->validate(Array)
#4 /var/www/html/vendor/yiisoft/yii2/db/BaseActiveRecord.php(688): yii\db\ActiveRecord->insert(true, NULL)
#5 /var/www/html/vendor/yiisoft/yii2/rest/CreateAction.php(52): yii\db\BaseActiveRecord->save()
#6 [internal function]: yii\rest\CreateAction->run()
#7 /var/www/html/vendor/yiisoft/yii2/base/Action.php(102): call_user_func_array(Array, Array)
#8 /var/www/html/vendor/yiisoft/yii2/base/Controller.php(184): yii\base\Action->runWithParams(Array)
#9 /var/www/html/vendor/yiisoft/yii2/base/Module.php(555): yii\base\Controller->runAction('create', Array)
#10 /var/www/html/vendor/yiisoft/yii2/web/Application.php(103): yii\base\Module->runAction('assignment/crea...', Array)
#11 /var/www/html/vendor/yiisoft/yii2/base/Application.php(387): yii\web\Application->handleRequest(Object(yii\web\Request))
#12 /var/www/html/api/web/index.php(15): yii\base\Application->run()
#13 {main}
2025-11-26 12:25:00 [172.21.0.1][1][-][info][application] $_GET = []

$_POST = []

$_FILES = []

$_COOKIE = []

$_SERVER = [
    'REDIRECT_STATUS' => '200'
    'HTTP_HOST' => 'localhost:8080'
    'HTTP_CONNECTION' => 'keep-alive'
    'CONTENT_LENGTH' => '130'
    'HTTP_SEC_CH_UA_PLATFORM' => '\"Windows\"'
    'HTTP_USER_AGENT' => 'Mozilla/5.0 (Windows NT 10.0; Win64; x64) AppleWebKit/537.36 (KHTML, like Gecko) Chrome/142.0.0.0 Safari/537.36'
    'HTTP_SEC_CH_UA' => '\"Chromium\";v=\"142\", \"Google Chrome\";v=\"142\", \"Not_A Brand\";v=\"99\"'
    'CONTENT_TYPE' => 'application/json'
    'HTTP_SEC_CH_UA_MOBILE' => '?0'
    'HTTP_ACCEPT' => '*/*'
    'HTTP_ORIGIN' => 'http://localhost:3000'
    'HTTP_SEC_FETCH_SITE' => 'same-site'
    'HTTP_SEC_FETCH_MODE' => 'cors'
    'HTTP_SEC_FETCH_DEST' => 'empty'
    'HTTP_REFERER' => 'http://localhost:3000/'
    'HTTP_ACCEPT_ENCODING' => 'gzip, deflate, br, zstd'
    'HTTP_ACCEPT_LANGUAGE' => 'en-US,en;q=0.9'
    'PATH' => '/usr/local/sbin:/usr/local/bin:/usr/sbin:/usr/bin:/sbin:/bin'
    'SERVER_SIGNATURE' => '<address>Apache/2.4.65 (Debian) Server at localhost Port 8080</address>
'
    'SERVER_SOFTWARE' => 'Apache/2.4.65 (Debian)'
    'SERVER_NAME' => 'localhost'
    'SERVER_ADDR' => '172.21.0.4'
    'SERVER_PORT' => '8080'
    'REMOTE_ADDR' => '172.21.0.1'
    'DOCUMENT_ROOT' => '/var/www/html/api/web'
    'REQUEST_SCHEME' => 'http'
    'CONTEXT_PREFIX' => ''
    'CONTEXT_DOCUMENT_ROOT' => '/var/www/html/api/web'
    'SERVER_ADMIN' => '[no address given]'
    'SCRIPT_FILENAME' => '/var/www/html/api/web/index.php'
    'REMOTE_PORT' => '57498'
    'REDIRECT_URL' => '/assignments'
    'GATEWAY_INTERFACE' => 'CGI/1.1'
    'SERVER_PROTOCOL' => 'HTTP/1.1'
    'REQUEST_METHOD' => 'POST'
    'QUERY_STRING' => ''
    'REQUEST_URI' => '/assignments'
    'SCRIPT_NAME' => '/index.php'
    'PHP_SELF' => '/index.php'
    'REQUEST_TIME_FLOAT' => 1764159900.9128
    'REQUEST_TIME' => 1764159900
    'argv' => []
    'argc' => 0
]
2025-11-26 13:47:15 [172.21.0.1][-][-][error][yii\web\HttpException:404] yii\base\InvalidRouteException: Unable to resolve the request "assignments/check-in". in /var/www/html/vendor/yiisoft/yii2/base/Module.php:564
Stack trace:
#0 /var/www/html/vendor/yiisoft/yii2/web/Application.php(103): yii\base\Module->runAction('assignments/che...', Array)
#1 /var/www/html/vendor/yiisoft/yii2/base/Application.php(387): yii\web\Application->handleRequest(Object(yii\web\Request))
#2 /var/www/html/api/web/index.php(15): yii\base\Application->run()
#3 {main}

Next yii\web\NotFoundHttpException: Page not found. in /var/www/html/vendor/yiisoft/yii2/web/Application.php:115
Stack trace:
#0 /var/www/html/vendor/yiisoft/yii2/base/Application.php(387): yii\web\Application->handleRequest(Object(yii\web\Request))
#1 /var/www/html/api/web/index.php(15): yii\base\Application->run()
#2 {main}
2025-11-26 13:47:15 [172.21.0.1][-][-][info][application] $_GET = [
    'id' => '1'
]

$_POST = []

$_FILES = []

$_COOKIE = []

$_SERVER = [
    'REDIRECT_STATUS' => '200'
    'HTTP_HOST' => 'localhost:8080'
    'HTTP_CONNECTION' => 'keep-alive'
    'CONTENT_LENGTH' => '0'
    'HTTP_SEC_CH_UA_PLATFORM' => '\"Windows\"'
    'HTTP_USER_AGENT' => 'Mozilla/5.0 (Windows NT 10.0; Win64; x64) AppleWebKit/537.36 (KHTML, like Gecko) Chrome/142.0.0.0 Safari/537.36'
    'HTTP_SEC_CH_UA' => '\"Chromium\";v=\"142\", \"Google Chrome\";v=\"142\", \"Not_A Brand\";v=\"99\"'
    'CONTENT_TYPE' => 'application/json'
    'HTTP_SEC_CH_UA_MOBILE' => '?0'
    'HTTP_ACCEPT' => '*/*'
    'HTTP_ORIGIN' => 'http://localhost:3000'
    'HTTP_SEC_FETCH_SITE' => 'same-site'
    'HTTP_SEC_FETCH_MODE' => 'cors'
    'HTTP_SEC_FETCH_DEST' => 'empty'
    'HTTP_REFERER' => 'http://localhost:3000/'
    'HTTP_ACCEPT_ENCODING' => 'gzip, deflate, br, zstd'
    'HTTP_ACCEPT_LANGUAGE' => 'en-US,en;q=0.9'
    'PATH' => '/usr/local/sbin:/usr/local/bin:/usr/sbin:/usr/bin:/sbin:/bin'
    'SERVER_SIGNATURE' => '<address>Apache/2.4.65 (Debian) Server at localhost Port 8080</address>
'
    'SERVER_SOFTWARE' => 'Apache/2.4.65 (Debian)'
    'SERVER_NAME' => 'localhost'
    'SERVER_ADDR' => '172.21.0.4'
    'SERVER_PORT' => '8080'
    'REMOTE_ADDR' => '172.21.0.1'
    'DOCUMENT_ROOT' => '/var/www/html/api/web'
    'REQUEST_SCHEME' => 'http'
    'CONTEXT_PREFIX' => ''
    'CONTEXT_DOCUMENT_ROOT' => '/var/www/html/api/web'
    'SERVER_ADMIN' => '[no address given]'
    'SCRIPT_FILENAME' => '/var/www/html/api/web/index.php'
    'REMOTE_PORT' => '44762'
    'REDIRECT_URL' => '/assignments/check-in'
    'REDIRECT_QUERY_STRING' => 'id=1'
    'GATEWAY_INTERFACE' => 'CGI/1.1'
    'SERVER_PROTOCOL' => 'HTTP/1.1'
    'REQUEST_METHOD' => 'POST'
    'QUERY_STRING' => 'id=1'
    'REQUEST_URI' => '/assignments/check-in?id=1'
    'SCRIPT_NAME' => '/index.php'
    'PHP_SELF' => '/index.php'
    'REQUEST_TIME_FLOAT' => 1764164835.8967
    'REQUEST_TIME' => 1764164835
    'argv' => [
        0 => 'id=1'
    ]
    'argc' => 1
]
2025-11-26 13:47:15 [172.21.0.1][-][-][error][yii\web\HttpException:404] yii\base\InvalidRouteException: Unable to resolve the request "assignments/check-in". in /var/www/html/vendor/yiisoft/yii2/base/Module.php:564
Stack trace:
#0 /var/www/html/vendor/yiisoft/yii2/web/Application.php(103): yii\base\Module->runAction('assignments/che...', Array)
#1 /var/www/html/vendor/yiisoft/yii2/base/Application.php(387): yii\web\Application->handleRequest(Object(yii\web\Request))
#2 /var/www/html/api/web/index.php(15): yii\base\Application->run()
#3 {main}

Next yii\web\NotFoundHttpException: Page not found. in /var/www/html/vendor/yiisoft/yii2/web/Application.php:115
Stack trace:
#0 /var/www/html/vendor/yiisoft/yii2/base/Application.php(387): yii\web\Application->handleRequest(Object(yii\web\Request))
#1 /var/www/html/api/web/index.php(15): yii\base\Application->run()
#2 {main}
2025-11-26 13:47:15 [172.21.0.1][-][-][info][application] $_GET = [
    'id' => '1'
]

$_POST = []

$_FILES = []

$_COOKIE = []

$_SERVER = [
    'REDIRECT_STATUS' => '200'
    'HTTP_HOST' => 'localhost:8080'
    'HTTP_CONNECTION' => 'keep-alive'
    'CONTENT_LENGTH' => '0'
    'HTTP_SEC_CH_UA_PLATFORM' => '\"Windows\"'
    'HTTP_USER_AGENT' => 'Mozilla/5.0 (Windows NT 10.0; Win64; x64) AppleWebKit/537.36 (KHTML, like Gecko) Chrome/142.0.0.0 Safari/537.36'
    'HTTP_SEC_CH_UA' => '\"Chromium\";v=\"142\", \"Google Chrome\";v=\"142\", \"Not_A Brand\";v=\"99\"'
    'CONTENT_TYPE' => 'application/json'
    'HTTP_SEC_CH_UA_MOBILE' => '?0'
    'HTTP_ACCEPT' => '*/*'
    'HTTP_ORIGIN' => 'http://localhost:3000'
    'HTTP_SEC_FETCH_SITE' => 'same-site'
    'HTTP_SEC_FETCH_MODE' => 'cors'
    'HTTP_SEC_FETCH_DEST' => 'empty'
    'HTTP_REFERER' => 'http://localhost:3000/'
    'HTTP_ACCEPT_ENCODING' => 'gzip, deflate, br, zstd'
    'HTTP_ACCEPT_LANGUAGE' => 'en-US,en;q=0.9'
    'PATH' => '/usr/local/sbin:/usr/local/bin:/usr/sbin:/usr/bin:/sbin:/bin'
    'SERVER_SIGNATURE' => '<address>Apache/2.4.65 (Debian) Server at localhost Port 8080</address>
'
    'SERVER_SOFTWARE' => 'Apache/2.4.65 (Debian)'
    'SERVER_NAME' => 'localhost'
    'SERVER_ADDR' => '172.21.0.4'
    'SERVER_PORT' => '8080'
    'REMOTE_ADDR' => '172.21.0.1'
    'DOCUMENT_ROOT' => '/var/www/html/api/web'
    'REQUEST_SCHEME' => 'http'
    'CONTEXT_PREFIX' => ''
    'CONTEXT_DOCUMENT_ROOT' => '/var/www/html/api/web'
    'SERVER_ADMIN' => '[no address given]'
    'SCRIPT_FILENAME' => '/var/www/html/api/web/index.php'
    'REMOTE_PORT' => '44762'
    'REDIRECT_URL' => '/assignments/check-in'
    'REDIRECT_QUERY_STRING' => 'id=1'
    'GATEWAY_INTERFACE' => 'CGI/1.1'
    'SERVER_PROTOCOL' => 'HTTP/1.1'
    'REQUEST_METHOD' => 'POST'
    'QUERY_STRING' => 'id=1'
    'REQUEST_URI' => '/assignments/check-in?id=1'
    'SCRIPT_NAME' => '/index.php'
    'PHP_SELF' => '/index.php'
    'REQUEST_TIME_FLOAT' => 1764164835.8967
    'REQUEST_TIME' => 1764164835
    'argv' => [
        0 => 'id=1'
    ]
    'argc' => 1
]
2025-11-26 13:53:47 [172.21.0.1][-][-][error][yii\web\HttpException:404] yii\base\InvalidRouteException: Unable to resolve the request: site/ in /var/www/html/vendor/yiisoft/yii2/base/Controller.php:155
Stack trace:
#0 /var/www/html/vendor/yiisoft/yii2/base/Module.php(555): yii\base\Controller->runAction('', Array)
#1 /var/www/html/vendor/yiisoft/yii2/web/Application.php(103): yii\base\Module->runAction('', Array)
#2 /var/www/html/vendor/yiisoft/yii2/base/Application.php(387): yii\web\Application->handleRequest(Object(yii\web\Request))
#3 /var/www/html/api/web/index.php(15): yii\base\Application->run()
#4 {main}

Next yii\web\NotFoundHttpException: Page not found. in /var/www/html/vendor/yiisoft/yii2/web/Application.php:115
Stack trace:
#0 /var/www/html/vendor/yiisoft/yii2/base/Application.php(387): yii\web\Application->handleRequest(Object(yii\web\Request))
#1 /var/www/html/api/web/index.php(15): yii\base\Application->run()
#2 {main}
2025-11-26 13:53:47 [172.21.0.1][-][-][info][application] $_GET = []

$_POST = []

$_FILES = []

$_COOKIE = [
    '_identity' => 'c9d587cb0271a088ea197add5e42d86406c7b25fbdd162324ebf2087c39fba2ea:2:{i:0;s:9:\"_identity\";i:1;s:46:\"[1,\"ZTvuKPCaORTycV__A6yDLz26H2TIxu2t\",2592000]\";}'
    'pma_lang' => 'en'
    'phpMyAdmin' => '110d539339a2258037bef088aab1fe26'
]

$_SERVER = [
    'HTTP_HOST' => 'localhost:8080'
    'HTTP_CONNECTION' => 'keep-alive'
    'HTTP_CACHE_CONTROL' => 'max-age=0'
    'HTTP_SEC_CH_UA' => '\"Chromium\";v=\"142\", \"Google Chrome\";v=\"142\", \"Not_A Brand\";v=\"99\"'
    'HTTP_SEC_CH_UA_MOBILE' => '?0'
    'HTTP_SEC_CH_UA_PLATFORM' => '\"Windows\"'
    'HTTP_UPGRADE_INSECURE_REQUESTS' => '1'
    'HTTP_USER_AGENT' => 'Mozilla/5.0 (Windows NT 10.0; Win64; x64) AppleWebKit/537.36 (KHTML, like Gecko) Chrome/142.0.0.0 Safari/537.36'
    'HTTP_ACCEPT' => 'text/html,application/xhtml+xml,application/xml;q=0.9,image/avif,image/webp,image/apng,*/*;q=0.8,application/signed-exchange;v=b3;q=0.7'
    'HTTP_SEC_FETCH_SITE' => 'none'
    'HTTP_SEC_FETCH_MODE' => 'navigate'
    'HTTP_SEC_FETCH_USER' => '?1'
    'HTTP_SEC_FETCH_DEST' => 'document'
    'HTTP_ACCEPT_ENCODING' => 'gzip, deflate, br, zstd'
    'HTTP_ACCEPT_LANGUAGE' => 'en-US,en;q=0.9'
    'HTTP_COOKIE' => '_identity=c9d587cb0271a088ea197add5e42d86406c7b25fbdd162324ebf2087c39fba2ea%3A2%3A%7Bi%3A0%3Bs%3A9%3A%22_identity%22%3Bi%3A1%3Bs%3A46%3A%22%5B1%2C%22ZTvuKPCaORTycV__A6yDLz26H2TIxu2t%22%2C2592000%5D%22%3B%7D; pma_lang=en; phpMyAdmin=110d539339a2258037bef088aab1fe26'
    'PATH' => '/usr/local/sbin:/usr/local/bin:/usr/sbin:/usr/bin:/sbin:/bin'
    'SERVER_SIGNATURE' => '<address>Apache/2.4.65 (Debian) Server at localhost Port 8080</address>
'
    'SERVER_SOFTWARE' => 'Apache/2.4.65 (Debian)'
    'SERVER_NAME' => 'localhost'
    'SERVER_ADDR' => '172.21.0.4'
    'SERVER_PORT' => '8080'
    'REMOTE_ADDR' => '172.21.0.1'
    'DOCUMENT_ROOT' => '/var/www/html/api/web'
    'REQUEST_SCHEME' => 'http'
    'CONTEXT_PREFIX' => ''
    'CONTEXT_DOCUMENT_ROOT' => '/var/www/html/api/web'
    'SERVER_ADMIN' => '[no address given]'
    'SCRIPT_FILENAME' => '/var/www/html/api/web/index.php'
    'REMOTE_PORT' => '41544'
    'GATEWAY_INTERFACE' => 'CGI/1.1'
    'SERVER_PROTOCOL' => 'HTTP/1.1'
    'REQUEST_METHOD' => 'GET'
    'QUERY_STRING' => ''
    'REQUEST_URI' => '/'
    'SCRIPT_NAME' => '/index.php'
    'PHP_SELF' => '/index.php'
    'REQUEST_TIME_FLOAT' => 1764165227.1392
    'REQUEST_TIME' => 1764165227
    'argv' => []
    'argc' => 0
]
2025-11-26 13:53:47 [172.21.0.1][-][-][error][yii\web\HttpException:404] yii\base\InvalidRouteException: Unable to resolve the request: site/ in /var/www/html/vendor/yiisoft/yii2/base/Controller.php:155
Stack trace:
#0 /var/www/html/vendor/yiisoft/yii2/base/Module.php(555): yii\base\Controller->runAction('', Array)
#1 /var/www/html/vendor/yiisoft/yii2/web/Application.php(103): yii\base\Module->runAction('', Array)
#2 /var/www/html/vendor/yiisoft/yii2/base/Application.php(387): yii\web\Application->handleRequest(Object(yii\web\Request))
#3 /var/www/html/api/web/index.php(15): yii\base\Application->run()
#4 {main}

Next yii\web\NotFoundHttpException: Page not found. in /var/www/html/vendor/yiisoft/yii2/web/Application.php:115
Stack trace:
#0 /var/www/html/vendor/yiisoft/yii2/base/Application.php(387): yii\web\Application->handleRequest(Object(yii\web\Request))
#1 /var/www/html/api/web/index.php(15): yii\base\Application->run()
#2 {main}
2025-11-26 13:53:47 [172.21.0.1][-][-][info][application] $_GET = []

$_POST = []

$_FILES = []

$_COOKIE = [
    '_identity' => 'c9d587cb0271a088ea197add5e42d86406c7b25fbdd162324ebf2087c39fba2ea:2:{i:0;s:9:\"_identity\";i:1;s:46:\"[1,\"ZTvuKPCaORTycV__A6yDLz26H2TIxu2t\",2592000]\";}'
    'pma_lang' => 'en'
    'phpMyAdmin' => '110d539339a2258037bef088aab1fe26'
]

$_SERVER = [
    'HTTP_HOST' => 'localhost:8080'
    'HTTP_CONNECTION' => 'keep-alive'
    'HTTP_CACHE_CONTROL' => 'max-age=0'
    'HTTP_SEC_CH_UA' => '\"Chromium\";v=\"142\", \"Google Chrome\";v=\"142\", \"Not_A Brand\";v=\"99\"'
    'HTTP_SEC_CH_UA_MOBILE' => '?0'
    'HTTP_SEC_CH_UA_PLATFORM' => '\"Windows\"'
    'HTTP_UPGRADE_INSECURE_REQUESTS' => '1'
    'HTTP_USER_AGENT' => 'Mozilla/5.0 (Windows NT 10.0; Win64; x64) AppleWebKit/537.36 (KHTML, like Gecko) Chrome/142.0.0.0 Safari/537.36'
    'HTTP_ACCEPT' => 'text/html,application/xhtml+xml,application/xml;q=0.9,image/avif,image/webp,image/apng,*/*;q=0.8,application/signed-exchange;v=b3;q=0.7'
    'HTTP_SEC_FETCH_SITE' => 'none'
    'HTTP_SEC_FETCH_MODE' => 'navigate'
    'HTTP_SEC_FETCH_USER' => '?1'
    'HTTP_SEC_FETCH_DEST' => 'document'
    'HTTP_ACCEPT_ENCODING' => 'gzip, deflate, br, zstd'
    'HTTP_ACCEPT_LANGUAGE' => 'en-US,en;q=0.9'
    'HTTP_COOKIE' => '_identity=c9d587cb0271a088ea197add5e42d86406c7b25fbdd162324ebf2087c39fba2ea%3A2%3A%7Bi%3A0%3Bs%3A9%3A%22_identity%22%3Bi%3A1%3Bs%3A46%3A%22%5B1%2C%22ZTvuKPCaORTycV__A6yDLz26H2TIxu2t%22%2C2592000%5D%22%3B%7D; pma_lang=en; phpMyAdmin=110d539339a2258037bef088aab1fe26'
    'PATH' => '/usr/local/sbin:/usr/local/bin:/usr/sbin:/usr/bin:/sbin:/bin'
    'SERVER_SIGNATURE' => '<address>Apache/2.4.65 (Debian) Server at localhost Port 8080</address>
'
    'SERVER_SOFTWARE' => 'Apache/2.4.65 (Debian)'
    'SERVER_NAME' => 'localhost'
    'SERVER_ADDR' => '172.21.0.4'
    'SERVER_PORT' => '8080'
    'REMOTE_ADDR' => '172.21.0.1'
    'DOCUMENT_ROOT' => '/var/www/html/api/web'
    'REQUEST_SCHEME' => 'http'
    'CONTEXT_PREFIX' => ''
    'CONTEXT_DOCUMENT_ROOT' => '/var/www/html/api/web'
    'SERVER_ADMIN' => '[no address given]'
    'SCRIPT_FILENAME' => '/var/www/html/api/web/index.php'
    'REMOTE_PORT' => '41544'
    'GATEWAY_INTERFACE' => 'CGI/1.1'
    'SERVER_PROTOCOL' => 'HTTP/1.1'
    'REQUEST_METHOD' => 'GET'
    'QUERY_STRING' => ''
    'REQUEST_URI' => '/'
    'SCRIPT_NAME' => '/index.php'
    'PHP_SELF' => '/index.php'
    'REQUEST_TIME_FLOAT' => 1764165227.1392
    'REQUEST_TIME' => 1764165227
    'argv' => []
    'argc' => 0
]
